timestamp,level_name,level_type,level_price,regime,touch_number,approach_momentum,dist_from_prior_close,approached_from_below,outcome,direction,resolve_price,bars_to_resolve,max_up,max_down
2026-07-15 22:25:00,R2,Session,52869,NEG,1,-4.67,485,1,BREAK,UP,52891,4,23,13
2026-07-16 04:00:00,R2,Session,52869,NEG,1,-8.33,473,1,BREAK,DOWN,52846,1,0,37
2026-07-16 05:40:00,R2,Session,52869,NEG,2,-4.67,488,1,BREAK,DOWN,52852,3,5,23
2026-07-16 07:55:00,R2,Session,52869,NEG,3,-3,503,0,BREAK,UP,52967,1,98,0
2026-07-16 10:05:00,R2,Session,52869,NEG,4,-22.33,490,1,BREAK,UP,52929,1,60,3
2026-07-16 11:35:00,PMH,PriorMonth,53097,NEG,1,4,666,1,BREAK,DOWN,53076,1,0,88
2026-07-16 11:35:00,R3,Session,53105,NEG,1,4,666,1,BREAK,DOWN,53076,1,0,96
2026-07-16 12:30:00,R2,Session,52869,NEG,5,-24,471,1,REJECT,DOWN,52860,1,1,44
2026-07-16 13:35:00,R2,Session,52869,NEG,6,-24,510,0,BREAK,DOWN,52849,1,39,28
2026-07-16 15:20:00,PMC,PriorMonth,52670,NEG,1,-6.67,312,0,BREAK,UP,52718,1,51,0
2026-07-16 15:40:00,PWM,PriorWeek,52644,NEG,1,1.67,252,1,REJECT,DOWN,52643,1,4,31
2026-07-16 20:15:00,PMC,PriorMonth,52670,NEG,2,-1.67,295,1,BREAK,DOWN,52646,2,5,27
2026-07-16 20:20:00,PWM,PriorWeek,52644,NEG,2,-15.67,271,0,REJECT,UP,52655,1,24,0
2026-07-16 23:05:00,R1,Session,52471,NEG,1,-4,116,0,BREAK,UP,52496,1,33,0
2026-07-17 00:50:00,PWC,PriorWeek,52375,NEG,1,-10.67,0,1,BREAK,UP,52407,3,37,15
2026-07-17 01:40:00,PWC,PriorWeek,52375,NEG,2,-1.33,-13,1,BREAK,DOWN,52335,1,0,52
2026-07-17 01:45:00,ONH,Overnight,52326,NEG,1,-8,-40,0,BREAK,UP,52358,1,32,0
2026-07-17 02:35:00,R1,Session,52471,NEG,1,17.33,92,1,BREAK,UP,52488,1,18,8
2026-07-17 03:35:00,R1,Session,52471,NEG,2,1,126,0,BREAK,UP,52494,1,44,0
2026-07-17 04:35:00,R1,Session,52471,NEG,3,-22.33,100,0,BREAK,DOWN,52441,1,27,33
2026-07-17 05:10:00,PWC,PriorWeek,52375,NEG,3,0.33,17,0,BREAK,UP,52390,1,28,0
2026-07-17 06:25:00,R1,Session,52471,NEG,4,9,86,1,BREAK,DOWN,52455,1,0,34
2026-07-17 07:25:00,R1,Session,52471,NEG,5,-22.67,99,0,BREAK,DOWN,52455,1,2,21
2026-07-17 08:25:00,R1,Session,52471,NEG,6,-10,84,1,REJECT,DOWN,52469,1,6,22
2026-07-17 09:05:00,PWC,PriorWeek,52375,NEG,4,-22,-6,1,BREAK,DOWN,52306,1,0,72
2026-07-17 09:10:00,Call Wall 0DTE,Gamma,52300,NEG,1,-25.67,-69,0,BREAK,DOWN,52281,1,16,38
2026-07-17 09:10:00,ONH,Overnight,52326,NEG,2,-25.67,-69,1,BREAK,DOWN,52281,1,0,64
2026-07-17 09:10:00,Y-Mid,Session,52316,NEG,1,-25.67,-69,1,BREAK,DOWN,52281,1,0,54
2026-07-17 09:30:00,Pivot,Session,52235,NEG,1,-10.33,-123,0,REJECT,UP,52242,1,76,7
2026-07-17 09:40:00,PWL,PriorWeek,52174,NEG,1,-10.33,-104,0,BREAK,UP,52459,1,299,0
2026-07-17 09:40:00,ONM,Overnight,52180,NEG,1,-10.33,-104,0,BREAK,UP,52459,1,293,0
2026-07-17 09:45:00,R1,Session,52471,NEG,7,-1.33,84,1,BREAK,UP,52562,1,145,24
2026-07-17 09:55:00,PMC,PriorMonth,52670,NEG,1,106.67,346,0,BREAK,DOWN,52644,1,62,26
2026-07-17 10:00:00,PWM,PriorWeek,52644,NEG,1,106.67,346,0,BREAK,UP,52710,2,88,7
2026-07-17 11:10:00,PMC,PriorMonth,52670,NEG,2,12,306,0,BREAK,UP,52696,1,49,0
2026-07-17 11:20:00,PWM,PriorWeek,52644,NEG,2,-10.67,279,0,REJECT,UP,52654,1,31,31
2026-07-17 12:10:00,PMC,PriorMonth,52670,NEG,3,11.67,268,1,REJECT,DOWN,52662,1,0,55
2026-07-17 12:30:00,PWM,PriorWeek,52644,NEG,3,7.33,228,1,BREAK,DOWN,52629,1,9,47
2026-07-17 14:05:00,R1,Session,52471,NEG,8,-21.33,103,0,REJECT,UP,52476,1,33,5
2026-07-17 15:20:00,PWC,PriorWeek,52375,NEG,5,-22.33,-4,1,REJECT,UP,52382,1,23,11
2026-07-17 16:10:00,ONH,Overnight,52326,NEG,3,-14.67,-41,0,BREAK,UP,52342,1,24,0
2026-07-17 16:20:00,Y-Mid,Session,52316,NEG,2,-22.33,-42,0,BREAK,UP,52340,1,29,0
2026-07-19 18:05:00,PWC,PriorWeek,52375,NEG,6,8.67,-10,1,BREAK,DOWN,52284,5,18,101
2026-07-19 18:10:00,Call Wall 0DTE,Gamma,52300,NEG,1,-1.33,-91,1,REJECT,DOWN,52290,1,0,62
2026-07-19 18:15:00,Pivot,Session,52235,NEG,1,-31,-85,0,BREAK,UP,52287,1,59,0
2026-07-19 18:30:00,ONH,Overnight,52326,NEG,1,7.67,-71,1,BREAK,DOWN,52281,1,0,46
2026-07-19 18:30:00,Y-Mid,Session,52316,NEG,1,7.67,-71,1,BREAK,DOWN,52281,1,0,36
2026-07-19 19:30:00,Y-Mid,Session,52316,NEG,2,0.33,-60,1,REJECT,UP,52318,1,24,3
2026-07-19 19:40:00,ONH,Overnight,52326,NEG,2,0.33,-60,1,REJECT,UP,52334,3,23,18
2026-07-19 20:15:00,PWC,PriorWeek,52375,NEG,1,11,14,0,REJECT,UP,52383,1,24,0
2026-07-19 21:25:00,PWC,PriorWeek,52375,NEG,2,6.67,17,0,REJECT,UP,52385,3,23,17
2026-07-19 21:55:00,ONH,Overnight,52326,NEG,3,-11,-52,1,BREAK,DOWN,52283,2,4,43
2026-07-19 21:55:00,Y-Mid,Session,52316,NEG,3,-11,-52,0,BREAK,DOWN,52283,2,14,33
2026-07-19 22:05:00,Call Wall 0DTE,Gamma,52300,NEG,2,-11.67,-92,1,BREAK,UP,52341,2,46,18
2026-07-19 22:50:00,ONH,Overnight,52326,NEG,4,11.67,-29,0,BREAK,UP,52345,1,28,0
2026-07-19 23:20:00,Y-Mid,Session,52316,NEG,4,-3,-54,0,BREAK,UP,52333,2,23,3
2026-07-20 00:25:00,Y-Mid,Session,52316,NEG,1,-7,-51,0,BREAK,UP,52339,1,23,0
2026-07-20 00:30:00,ONH,Overnight,52326,NEG,1,-5.67,-45,0,BREAK,UP,52362,4,36,14
2026-07-20 00:50:00,PWC,PriorWeek,52375,NEG,1,13.67,1,0,BREAK,UP,52396,2,21,0
2026-07-20 01:55:00,ONH,Overnight,52326,NEG,2,-12.33,-41,0,HOLD,NONE,52315,6,16,11
2026-07-20 02:20:00,Call Wall 0DTE,Gamma,52300,NEG,1,-3,-51,0,REJECT,UP,52304,2,21,0
2026-07-20 02:20:00,Y-Mid,Session,52316,NEG,2,-1,-50,0,HOLD,NONE,52304,6,14,14
2026-07-20 03:20:00,ONH,Overnight,52326,NEG,3,-0.33,-54,1,REJECT,DOWN,52313,3,0,26
2026-07-20 03:25:00,Call Wall 0DTE,Gamma,52300,NEG,2,6,-62,0,BREAK,UP,52354,1,67,0
2026-07-20 03:25:00,Y-Mid,Session,52316,NEG,3,-0.33,-54,0,BREAK,UP,52354,4,51,16
2026-07-20 03:35:00,PWC,PriorWeek,52375,NEG,2,12,6,0,BREAK,UP,52435,1,65,0
2026-07-20 03:55:00,R1,Session,52471,NEG,1,26,49,1,BREAK,DOWN,52410,1,0,67
2026-07-20 05:25:00,R1,Session,52471,NEG,2,2.33,86,1,BREAK,UP,52500,4,33,16
2026-07-20 06:30:00,R1,Session,52471,NEG,3,-12,91,1,BREAK,UP,52486,2,17,6
2026-07-20 07:35:00,R1,Session,52471,NEG,4,-5,100,0,BREAK,UP,52598,1,151,0
2026-07-20 08:40:00,R1,Session,52471,NEG,5,-14.67,120,0,REJECT,UP,52481,2,33,9
2026-07-20 09:35:00,R1,Session,52471,NEG,6,8.67,116,0,BREAK,UP,52512,1,162,0
2026-07-20 10:00:00,PWC,PriorWeek,52375,NEG,3,-30,-33,1,BREAK,DOWN,52319,1,0,56
2026-07-20 10:05:00,ONH,Overnight,52326,NEG,4,-58,-56,1,REJECT,DOWN,52320,1,52,26
2026-07-20 10:05:00,Y-Mid,Session,52316,NEG,4,-58,-56,0,REJECT,UP,52320,1,62,16
2026-07-20 10:10:00,Call Wall 0DTE,Gamma,52300,NEG,3,-52,-55,0,BREAK,DOWN,52264,1,35,41
2026-07-20 10:30:00,Pivot,Session,52235,NEG,1,-22,-134,0,REJECT,UP,52245,1,22,15
2026-07-20 10:45:00,PWL,PriorWeek,52174,NEG,1,-17.33,-147,0,BREAK,UP,52198,1,75,0
2026-07-20 10:45:00,ONM,Overnight,52180,NEG,1,-17.33,-147,0,BREAK,UP,52198,1,69,0
2026-07-20 11:30:00,Pivot,Session,52235,NEG,2,18,-107,0,BREAK,UP,52277,1,55,0
2026-07-20 12:20:00,Call Wall 0DTE,Gamma,52300,NEG,4,2,-81,1,REJECT,DOWN,52287,1,0,40
2026-07-20 12:40:00,Pivot,Session,52235,NEG,3,-8.67,-138,0,BREAK,UP,52272,1,37,0
2026-07-20 12:50:00,PWL,PriorWeek,52174,NEG,2,-9,-139,0,BREAK,UP,52278,1,112,0
2026-07-20 12:50:00,ONM,Overnight,52180,NEG,2,-9,-139,0,BREAK,UP,52278,1,106,0
2026-07-20 14:05:00,PWL,PriorWeek,52174,NEG,3,-7.33,-197,0,BREAK,UP,52206,2,50,19
2026-07-20 14:05:00,ONM,Overnight,52180,NEG,3,-7.33,-197,1,BREAK,UP,52206,2,44,25
2026-07-20 14:25:00,Pivot,Session,52235,NEG,4,12.33,-141,1,BREAK,DOWN,52170,1,5,66
2026-07-20 14:55:00,ONL,Overnight,52035,NEG,1,-48.33,-328,0,BREAK,UP,52072,1,45,0
2026-07-20 15:25:00,Put Wall 0DTE,Gamma,52000,NEG,1,-18,-345,0,BREAK,UP,52063,1,71,0
2026-07-20 15:25:00,Put Wall,Gamma,52000,NEG,1,-18,-345,0,BREAK,UP,52063,1,71,0
2026-07-20 18:10:00,ONL,Overnight,52035,NEG,2,12.33,-298,0,BREAK,UP,52070,1,41,0
2026-07-20 20:25:00,ONL,Overnight,52035,NEG,3,-13.33,-293,0,BREAK,UP,52070,1,48,0
2026-07-20 23:55:00,PWL,PriorWeek,52174,NEG,4,4.33,-204,1,HOLD,NONE,52181,6,8,11
2026-07-21 00:00:00,ONM,Overnight,52180,NEG,4,-0.67,-199,1,BREAK,UP,52200,2,21,7
2026-07-21 00:05:00,ONM,Overnight,52180,NEG,1,5,-175,0,BREAK,UP,52212,1,37,0
2026-07-21 01:10:00,Pivot,Session,52235,NEG,1,3.67,-138,0,BREAK,DOWN,52219,6,2,23
2026-07-21 01:45:00,Pivot,Session,52235,NEG,2,10.67,-145,1,BREAK,UP,52261,1,26,1
2026-07-21 03:10:00,Call Wall 0DTE,Gamma,52300,NEG,1,-1.67,-84,1,BREAK,DOWN,52274,1,0,27
2026-07-21 03:10:00,ONH,Overnight,52326,NEG,1,-1.67,-84,1,BREAK,DOWN,52274,1,0,53
2026-07-21 03:10:00,Y-Mid,Session,52316,NEG,1,-1.67,-84,1,BREAK,DOWN,52274,1,0,43
2026-07-21 03:10:00,Pivot,Session,52235,NEG,3,-1.67,-84,0,BREAK,UP,52274,1,65,0
2026-07-21 04:10:00,Pivot,Session,52235,NEG,4,0.33,-171,1,REJECT,DOWN,52234,1,0,35
2026-07-21 05:35:00,Pivot,Session,52235,NEG,5,-8,-140,1,BREAK,UP,52254,1,26,7
2026-07-21 06:35:00,Pivot,Session,52235,NEG,6,6.33,-130,0,BREAK,UP,52308,1,81,0
2026-07-21 06:40:00,Call Wall 0DTE,Gamma,52300,NEG,2,0.67,-67,0,REJECT,UP,52301,1,26,0
2026-07-21 06:40:00,Y-Mid,Session,52316,NEG,2,0.67,-67,1,BREAK,DOWN,52301,1,10,15
2026-07-21 06:45:00,ONH,Overnight,52326,NEG,2,21,-74,1,BREAK,DOWN,52308,1,0,37
2026-07-21 07:45:00,Pivot,Session,52235,NEG,7,-10.33,-163,1,BREAK,DOWN,52218,3,19,19
2026-07-21 08:10:00,ONM,Overnight,52180,NEG,2,-6.67,-187,0,BREAK,UP,52204,1,40,0
2026-07-21 08:25:00,PWL,PriorWeek,52174,NEG,1,3.67,-200,0,BREAK,UP,52195,1,25,8
2026-07-21 09:10:00,ONM,Overnight,52180,NEG,3,17,-176,0,BREAK,UP,52199,1,36,0
2026-07-21 09:25:00,Pivot,Session,52235,NEG,8,7.33,-134,0,BREAK,UP,52260,1,25,2
2026-07-21 09:40:00,Call Wall 0DTE,Gamma,52300,NEG,3,10.33,-93,1,BREAK,DOWN,52199,1,0,106
2026-07-21 09:50:00,PWL,PriorWeek,52174,NEG,2,-20.33,-268,1,REJECT,UP,52187,1,29,67
2026-07-21 10:10:00,ONH,Overnight,52326,NEG,3,37,-51,1,REJECT,UP,52333,1,46,38
2026-07-21 10:10:00,Y-Mid,Session,52316,NEG,3,37,-51,0,BREAK,UP,52333,1,56,28
2026-07-21 10:20:00,PWC,PriorWeek,52375,NEG,1,45.67,-42,1,REJECT,DOWN,52367,2,14,58
2026-07-21 10:45:00,Call Wall 0DTE,Gamma,52300,NEG,4,7.67,-69,0,BREAK,UP,52317,1,32,19
2026-07-21 11:10:00,ONH,Overnight,52326,NEG,4,1.33,-56,1,BREAK,UP,52344,1,28,17
2026-07-21 11:10:00,Y-Mid,Session,52316,NEG,4,1.33,-56,0,BREAK,UP,52344,1,38,7
2026-07-21 11:25:00,PWC,PriorWeek,52375,NEG,2,11.67,27,0,REJECT,UP,52384,1,66,0
2026-07-21 12:20:00,R1,Session,52471,NEG,1,8.67,97,0,BREAK,UP,52494,1,32,0
2026-07-21 13:40:00,R1,Session,52471,NEG,2,-12,102,0,BREAK,UP,52496,1,36,0
2026-07-21 21:30:00,PWC,PriorWeek,52375,NEG,3,-7,2,0,BREAK,UP,52390,1,22,0
2026-07-22 08:30:00,ONH,Overnight,52326,NEG,1,3,-53,1,BREAK,UP,52348,1,22,11
2026-07-22 08:30:00,Y-Mid,Session,52316,NEG,1,3,-53,0,BREAK,UP,52348,1,32,1
2026-07-22 08:40:00,PWC,PriorWeek,52375,NEG,1,-25.33,10,0,BREAK,UP,52390,1,22,0
2026-07-22 09:05:00,Call Wall 0DTE,Gamma,52300,NEG,1,-6.67,-33,0,BREAK,UP,52368,1,68,0
2026-07-22 09:40:00,PWC,PriorWeek,52375,NEG,2,27.33,145,0,BREAK,UP,52519,1,186,0
2026-07-22 09:40:00,R1,Session,52471,NEG,1,27.33,145,0,BREAK,UP,52519,1,90,0
2026-07-15 22:25:00,R2,Session,52869,NEG,1,-4.67,485,1,BREAK,UP,52891,4,23,13
2026-07-16 04:00:00,R2,Session,52869,NEG,1,-8.33,473,1,BREAK,DOWN,52846,1,0,37
2026-07-16 05:40:00,R2,Session,52869,NEG,2,-4.67,488,1,BREAK,DOWN,52852,3,5,23
2026-07-16 07:55:00,R2,Session,52869,NEG,3,-3,503,0,BREAK,UP,52967,1,98,0
2026-07-16 10:05:00,R2,Session,52869,NEG,4,-22.33,490,1,BREAK,UP,52929,1,60,3
2026-07-16 11:35:00,PMH,PriorMonth,53097,NEG,1,4,666,1,BREAK,DOWN,53076,1,0,88
2026-07-16 11:35:00,R3,Session,53105,NEG,1,4,666,1,BREAK,DOWN,53076,1,0,96
2026-07-16 12:30:00,R2,Session,52869,NEG,5,-24,471,1,REJECT,DOWN,52860,1,1,44
2026-07-16 13:35:00,R2,Session,52869,NEG,6,-24,510,0,BREAK,DOWN,52849,1,39,28
2026-07-16 15:20:00,PMC,PriorMonth,52670,NEG,1,-6.67,312,0,BREAK,UP,52718,1,51,0
2026-07-16 15:40:00,PWM,PriorWeek,52644,NEG,1,1.67,252,1,REJECT,DOWN,52643,1,4,31
2026-07-16 20:15:00,PMC,PriorMonth,52670,NEG,2,-1.67,295,1,BREAK,DOWN,52646,2,5,27
2026-07-16 20:20:00,PWM,PriorWeek,52644,NEG,2,-15.67,271,0,REJECT,UP,52655,1,24,0
2026-07-16 23:05:00,R1,Session,52471,NEG,1,-4,116,0,BREAK,UP,52496,1,33,0
2026-07-17 00:50:00,PWC,PriorWeek,52375,NEG,1,-10.67,0,1,BREAK,UP,52407,3,37,15
2026-07-17 01:40:00,PWC,PriorWeek,52375,NEG,2,-1.33,-13,1,BREAK,DOWN,52335,1,0,52
2026-07-17 01:45:00,ONH,Overnight,52326,NEG,1,-8,-40,0,BREAK,UP,52358,1,32,0
2026-07-17 02:35:00,R1,Session,52471,NEG,1,17.33,92,1,BREAK,UP,52488,1,18,8
2026-07-17 03:35:00,R1,Session,52471,NEG,2,1,126,0,BREAK,UP,52494,1,44,0
2026-07-17 04:35:00,R1,Session,52471,NEG,3,-22.33,100,0,BREAK,DOWN,52441,1,27,33
2026-07-17 05:10:00,PWC,PriorWeek,52375,NEG,3,0.33,17,0,BREAK,UP,52390,1,28,0
2026-07-17 06:25:00,R1,Session,52471,NEG,4,9,86,1,BREAK,DOWN,52455,1,0,34
2026-07-17 07:25:00,R1,Session,52471,NEG,5,-22.67,99,0,BREAK,DOWN,52455,1,2,21
2026-07-17 08:25:00,R1,Session,52471,NEG,6,-10,84,1,REJECT,DOWN,52469,1,6,22
2026-07-17 09:05:00,PWC,PriorWeek,52375,NEG,4,-22,-6,1,BREAK,DOWN,52306,1,0,72
2026-07-17 09:10:00,Call Wall 0DTE,Gamma,52300,NEG,1,-25.67,-69,0,BREAK,DOWN,52281,1,16,38
2026-07-17 09:10:00,ONH,Overnight,52326,NEG,2,-25.67,-69,1,BREAK,DOWN,52281,1,0,64
2026-07-17 09:10:00,Y-Mid,Session,52316,NEG,1,-25.67,-69,1,BREAK,DOWN,52281,1,0,54
2026-07-17 09:30:00,Pivot,Session,52235,NEG,1,-10.33,-123,0,REJECT,UP,52242,1,76,7
2026-07-17 09:40:00,PWL,PriorWeek,52174,NEG,1,-10.33,-104,0,BREAK,UP,52459,1,299,0
2026-07-17 09:40:00,ONM,Overnight,52180,NEG,1,-10.33,-104,0,BREAK,UP,52459,1,293,0
2026-07-17 09:45:00,R1,Session,52471,NEG,7,-1.33,84,1,BREAK,UP,52562,1,145,24
2026-07-17 09:55:00,PMC,PriorMonth,52670,NEG,1,106.67,346,0,BREAK,DOWN,52644,1,62,26
2026-07-17 10:00:00,PWM,PriorWeek,52644,NEG,1,106.67,346,0,BREAK,UP,52710,2,88,7
2026-07-17 11:10:00,PMC,PriorMonth,52670,NEG,2,12,306,0,BREAK,UP,52696,1,49,0
2026-07-17 11:20:00,PWM,PriorWeek,52644,NEG,2,-10.67,279,0,REJECT,UP,52654,1,31,31
2026-07-17 12:10:00,PMC,PriorMonth,52670,NEG,3,11.67,268,1,REJECT,DOWN,52662,1,0,55
2026-07-17 12:30:00,PWM,PriorWeek,52644,NEG,3,7.33,228,1,BREAK,DOWN,52629,1,9,47
2026-07-17 14:05:00,R1,Session,52471,NEG,8,-21.33,103,0,REJECT,UP,52476,1,33,5
2026-07-17 15:20:00,PWC,PriorWeek,52375,NEG,5,-22.33,-4,1,REJECT,UP,52382,1,23,11
2026-07-17 16:10:00,ONH,Overnight,52326,NEG,3,-14.67,-41,0,BREAK,UP,52342,1,24,0
2026-07-17 16:20:00,Y-Mid,Session,52316,NEG,2,-22.33,-42,0,BREAK,UP,52340,1,29,0
2026-07-19 18:05:00,PWC,PriorWeek,52375,NEG,6,8.67,-10,1,BREAK,DOWN,52284,5,18,101
2026-07-19 18:10:00,Call Wall 0DTE,Gamma,52300,NEG,1,-1.33,-91,1,REJECT,DOWN,52290,1,0,62
2026-07-19 18:15:00,Pivot,Session,52235,NEG,1,-31,-85,0,BREAK,UP,52287,1,59,0
2026-07-19 18:30:00,ONH,Overnight,52326,NEG,1,7.67,-71,1,BREAK,DOWN,52281,1,0,46
2026-07-19 18:30:00,Y-Mid,Session,52316,NEG,1,7.67,-71,1,BREAK,DOWN,52281,1,0,36
2026-07-19 19:30:00,Y-Mid,Session,52316,NEG,2,0.33,-60,1,REJECT,UP,52318,1,24,3
2026-07-19 19:40:00,ONH,Overnight,52326,NEG,2,0.33,-60,1,REJECT,UP,52334,3,23,18
2026-07-19 20:15:00,PWC,PriorWeek,52375,NEG,1,11,14,0,REJECT,UP,52383,1,24,0
2026-07-19 21:25:00,PWC,PriorWeek,52375,NEG,2,6.67,17,0,REJECT,UP,52385,3,23,17
2026-07-19 21:55:00,ONH,Overnight,52326,NEG,3,-11,-52,1,BREAK,DOWN,52283,2,4,43
2026-07-19 21:55:00,Y-Mid,Session,52316,NEG,3,-11,-52,0,BREAK,DOWN,52283,2,14,33
2026-07-19 22:05:00,Call Wall 0DTE,Gamma,52300,NEG,2,-11.67,-92,1,BREAK,UP,52341,2,46,18
2026-07-19 22:50:00,ONH,Overnight,52326,NEG,4,11.67,-29,0,BREAK,UP,52345,1,28,0
2026-07-19 23:20:00,Y-Mid,Session,52316,NEG,4,-3,-54,0,BREAK,UP,52333,2,23,3
2026-07-20 00:25:00,Y-Mid,Session,52316,NEG,1,-7,-51,0,BREAK,UP,52339,1,23,0
2026-07-20 00:30:00,ONH,Overnight,52326,NEG,1,-5.67,-45,0,BREAK,UP,52362,4,36,14
2026-07-20 00:50:00,PWC,PriorWeek,52375,NEG,1,13.67,1,0,BREAK,UP,52396,2,21,0
2026-07-20 01:55:00,ONH,Overnight,52326,NEG,2,-12.33,-41,0,HOLD,NONE,52315,6,16,11
2026-07-20 02:20:00,Call Wall 0DTE,Gamma,52300,NEG,1,-3,-51,0,REJECT,UP,52304,2,21,0
2026-07-20 02:20:00,Y-Mid,Session,52316,NEG,2,-1,-50,0,HOLD,NONE,52304,6,14,14
2026-07-20 03:20:00,ONH,Overnight,52326,NEG,3,-0.33,-54,1,REJECT,DOWN,52313,3,0,26
2026-07-20 03:25:00,Call Wall 0DTE,Gamma,52300,NEG,2,6,-62,0,BREAK,UP,52354,1,67,0
2026-07-20 03:25:00,Y-Mid,Session,52316,NEG,3,-0.33,-54,0,BREAK,UP,52354,4,51,16
2026-07-20 03:35:00,PWC,PriorWeek,52375,NEG,2,12,6,0,BREAK,UP,52435,1,65,0
2026-07-20 03:55:00,R1,Session,52471,NEG,1,26,49,1,BREAK,DOWN,52410,1,0,67
2026-07-20 05:25:00,R1,Session,52471,NEG,2,2.33,86,1,BREAK,UP,52500,4,33,16
2026-07-20 06:30:00,R1,Session,52471,NEG,3,-12,91,1,BREAK,UP,52486,2,17,6
2026-07-20 07:35:00,R1,Session,52471,NEG,4,-5,100,0,BREAK,UP,52598,1,151,0
2026-07-20 08:40:00,R1,Session,52471,NEG,5,-14.67,120,0,REJECT,UP,52481,2,33,9
2026-07-20 09:35:00,R1,Session,52471,NEG,6,8.67,116,0,BREAK,UP,52512,1,162,0
2026-07-20 10:00:00,PWC,PriorWeek,52375,NEG,3,-30,-33,1,BREAK,DOWN,52319,1,0,56
2026-07-20 10:05:00,ONH,Overnight,52326,NEG,4,-58,-56,1,REJECT,DOWN,52320,1,52,26
2026-07-20 10:05:00,Y-Mid,Session,52316,NEG,4,-58,-56,0,REJECT,UP,52320,1,62,16
2026-07-20 10:10:00,Call Wall 0DTE,Gamma,52300,NEG,3,-52,-55,0,BREAK,DOWN,52264,1,35,41
2026-07-20 10:30:00,Pivot,Session,52235,NEG,1,-22,-134,0,REJECT,UP,52245,1,22,15
2026-07-20 10:45:00,PWL,PriorWeek,52174,NEG,1,-17.33,-147,0,BREAK,UP,52198,1,75,0
2026-07-20 10:45:00,ONM,Overnight,52180,NEG,1,-17.33,-147,0,BREAK,UP,52198,1,69,0
2026-07-20 11:30:00,Pivot,Session,52235,NEG,2,18,-107,0,BREAK,UP,52277,1,55,0
2026-07-20 12:20:00,Call Wall 0DTE,Gamma,52300,NEG,4,2,-81,1,REJECT,DOWN,52287,1,0,40
2026-07-20 12:40:00,Pivot,Session,52235,NEG,3,-8.67,-138,0,BREAK,UP,52272,1,37,0
2026-07-20 12:50:00,PWL,PriorWeek,52174,NEG,2,-9,-139,0,BREAK,UP,52278,1,112,0
2026-07-20 12:50:00,ONM,Overnight,52180,NEG,2,-9,-139,0,BREAK,UP,52278,1,106,0
2026-07-20 14:05:00,PWL,PriorWeek,52174,NEG,3,-7.33,-197,0,BREAK,UP,52206,2,50,19
2026-07-20 14:05:00,ONM,Overnight,52180,NEG,3,-7.33,-197,1,BREAK,UP,52206,2,44,25
2026-07-20 14:25:00,Pivot,Session,52235,NEG,4,12.33,-141,1,BREAK,DOWN,52170,1,5,66
2026-07-20 14:55:00,ONL,Overnight,52035,NEG,1,-48.33,-328,0,BREAK,UP,52072,1,45,0
2026-07-20 15:25:00,Put Wall 0DTE,Gamma,52000,NEG,1,-18,-345,0,BREAK,UP,52063,1,71,0
2026-07-20 15:25:00,Put Wall,Gamma,52000,NEG,1,-18,-345,0,BREAK,UP,52063,1,71,0
2026-07-20 18:10:00,ONL,Overnight,52035,NEG,2,12.33,-298,0,BREAK,UP,52070,1,41,0
2026-07-20 20:25:00,ONL,Overnight,52035,NEG,3,-13.33,-293,0,BREAK,UP,52070,1,48,0
2026-07-20 23:55:00,PWL,PriorWeek,52174,NEG,4,4.33,-204,1,HOLD,NONE,52181,6,8,11
2026-07-21 00:00:00,ONM,Overnight,52180,NEG,4,-0.67,-199,1,BREAK,UP,52200,2,21,7
2026-07-21 00:05:00,ONM,Overnight,52180,NEG,1,5,-175,0,BREAK,UP,52212,1,37,0
2026-07-21 01:10:00,Pivot,Session,52235,NEG,1,3.67,-138,0,BREAK,DOWN,52219,6,2,23
2026-07-21 01:45:00,Pivot,Session,52235,NEG,2,10.67,-145,1,BREAK,UP,52261,1,26,1
2026-07-21 03:10:00,Call Wall 0DTE,Gamma,52300,NEG,1,-1.67,-84,1,BREAK,DOWN,52274,1,0,27
2026-07-21 03:10:00,ONH,Overnight,52326,NEG,1,-1.67,-84,1,BREAK,DOWN,52274,1,0,53
2026-07-21 03:10:00,Y-Mid,Session,52316,NEG,1,-1.67,-84,1,BREAK,DOWN,52274,1,0,43
2026-07-21 03:10:00,Pivot,Session,52235,NEG,3,-1.67,-84,0,BREAK,UP,52274,1,65,0
2026-07-21 04:10:00,Pivot,Session,52235,NEG,4,0.33,-171,1,REJECT,DOWN,52234,1,0,35
2026-07-21 05:35:00,Pivot,Session,52235,NEG,5,-8,-140,1,BREAK,UP,52254,1,26,7
2026-07-21 06:35:00,Pivot,Session,52235,NEG,6,6.33,-130,0,BREAK,UP,52308,1,81,0
2026-07-21 06:40:00,Call Wall 0DTE,Gamma,52300,NEG,2,0.67,-67,0,REJECT,UP,52301,1,26,0
2026-07-21 06:40:00,Y-Mid,Session,52316,NEG,2,0.67,-67,1,BREAK,DOWN,52301,1,10,15
2026-07-21 06:45:00,ONH,Overnight,52326,NEG,2,21,-74,1,BREAK,DOWN,52308,1,0,37
2026-07-21 07:45:00,Pivot,Session,52235,NEG,7,-10.33,-163,1,BREAK,DOWN,52218,3,19,19
2026-07-21 08:10:00,ONM,Overnight,52180,NEG,2,-6.67,-187,0,BREAK,UP,52204,1,40,0
2026-07-21 08:25:00,PWL,PriorWeek,52174,NEG,1,3.67,-200,0,BREAK,UP,52195,1,25,8
2026-07-21 09:10:00,ONM,Overnight,52180,NEG,3,17,-176,0,BREAK,UP,52199,1,36,0
2026-07-21 09:25:00,Pivot,Session,52235,NEG,8,7.33,-134,0,BREAK,UP,52260,1,25,2
2026-07-21 09:40:00,Call Wall 0DTE,Gamma,52300,NEG,3,10.33,-93,1,BREAK,DOWN,52199,1,0,106
2026-07-21 09:50:00,PWL,PriorWeek,52174,NEG,2,-20.33,-268,1,REJECT,UP,52187,1,29,67
2026-07-21 10:10:00,ONH,Overnight,52326,NEG,3,37,-51,1,REJECT,UP,52333,1,46,38
2026-07-21 10:10:00,Y-Mid,Session,52316,NEG,3,37,-51,0,BREAK,UP,52333,1,56,28
2026-07-21 10:20:00,PWC,PriorWeek,52375,NEG,1,45.67,-42,1,REJECT,DOWN,52367,2,14,58
2026-07-21 10:45:00,Call Wall 0DTE,Gamma,52300,NEG,4,7.67,-69,0,BREAK,UP,52317,1,32,19
2026-07-21 11:10:00,ONH,Overnight,52326,NEG,4,1.33,-56,1,BREAK,UP,52344,1,28,17
2026-07-21 11:10:00,Y-Mid,Session,52316,NEG,4,1.33,-56,0,BREAK,UP,52344,1,38,7
2026-07-21 11:25:00,PWC,PriorWeek,52375,NEG,2,11.67,27,0,REJECT,UP,52384,1,66,0
2026-07-21 12:20:00,R1,Session,52471,NEG,1,8.67,97,0,BREAK,UP,52494,1,32,0
2026-07-21 13:40:00,R1,Session,52471,NEG,2,-12,102,0,BREAK,UP,52496,1,36,0
2026-07-21 21:30:00,PWC,PriorWeek,52375,NEG,3,-7,2,0,BREAK,UP,52390,1,22,0
2026-07-22 08:30:00,ONH,Overnight,52326,NEG,1,3,-53,1,BREAK,UP,52348,1,22,11
2026-07-22 08:30:00,Y-Mid,Session,52316,NEG,1,3,-53,0,BREAK,UP,52348,1,32,1
2026-07-22 08:40:00,PWC,PriorWeek,52375,NEG,1,-25.33,10,0,BREAK,UP,52390,1,22,0
2026-07-22 09:05:00,Call Wall 0DTE,Gamma,52300,NEG,1,-6.67,-33,0,BREAK,UP,52368,1,68,0
2026-07-22 09:40:00,PWC,PriorWeek,52375,NEG,2,27.33,145,0,BREAK,UP,52519,1,186,0
2026-07-22 09:40:00,R1,Session,52471,NEG,1,27.33,145,0,BREAK,UP,52519,1,90,0
2026-07-15 22:25:00,R2,Session,52869,NEG,1,-4.67,485,1,BREAK,UP,52891,4,23,13
2026-07-16 04:00:00,R2,Session,52869,NEG,1,-8.33,473,1,BREAK,DOWN,52846,1,0,37
2026-07-16 05:40:00,R2,Session,52869,NEG,2,-4.67,488,1,BREAK,DOWN,52852,3,5,23
2026-07-16 07:55:00,R2,Session,52869,NEG,3,-3,503,0,BREAK,UP,52967,1,98,0
2026-07-16 10:05:00,R2,Session,52869,NEG,4,-22.33,490,1,BREAK,UP,52929,1,60,3
2026-07-16 11:35:00,PMH,PriorMonth,53097,NEG,1,4,666,1,BREAK,DOWN,53076,1,0,88
2026-07-16 11:35:00,R3,Session,53105,NEG,1,4,666,1,BREAK,DOWN,53076,1,0,96
2026-07-16 12:30:00,R2,Session,52869,NEG,5,-24,471,1,REJECT,DOWN,52860,1,1,44
2026-07-16 13:35:00,R2,Session,52869,NEG,6,-24,510,0,BREAK,DOWN,52849,1,39,28
2026-07-16 15:20:00,PMC,PriorMonth,52670,NEG,1,-6.67,312,0,BREAK,UP,52718,1,51,0
2026-07-16 15:40:00,PWM,PriorWeek,52644,NEG,1,1.67,252,1,REJECT,DOWN,52643,1,4,31
2026-07-16 20:15:00,PMC,PriorMonth,52670,NEG,2,-1.67,295,1,BREAK,DOWN,52646,2,5,27
2026-07-16 20:20:00,PWM,PriorWeek,52644,NEG,2,-15.67,271,0,REJECT,UP,52655,1,24,0
2026-07-16 23:05:00,R1,Session,52471,NEG,1,-4,116,0,BREAK,UP,52496,1,33,0
2026-07-17 00:50:00,PWC,PriorWeek,52375,NEG,1,-10.67,0,1,BREAK,UP,52407,3,37,15
2026-07-17 01:40:00,PWC,PriorWeek,52375,NEG,2,-1.33,-13,1,BREAK,DOWN,52335,1,0,52
2026-07-17 01:45:00,ONH,Overnight,52326,NEG,1,-8,-40,0,BREAK,UP,52358,1,32,0
2026-07-17 02:35:00,R1,Session,52471,NEG,1,17.33,92,1,BREAK,UP,52488,1,18,8
2026-07-17 03:35:00,R1,Session,52471,NEG,2,1,126,0,BREAK,UP,52494,1,44,0
2026-07-17 04:35:00,R1,Session,52471,NEG,3,-22.33,100,0,BREAK,DOWN,52441,1,27,33
2026-07-17 05:10:00,PWC,PriorWeek,52375,NEG,3,0.33,17,0,BREAK,UP,52390,1,28,0
2026-07-17 06:25:00,R1,Session,52471,NEG,4,9,86,1,BREAK,DOWN,52455,1,0,34
2026-07-17 07:25:00,R1,Session,52471,NEG,5,-22.67,99,0,BREAK,DOWN,52455,1,2,21
2026-07-17 08:25:00,R1,Session,52471,NEG,6,-10,84,1,REJECT,DOWN,52469,1,6,22
2026-07-17 09:05:00,PWC,PriorWeek,52375,NEG,4,-22,-6,1,BREAK,DOWN,52306,1,0,72
2026-07-17 09:10:00,Call Wall 0DTE,Gamma,52300,NEG,1,-25.67,-69,0,BREAK,DOWN,52281,1,16,38
2026-07-17 09:10:00,ONH,Overnight,52326,NEG,2,-25.67,-69,1,BREAK,DOWN,52281,1,0,64
2026-07-17 09:10:00,Y-Mid,Session,52316,NEG,1,-25.67,-69,1,BREAK,DOWN,52281,1,0,54
2026-07-17 09:30:00,Pivot,Session,52235,NEG,1,-10.33,-123,0,REJECT,UP,52242,1,76,7
2026-07-17 09:40:00,PWL,PriorWeek,52174,NEG,1,-10.33,-104,0,BREAK,UP,52459,1,299,0
2026-07-17 09:40:00,ONM,Overnight,52180,NEG,1,-10.33,-104,0,BREAK,UP,52459,1,293,0
2026-07-17 09:45:00,R1,Session,52471,NEG,7,-1.33,84,1,BREAK,UP,52562,1,145,24
2026-07-17 09:55:00,PMC,PriorMonth,52670,NEG,1,106.67,346,0,BREAK,DOWN,52644,1,62,26
2026-07-17 10:00:00,PWM,PriorWeek,52644,NEG,1,106.67,346,0,BREAK,UP,52710,2,88,7
2026-07-17 11:10:00,PMC,PriorMonth,52670,NEG,2,12,306,0,BREAK,UP,52696,1,49,0
2026-07-17 11:20:00,PWM,PriorWeek,52644,NEG,2,-10.67,279,0,REJECT,UP,52654,1,31,31
2026-07-17 12:10:00,PMC,PriorMonth,52670,NEG,3,11.67,268,1,REJECT,DOWN,52662,1,0,55
2026-07-17 12:30:00,PWM,PriorWeek,52644,NEG,3,7.33,228,1,BREAK,DOWN,52629,1,9,47
2026-07-17 14:05:00,R1,Session,52471,NEG,8,-21.33,103,0,REJECT,UP,52476,1,33,5
2026-07-17 15:20:00,PWC,PriorWeek,52375,NEG,5,-22.33,-4,1,REJECT,UP,52382,1,23,11
2026-07-17 16:10:00,ONH,Overnight,52326,NEG,3,-14.67,-41,0,BREAK,UP,52342,1,24,0
2026-07-17 16:20:00,Y-Mid,Session,52316,NEG,2,-22.33,-42,0,BREAK,UP,52340,1,29,0
2026-07-19 18:05:00,PWC,PriorWeek,52375,NEG,6,8.67,-10,1,BREAK,DOWN,52284,5,18,101
2026-07-19 18:10:00,Call Wall 0DTE,Gamma,52300,NEG,1,-1.33,-91,1,REJECT,DOWN,52290,1,0,62
2026-07-19 18:15:00,Pivot,Session,52235,NEG,1,-31,-85,0,BREAK,UP,52287,1,59,0
2026-07-19 18:30:00,ONH,Overnight,52326,NEG,1,7.67,-71,1,BREAK,DOWN,52281,1,0,46
2026-07-19 18:30:00,Y-Mid,Session,52316,NEG,1,7.67,-71,1,BREAK,DOWN,52281,1,0,36
2026-07-19 19:30:00,Y-Mid,Session,52316,NEG,2,0.33,-60,1,REJECT,UP,52318,1,24,3
2026-07-19 19:40:00,ONH,Overnight,52326,NEG,2,0.33,-60,1,REJECT,UP,52334,3,23,18
2026-07-19 20:15:00,PWC,PriorWeek,52375,NEG,1,11,14,0,REJECT,UP,52383,1,24,0
2026-07-19 21:25:00,PWC,PriorWeek,52375,NEG,2,6.67,17,0,REJECT,UP,52385,3,23,17
2026-07-19 21:55:00,ONH,Overnight,52326,NEG,3,-11,-52,1,BREAK,DOWN,52283,2,4,43
2026-07-19 21:55:00,Y-Mid,Session,52316,NEG,3,-11,-52,0,BREAK,DOWN,52283,2,14,33
2026-07-19 22:05:00,Call Wall 0DTE,Gamma,52300,NEG,2,-11.67,-92,1,BREAK,UP,52341,2,46,18
2026-07-19 22:50:00,ONH,Overnight,52326,NEG,4,11.67,-29,0,BREAK,UP,52345,1,28,0
2026-07-19 23:20:00,Y-Mid,Session,52316,NEG,4,-3,-54,0,BREAK,UP,52333,2,23,3
2026-07-20 00:25:00,Y-Mid,Session,52316,NEG,1,-7,-51,0,BREAK,UP,52339,1,23,0
2026-07-20 00:30:00,ONH,Overnight,52326,NEG,1,-5.67,-45,0,BREAK,UP,52362,4,36,14
2026-07-20 00:50:00,PWC,PriorWeek,52375,NEG,1,13.67,1,0,BREAK,UP,52396,2,21,0
2026-07-20 01:55:00,ONH,Overnight,52326,NEG,2,-12.33,-41,0,HOLD,NONE,52315,6,16,11
2026-07-20 02:20:00,Call Wall 0DTE,Gamma,52300,NEG,1,-3,-51,0,REJECT,UP,52304,2,21,0
2026-07-20 02:20:00,Y-Mid,Session,52316,NEG,2,-1,-50,0,HOLD,NONE,52304,6,14,14
2026-07-20 03:20:00,ONH,Overnight,52326,NEG,3,-0.33,-54,1,REJECT,DOWN,52313,3,0,26
2026-07-20 03:25:00,Call Wall 0DTE,Gamma,52300,NEG,2,6,-62,0,BREAK,UP,52354,1,67,0
2026-07-20 03:25:00,Y-Mid,Session,52316,NEG,3,-0.33,-54,0,BREAK,UP,52354,4,51,16
2026-07-20 03:35:00,PWC,PriorWeek,52375,NEG,2,12,6,0,BREAK,UP,52435,1,65,0
2026-07-20 03:55:00,R1,Session,52471,NEG,1,26,49,1,BREAK,DOWN,52410,1,0,67
2026-07-20 05:25:00,R1,Session,52471,NEG,2,2.33,86,1,BREAK,UP,52500,4,33,16
2026-07-20 06:30:00,R1,Session,52471,NEG,3,-12,91,1,BREAK,UP,52486,2,17,6
2026-07-20 07:35:00,R1,Session,52471,NEG,4,-5,100,0,BREAK,UP,52598,1,151,0
2026-07-20 08:40:00,R1,Session,52471,NEG,5,-14.67,120,0,REJECT,UP,52481,2,33,9
2026-07-20 09:35:00,R1,Session,52471,NEG,6,8.67,116,0,BREAK,UP,52512,1,162,0
2026-07-20 10:00:00,PWC,PriorWeek,52375,NEG,3,-30,-33,1,BREAK,DOWN,52319,1,0,56
2026-07-20 10:05:00,ONH,Overnight,52326,NEG,4,-58,-56,1,REJECT,DOWN,52320,1,52,26
2026-07-20 10:05:00,Y-Mid,Session,52316,NEG,4,-58,-56,0,REJECT,UP,52320,1,62,16
2026-07-20 10:10:00,Call Wall 0DTE,Gamma,52300,NEG,3,-52,-55,0,BREAK,DOWN,52264,1,35,41
2026-07-20 10:30:00,Pivot,Session,52235,NEG,1,-22,-134,0,REJECT,UP,52245,1,22,15
2026-07-20 10:45:00,PWL,PriorWeek,52174,NEG,1,-17.33,-147,0,BREAK,UP,52198,1,75,0
2026-07-20 10:45:00,ONM,Overnight,52180,NEG,1,-17.33,-147,0,BREAK,UP,52198,1,69,0
2026-07-20 11:30:00,Pivot,Session,52235,NEG,2,18,-107,0,BREAK,UP,52277,1,55,0
2026-07-20 12:20:00,Call Wall 0DTE,Gamma,52300,NEG,4,2,-81,1,REJECT,DOWN,52287,1,0,40
2026-07-20 12:40:00,Pivot,Session,52235,NEG,3,-8.67,-138,0,BREAK,UP,52272,1,37,0
2026-07-20 12:50:00,PWL,PriorWeek,52174,NEG,2,-9,-139,0,BREAK,UP,52278,1,112,0
2026-07-20 12:50:00,ONM,Overnight,52180,NEG,2,-9,-139,0,BREAK,UP,52278,1,106,0
2026-07-20 14:05:00,PWL,PriorWeek,52174,NEG,3,-7.33,-197,0,BREAK,UP,52206,2,50,19
2026-07-20 14:05:00,ONM,Overnight,52180,NEG,3,-7.33,-197,1,BREAK,UP,52206,2,44,25
2026-07-20 14:25:00,Pivot,Session,52235,NEG,4,12.33,-141,1,BREAK,DOWN,52170,1,5,66
2026-07-20 14:55:00,ONL,Overnight,52035,NEG,1,-48.33,-328,0,BREAK,UP,52072,1,45,0
2026-07-20 15:25:00,Put Wall 0DTE,Gamma,52000,NEG,1,-18,-345,0,BREAK,UP,52063,1,71,0
2026-07-20 15:25:00,Put Wall,Gamma,52000,NEG,1,-18,-345,0,BREAK,UP,52063,1,71,0
2026-07-20 18:10:00,ONL,Overnight,52035,NEG,2,12.33,-298,0,BREAK,UP,52070,1,41,0
2026-07-20 20:25:00,ONL,Overnight,52035,NEG,3,-13.33,-293,0,BREAK,UP,52070,1,48,0
2026-07-20 23:55:00,PWL,PriorWeek,52174,NEG,4,4.33,-204,1,HOLD,NONE,52181,6,8,11
2026-07-21 00:00:00,ONM,Overnight,52180,NEG,4,-0.67,-199,1,BREAK,UP,52200,2,21,7
2026-07-21 00:05:00,ONM,Overnight,52180,NEG,1,5,-175,0,BREAK,UP,52212,1,37,0
2026-07-21 01:10:00,Pivot,Session,52235,NEG,1,3.67,-138,0,BREAK,DOWN,52219,6,2,23
2026-07-21 01:45:00,Pivot,Session,52235,NEG,2,10.67,-145,1,BREAK,UP,52261,1,26,1
2026-07-21 03:10:00,Call Wall 0DTE,Gamma,52300,NEG,1,-1.67,-84,1,BREAK,DOWN,52274,1,0,27
2026-07-21 03:10:00,ONH,Overnight,52326,NEG,1,-1.67,-84,1,BREAK,DOWN,52274,1,0,53
2026-07-21 03:10:00,Y-Mid,Session,52316,NEG,1,-1.67,-84,1,BREAK,DOWN,52274,1,0,43
2026-07-21 03:10:00,Pivot,Session,52235,NEG,3,-1.67,-84,0,BREAK,UP,52274,1,65,0
2026-07-21 04:10:00,Pivot,Session,52235,NEG,4,0.33,-171,1,REJECT,DOWN,52234,1,0,35
2026-07-21 05:35:00,Pivot,Session,52235,NEG,5,-8,-140,1,BREAK,UP,52254,1,26,7
2026-07-21 06:35:00,Pivot,Session,52235,NEG,6,6.33,-130,0,BREAK,UP,52308,1,81,0
2026-07-21 06:40:00,Call Wall 0DTE,Gamma,52300,NEG,2,0.67,-67,0,REJECT,UP,52301,1,26,0
2026-07-21 06:40:00,Y-Mid,Session,52316,NEG,2,0.67,-67,1,BREAK,DOWN,52301,1,10,15
2026-07-21 06:45:00,ONH,Overnight,52326,NEG,2,21,-74,1,BREAK,DOWN,52308,1,0,37
2026-07-21 07:45:00,Pivot,Session,52235,NEG,7,-10.33,-163,1,BREAK,DOWN,52218,3,19,19
2026-07-21 08:10:00,ONM,Overnight,52180,NEG,2,-6.67,-187,0,BREAK,UP,52204,1,40,0
2026-07-21 08:25:00,PWL,PriorWeek,52174,NEG,1,3.67,-200,0,BREAK,UP,52195,1,25,8
2026-07-21 09:10:00,ONM,Overnight,52180,NEG,3,17,-176,0,BREAK,UP,52199,1,36,0
2026-07-21 09:25:00,Pivot,Session,52235,NEG,8,7.33,-134,0,BREAK,UP,52260,1,25,2
2026-07-21 09:40:00,Call Wall 0DTE,Gamma,52300,NEG,3,10.33,-93,1,BREAK,DOWN,52199,1,0,106
2026-07-21 09:50:00,PWL,PriorWeek,52174,NEG,2,-20.33,-268,1,REJECT,UP,52187,1,29,67
2026-07-21 10:10:00,ONH,Overnight,52326,NEG,3,37,-51,1,REJECT,UP,52333,1,46,38
2026-07-21 10:10:00,Y-Mid,Session,52316,NEG,3,37,-51,0,BREAK,UP,52333,1,56,28
2026-07-21 10:20:00,PWC,PriorWeek,52375,NEG,1,45.67,-42,1,REJECT,DOWN,52367,2,14,58
2026-07-21 10:45:00,Call Wall 0DTE,Gamma,52300,NEG,4,7.67,-69,0,BREAK,UP,52317,1,32,19
2026-07-21 11:10:00,ONH,Overnight,52326,NEG,4,1.33,-56,1,BREAK,UP,52344,1,28,17
2026-07-21 11:10:00,Y-Mid,Session,52316,NEG,4,1.33,-56,0,BREAK,UP,52344,1,38,7
2026-07-21 11:25:00,PWC,PriorWeek,52375,NEG,2,11.67,27,0,REJECT,UP,52384,1,66,0
2026-07-21 12:20:00,R1,Session,52471,NEG,1,8.67,97,0,BREAK,UP,52494,1,32,0
2026-07-21 13:40:00,R1,Session,52471,NEG,2,-12,102,0,BREAK,UP,52496,1,36,0
2026-07-21 21:30:00,PWC,PriorWeek,52375,NEG,3,-7,2,0,BREAK,UP,52390,1,22,0
2026-07-22 08:30:00,ONH,Overnight,52326,NEG,1,3,-53,1,BREAK,UP,52348,1,22,11
2026-07-22 08:30:00,Y-Mid,Session,52316,NEG,1,3,-53,0,BREAK,UP,52348,1,32,1
2026-07-22 08:40:00,PWC,PriorWeek,52375,NEG,1,-25.33,10,0,BREAK,UP,52390,1,22,0
2026-07-22 09:05:00,Call Wall 0DTE,Gamma,52300,NEG,1,-6.67,-33,0,BREAK,UP,52368,1,68,0
2026-07-22 09:40:00,PWC,PriorWeek,52375,NEG,2,27.33,145,0,BREAK,UP,52519,1,186,0
2026-07-22 09:40:00,R1,Session,52471,NEG,1,27.33,145,0,BREAK,UP,52519,1,90,0
2026-07-22 10:05:00,PMC,PriorMonth,52670,NEG,1,27.33,269,1,BREAK,UP,52688,1,27,44
2026-07-22 10:05:00,PWM,PriorWeek,52644,NEG,1,27.33,269,1,BREAK,UP,52688,1,53,18
2026-07-15 22:25:00,R2,Session,52869,NEG,1,-4.67,485,1,BREAK,UP,52891,4,23,13
2026-07-16 04:00:00,R2,Session,52869,NEG,1,-8.33,473,1,BREAK,DOWN,52846,1,0,37
2026-07-16 05:40:00,R2,Session,52869,NEG,2,-4.67,488,1,BREAK,DOWN,52852,3,5,23
2026-07-16 07:55:00,R2,Session,52869,NEG,3,-3,503,0,BREAK,UP,52967,1,98,0
2026-07-16 10:05:00,R2,Session,52869,NEG,4,-22.33,490,1,BREAK,UP,52929,1,60,3
2026-07-16 11:35:00,PMH,PriorMonth,53097,NEG,1,4,666,1,BREAK,DOWN,53076,1,0,88
2026-07-16 11:35:00,R3,Session,53105,NEG,1,4,666,1,BREAK,DOWN,53076,1,0,96
2026-07-16 12:30:00,R2,Session,52869,NEG,5,-24,471,1,REJECT,DOWN,52860,1,1,44
2026-07-16 13:35:00,R2,Session,52869,NEG,6,-24,510,0,BREAK,DOWN,52849,1,39,28
2026-07-16 15:20:00,PMC,PriorMonth,52670,NEG,1,-6.67,312,0,BREAK,UP,52718,1,51,0
2026-07-16 15:40:00,PWM,PriorWeek,52644,NEG,1,1.67,252,1,REJECT,DOWN,52643,1,4,31
2026-07-16 20:15:00,PMC,PriorMonth,52670,NEG,2,-1.67,295,1,BREAK,DOWN,52646,2,5,27
2026-07-16 20:20:00,PWM,PriorWeek,52644,NEG,2,-15.67,271,0,REJECT,UP,52655,1,24,0
2026-07-16 23:05:00,R1,Session,52471,NEG,1,-4,116,0,BREAK,UP,52496,1,33,0
2026-07-17 00:50:00,PWC,PriorWeek,52375,NEG,1,-10.67,0,1,BREAK,UP,52407,3,37,15
2026-07-17 01:40:00,PWC,PriorWeek,52375,NEG,2,-1.33,-13,1,BREAK,DOWN,52335,1,0,52
2026-07-17 01:45:00,ONH,Overnight,52326,NEG,1,-8,-40,0,BREAK,UP,52358,1,32,0
2026-07-17 02:35:00,R1,Session,52471,NEG,1,17.33,92,1,BREAK,UP,52488,1,18,8
2026-07-17 03:35:00,R1,Session,52471,NEG,2,1,126,0,BREAK,UP,52494,1,44,0
2026-07-17 04:35:00,R1,Session,52471,NEG,3,-22.33,100,0,BREAK,DOWN,52441,1,27,33
2026-07-17 05:10:00,PWC,PriorWeek,52375,NEG,3,0.33,17,0,BREAK,UP,52390,1,28,0
2026-07-17 06:25:00,R1,Session,52471,NEG,4,9,86,1,BREAK,DOWN,52455,1,0,34
2026-07-17 07:25:00,R1,Session,52471,NEG,5,-22.67,99,0,BREAK,DOWN,52455,1,2,21
2026-07-17 08:25:00,R1,Session,52471,NEG,6,-10,84,1,REJECT,DOWN,52469,1,6,22
2026-07-17 09:05:00,PWC,PriorWeek,52375,NEG,4,-22,-6,1,BREAK,DOWN,52306,1,0,72
2026-07-17 09:10:00,Call Wall 0DTE,Gamma,52300,NEG,1,-25.67,-69,0,BREAK,DOWN,52281,1,16,38
2026-07-17 09:10:00,ONH,Overnight,52326,NEG,2,-25.67,-69,1,BREAK,DOWN,52281,1,0,64
2026-07-17 09:10:00,Y-Mid,Session,52316,NEG,1,-25.67,-69,1,BREAK,DOWN,52281,1,0,54
2026-07-17 09:30:00,Pivot,Session,52235,NEG,1,-10.33,-123,0,REJECT,UP,52242,1,76,7
2026-07-17 09:40:00,PWL,PriorWeek,52174,NEG,1,-10.33,-104,0,BREAK,UP,52459,1,299,0
2026-07-17 09:40:00,ONM,Overnight,52180,NEG,1,-10.33,-104,0,BREAK,UP,52459,1,293,0
2026-07-17 09:45:00,R1,Session,52471,NEG,7,-1.33,84,1,BREAK,UP,52562,1,145,24
2026-07-17 09:55:00,PMC,PriorMonth,52670,NEG,1,106.67,346,0,BREAK,DOWN,52644,1,62,26
2026-07-17 10:00:00,PWM,PriorWeek,52644,NEG,1,106.67,346,0,BREAK,UP,52710,2,88,7
2026-07-17 11:10:00,PMC,PriorMonth,52670,NEG,2,12,306,0,BREAK,UP,52696,1,49,0
2026-07-17 11:20:00,PWM,PriorWeek,52644,NEG,2,-10.67,279,0,REJECT,UP,52654,1,31,31
2026-07-17 12:10:00,PMC,PriorMonth,52670,NEG,3,11.67,268,1,REJECT,DOWN,52662,1,0,55
2026-07-17 12:30:00,PWM,PriorWeek,52644,NEG,3,7.33,228,1,BREAK,DOWN,52629,1,9,47
2026-07-17 14:05:00,R1,Session,52471,NEG,8,-21.33,103,0,REJECT,UP,52476,1,33,5
2026-07-17 15:20:00,PWC,PriorWeek,52375,NEG,5,-22.33,-4,1,REJECT,UP,52382,1,23,11
2026-07-17 16:10:00,ONH,Overnight,52326,NEG,3,-14.67,-41,0,BREAK,UP,52342,1,24,0
2026-07-17 16:20:00,Y-Mid,Session,52316,NEG,2,-22.33,-42,0,BREAK,UP,52340,1,29,0
2026-07-19 18:05:00,PWC,PriorWeek,52375,NEG,6,8.67,-10,1,BREAK,DOWN,52284,5,18,101
2026-07-19 18:10:00,Call Wall 0DTE,Gamma,52300,NEG,1,-1.33,-91,1,REJECT,DOWN,52290,1,0,62
2026-07-19 18:15:00,Pivot,Session,52235,NEG,1,-31,-85,0,BREAK,UP,52287,1,59,0
2026-07-19 18:30:00,ONH,Overnight,52326,NEG,1,7.67,-71,1,BREAK,DOWN,52281,1,0,46
2026-07-19 18:30:00,Y-Mid,Session,52316,NEG,1,7.67,-71,1,BREAK,DOWN,52281,1,0,36
2026-07-19 19:30:00,Y-Mid,Session,52316,NEG,2,0.33,-60,1,REJECT,UP,52318,1,24,3
2026-07-19 19:40:00,ONH,Overnight,52326,NEG,2,0.33,-60,1,REJECT,UP,52334,3,23,18
2026-07-19 20:15:00,PWC,PriorWeek,52375,NEG,1,11,14,0,REJECT,UP,52383,1,24,0
2026-07-19 21:25:00,PWC,PriorWeek,52375,NEG,2,6.67,17,0,REJECT,UP,52385,3,23,17
2026-07-19 21:55:00,ONH,Overnight,52326,NEG,3,-11,-52,1,BREAK,DOWN,52283,2,4,43
2026-07-19 21:55:00,Y-Mid,Session,52316,NEG,3,-11,-52,0,BREAK,DOWN,52283,2,14,33
2026-07-19 22:05:00,Call Wall 0DTE,Gamma,52300,NEG,2,-11.67,-92,1,BREAK,UP,52341,2,46,18
2026-07-19 22:50:00,ONH,Overnight,52326,NEG,4,11.67,-29,0,BREAK,UP,52345,1,28,0
2026-07-19 23:20:00,Y-Mid,Session,52316,NEG,4,-3,-54,0,BREAK,UP,52333,2,23,3
2026-07-20 00:25:00,Y-Mid,Session,52316,NEG,1,-7,-51,0,BREAK,UP,52339,1,23,0
2026-07-20 00:30:00,ONH,Overnight,52326,NEG,1,-5.67,-45,0,BREAK,UP,52362,4,36,14
2026-07-20 00:50:00,PWC,PriorWeek,52375,NEG,1,13.67,1,0,BREAK,UP,52396,2,21,0
2026-07-20 01:55:00,ONH,Overnight,52326,NEG,2,-12.33,-41,0,HOLD,NONE,52315,6,16,11
2026-07-20 02:20:00,Call Wall 0DTE,Gamma,52300,NEG,1,-3,-51,0,REJECT,UP,52304,2,21,0
2026-07-20 02:20:00,Y-Mid,Session,52316,NEG,2,-1,-50,0,HOLD,NONE,52304,6,14,14
2026-07-20 03:20:00,ONH,Overnight,52326,NEG,3,-0.33,-54,1,REJECT,DOWN,52313,3,0,26
2026-07-20 03:25:00,Call Wall 0DTE,Gamma,52300,NEG,2,6,-62,0,BREAK,UP,52354,1,67,0
2026-07-20 03:25:00,Y-Mid,Session,52316,NEG,3,-0.33,-54,0,BREAK,UP,52354,4,51,16
2026-07-20 03:35:00,PWC,PriorWeek,52375,NEG,2,12,6,0,BREAK,UP,52435,1,65,0
2026-07-20 03:55:00,R1,Session,52471,NEG,1,26,49,1,BREAK,DOWN,52410,1,0,67
2026-07-20 05:25:00,R1,Session,52471,NEG,2,2.33,86,1,BREAK,UP,52500,4,33,16
2026-07-20 06:30:00,R1,Session,52471,NEG,3,-12,91,1,BREAK,UP,52486,2,17,6
2026-07-20 07:35:00,R1,Session,52471,NEG,4,-5,100,0,BREAK,UP,52598,1,151,0
2026-07-20 08:40:00,R1,Session,52471,NEG,5,-14.67,120,0,REJECT,UP,52481,2,33,9
2026-07-20 09:35:00,R1,Session,52471,NEG,6,8.67,116,0,BREAK,UP,52512,1,162,0
2026-07-20 10:00:00,PWC,PriorWeek,52375,NEG,3,-30,-33,1,BREAK,DOWN,52319,1,0,56
2026-07-20 10:05:00,ONH,Overnight,52326,NEG,4,-58,-56,1,REJECT,DOWN,52320,1,52,26
2026-07-20 10:05:00,Y-Mid,Session,52316,NEG,4,-58,-56,0,REJECT,UP,52320,1,62,16
2026-07-20 10:10:00,Call Wall 0DTE,Gamma,52300,NEG,3,-52,-55,0,BREAK,DOWN,52264,1,35,41
2026-07-20 10:30:00,Pivot,Session,52235,NEG,1,-22,-134,0,REJECT,UP,52245,1,22,15
2026-07-20 10:45:00,PWL,PriorWeek,52174,NEG,1,-17.33,-147,0,BREAK,UP,52198,1,75,0
2026-07-20 10:45:00,ONM,Overnight,52180,NEG,1,-17.33,-147,0,BREAK,UP,52198,1,69,0
2026-07-20 11:30:00,Pivot,Session,52235,NEG,2,18,-107,0,BREAK,UP,52277,1,55,0
2026-07-20 12:20:00,Call Wall 0DTE,Gamma,52300,NEG,4,2,-81,1,REJECT,DOWN,52287,1,0,40
2026-07-20 12:40:00,Pivot,Session,52235,NEG,3,-8.67,-138,0,BREAK,UP,52272,1,37,0
2026-07-20 12:50:00,PWL,PriorWeek,52174,NEG,2,-9,-139,0,BREAK,UP,52278,1,112,0
2026-07-20 12:50:00,ONM,Overnight,52180,NEG,2,-9,-139,0,BREAK,UP,52278,1,106,0
2026-07-20 14:05:00,PWL,PriorWeek,52174,NEG,3,-7.33,-197,0,BREAK,UP,52206,2,50,19
2026-07-20 14:05:00,ONM,Overnight,52180,NEG,3,-7.33,-197,1,BREAK,UP,52206,2,44,25
2026-07-20 14:25:00,Pivot,Session,52235,NEG,4,12.33,-141,1,BREAK,DOWN,52170,1,5,66
2026-07-20 14:55:00,ONL,Overnight,52035,NEG,1,-48.33,-328,0,BREAK,UP,52072,1,45,0
2026-07-20 15:25:00,Put Wall 0DTE,Gamma,52000,NEG,1,-18,-345,0,BREAK,UP,52063,1,71,0
2026-07-20 15:25:00,Put Wall,Gamma,52000,NEG,1,-18,-345,0,BREAK,UP,52063,1,71,0
2026-07-20 18:10:00,ONL,Overnight,52035,NEG,2,12.33,-298,0,BREAK,UP,52070,1,41,0
2026-07-20 20:25:00,ONL,Overnight,52035,NEG,3,-13.33,-293,0,BREAK,UP,52070,1,48,0
2026-07-20 23:55:00,PWL,PriorWeek,52174,NEG,4,4.33,-204,1,HOLD,NONE,52181,6,8,11
2026-07-21 00:00:00,ONM,Overnight,52180,NEG,4,-0.67,-199,1,BREAK,UP,52200,2,21,7
2026-07-21 00:05:00,ONM,Overnight,52180,NEG,1,5,-175,0,BREAK,UP,52212,1,37,0
2026-07-21 01:10:00,Pivot,Session,52235,NEG,1,3.67,-138,0,BREAK,DOWN,52219,6,2,23
2026-07-21 01:45:00,Pivot,Session,52235,NEG,2,10.67,-145,1,BREAK,UP,52261,1,26,1
2026-07-21 03:10:00,Call Wall 0DTE,Gamma,52300,NEG,1,-1.67,-84,1,BREAK,DOWN,52274,1,0,27
2026-07-21 03:10:00,ONH,Overnight,52326,NEG,1,-1.67,-84,1,BREAK,DOWN,52274,1,0,53
2026-07-21 03:10:00,Y-Mid,Session,52316,NEG,1,-1.67,-84,1,BREAK,DOWN,52274,1,0,43
2026-07-21 03:10:00,Pivot,Session,52235,NEG,3,-1.67,-84,0,BREAK,UP,52274,1,65,0
2026-07-21 04:10:00,Pivot,Session,52235,NEG,4,0.33,-171,1,REJECT,DOWN,52234,1,0,35
2026-07-21 05:35:00,Pivot,Session,52235,NEG,5,-8,-140,1,BREAK,UP,52254,1,26,7
2026-07-21 06:35:00,Pivot,Session,52235,NEG,6,6.33,-130,0,BREAK,UP,52308,1,81,0
2026-07-21 06:40:00,Call Wall 0DTE,Gamma,52300,NEG,2,0.67,-67,0,REJECT,UP,52301,1,26,0
2026-07-21 06:40:00,Y-Mid,Session,52316,NEG,2,0.67,-67,1,BREAK,DOWN,52301,1,10,15
2026-07-21 06:45:00,ONH,Overnight,52326,NEG,2,21,-74,1,BREAK,DOWN,52308,1,0,37
2026-07-21 07:45:00,Pivot,Session,52235,NEG,7,-10.33,-163,1,BREAK,DOWN,52218,3,19,19
2026-07-21 08:10:00,ONM,Overnight,52180,NEG,2,-6.67,-187,0,BREAK,UP,52204,1,40,0
2026-07-21 08:25:00,PWL,PriorWeek,52174,NEG,1,3.67,-200,0,BREAK,UP,52195,1,25,8
2026-07-21 09:10:00,ONM,Overnight,52180,NEG,3,17,-176,0,BREAK,UP,52199,1,36,0
2026-07-21 09:25:00,Pivot,Session,52235,NEG,8,7.33,-134,0,BREAK,UP,52260,1,25,2
2026-07-21 09:40:00,Call Wall 0DTE,Gamma,52300,NEG,3,10.33,-93,1,BREAK,DOWN,52199,1,0,106
2026-07-21 09:50:00,PWL,PriorWeek,52174,NEG,2,-20.33,-268,1,REJECT,UP,52187,1,29,67
2026-07-21 10:10:00,ONH,Overnight,52326,NEG,3,37,-51,1,REJECT,UP,52333,1,46,38
2026-07-21 10:10:00,Y-Mid,Session,52316,NEG,3,37,-51,0,BREAK,UP,52333,1,56,28
2026-07-21 10:20:00,PWC,PriorWeek,52375,NEG,1,45.67,-42,1,REJECT,DOWN,52367,2,14,58
2026-07-21 10:45:00,Call Wall 0DTE,Gamma,52300,NEG,4,7.67,-69,0,BREAK,UP,52317,1,32,19
2026-07-21 11:10:00,ONH,Overnight,52326,NEG,4,1.33,-56,1,BREAK,UP,52344,1,28,17
2026-07-21 11:10:00,Y-Mid,Session,52316,NEG,4,1.33,-56,0,BREAK,UP,52344,1,38,7
2026-07-21 11:25:00,PWC,PriorWeek,52375,NEG,2,11.67,27,0,REJECT,UP,52384,1,66,0
2026-07-21 12:20:00,R1,Session,52471,NEG,1,8.67,97,0,BREAK,UP,52494,1,32,0
2026-07-21 13:40:00,R1,Session,52471,NEG,2,-12,102,0,BREAK,UP,52496,1,36,0
2026-07-21 21:30:00,PWC,PriorWeek,52375,NEG,3,-7,2,0,BREAK,UP,52390,1,22,0
2026-07-22 08:30:00,ONH,Overnight,52326,NEG,1,3,-53,1,BREAK,UP,52348,1,22,11
2026-07-22 08:30:00,Y-Mid,Session,52316,NEG,1,3,-53,0,BREAK,UP,52348,1,32,1
2026-07-22 08:40:00,PWC,PriorWeek,52375,NEG,1,-25.33,10,0,BREAK,UP,52390,1,22,0
2026-07-22 09:05:00,Call Wall 0DTE,Gamma,52300,NEG,1,-6.67,-33,0,BREAK,UP,52368,1,68,0
2026-07-22 09:40:00,PWC,PriorWeek,52375,NEG,2,27.33,145,0,BREAK,UP,52519,1,186,0
2026-07-22 09:40:00,R1,Session,52471,NEG,1,27.33,145,0,BREAK,UP,52519,1,90,0
2026-07-22 10:05:00,PMC,PriorMonth,52670,NEG,1,27.33,269,1,BREAK,UP,52688,1,27,44
2026-07-22 10:05:00,PWM,PriorWeek,52644,NEG,1,27.33,269,1,BREAK,UP,52688,1,53,18
2026-07-16 20:11:00,PMC,PriorMonth,52670,NEG,1,-3.67,295,1,BREAK,DOWN,52654,6,5,18
2026-07-16 20:16:00,PWM,PriorWeek,52644,NEG,1,-1,273,0,BREAK,UP,52659,4,15,1
2026-07-16 20:19:00,PMC,PriorMonth,52670,NEG,2,6,289,1,BREAK,DOWN,52652,1,0,19
2026-07-16 20:30:00,PWM,PriorWeek,52644,NEG,2,-1.33,265,1,REJECT,DOWN,52630,5,3,20
2026-07-16 22:59:00,R1,Session,52471,NEG,1,-5.67,96,1,BREAK,UP,52489,3,18,5
2026-07-16 23:50:00,R1,Session,52471,NEG,2,-8.33,102,0,HOLD,NONE,52470,6,11,1
2026-07-17 00:41:00,PWC,PriorWeek,52375,NEG,1,-1,0,1,HOLD,NONE,52366,6,7,10
2026-07-17 01:03:00,PWC,PriorWeek,52375,NEG,2,-4.33,10,0,BREAK,UP,52390,2,15,0
2026-07-17 01:19:00,PWC,PriorWeek,52375,NEG,3,-0.67,1,0,HOLD,NONE,52389,6,14,6
2026-07-17 01:32:00,PWC,PriorWeek,52375,NEG,4,-2.33,1,0,HOLD,NONE,52371,6,10,8
2026-07-17 01:42:00,ONH,Overnight,52326,NEG,1,-5,-49,1,BREAK,UP,52349,4,26,0
2026-07-17 01:59:00,PWC,PriorWeek,52375,NEG,5,3.33,1,0,HOLD,NONE,52388,6,14,4
2026-07-17 02:34:00,R1,Session,52471,NEG,1,4.33,92,1,BREAK,UP,52486,6,15,8
2026-07-17 03:09:00,R1,Session,52471,NEG,2,-1,88,1,HOLD,NONE,52461,6,13,15
2026-07-17 03:16:00,R1,Session,52471,NEG,3,-0.33,98,0,BREAK,UP,52486,1,18,0
2026-07-17 03:28:00,R1,Session,52471,NEG,4,-0.67,114,0,BREAK,UP,52489,1,18,0
2026-07-17 04:23:00,R1,Session,52471,NEG,5,-2,97,0,HOLD,NONE,52462,6,3,16
2026-07-17 04:31:00,R1,Session,52471,NEG,6,8,100,0,REJECT,UP,52480,1,27,0
2026-07-17 05:05:00,PWC,PriorWeek,52375,NEG,6,-13.33,3,0,BREAK,UP,52392,2,22,7
2026-07-17 06:22:00,R1,Session,52471,NEG,7,4.67,92,1,BREAK,DOWN,52449,4,0,25
2026-07-17 06:40:00,R1,Session,52471,NEG,8,3.67,90,1,HOLD,NONE,52460,6,0,17
2026-07-17 06:53:00,R1,Session,52471,NEG,9,1.67,94,1,BREAK,DOWN,52451,4,0,22
2026-07-17 07:13:00,R1,Session,52471,NEG,10,-3.67,95,1,BREAK,DOWN,52453,2,1,20
2026-07-17 07:25:00,R1,Session,52471,NEG,11,-8,94,1,BREAK,DOWN,52455,2,2,21
2026-07-17 08:16:00,R1,Session,52471,NEG,12,2,105,0,HOLD,NONE,52470,6,15,6
2026-07-17 08:29:00,R1,Session,52471,NEG,13,-2.67,96,1,HOLD,NONE,52470,6,6,11
2026-07-17 08:41:00,R1,Session,52471,NEG,14,2,89,1,BREAK,DOWN,52450,1,0,25
2026-07-17 09:01:00,PWC,PriorWeek,52375,NEG,7,-1.33,-13,1,BREAK,DOWN,52342,2,0,34
2026-07-17 09:03:00,Call Wall 0DTE,Gamma,52300,NEG,1,-17.33,-49,0,BREAK,UP,52328,1,32,0
2026-07-17 09:05:00,ONH,Overnight,52326,NEG,2,-17.33,-49,1,BREAK,DOWN,52306,3,6,22
2026-07-17 09:06:00,Y-Mid,Session,52316,NEG,1,-17.33,-49,0,REJECT,DOWN,52310,4,16,21
2026-07-17 09:20:00,Call Wall 0DTE,Gamma,52300,NEG,2,6.67,-72,0,BREAK,DOWN,52275,1,4,27
2026-07-17 09:20:00,Y-Mid,Session,52316,NEG,2,6.67,-72,1,BREAK,DOWN,52275,1,0,43
2026-07-17 09:25:00,Pivot,Session,52235,NEG,1,-18.67,-135,0,BREAK,UP,52252,2,18,2
2026-07-17 09:32:00,PWL,PriorWeek,52174,NEG,1,-7.33,-155,0,BREAK,UP,52257,1,119,0
2026-07-17 09:32:00,ONM,Overnight,52180,NEG,1,-7.33,-155,0,BREAK,UP,52257,1,113,0
2026-07-17 09:34:00,Call Wall 0DTE,Gamma,52300,NEG,3,-6.33,-96,1,BREAK,DOWN,52278,1,10,26
2026-07-17 09:34:00,ONH,Overnight,52326,NEG,3,-6.33,-96,1,BREAK,DOWN,52278,1,0,52
2026-07-17 09:34:00,Y-Mid,Session,52316,NEG,3,-6.33,-96,1,BREAK,DOWN,52278,1,0,42
2026-07-17 09:39:00,PWC,PriorWeek,52375,NEG,8,15.33,1,0,BREAK,UP,52412,1,62,7
2026-07-17 09:41:00,R1,Session,52471,NEG,15,41.33,84,1,BREAK,UP,52521,1,77,24
2026-07-17 09:47:00,PMC,PriorMonth,52670,NEG,1,-11.67,304,0,REJECT,UP,52674,1,41,0
2026-07-17 09:47:00,PWM,PriorWeek,52644,NEG,1,-11.67,304,0,BREAK,UP,52674,1,67,0
2026-07-17 09:59:00,PMC,PriorMonth,52670,NEG,2,-4,303,0,BREAK,UP,52713,1,44,0
2026-07-17 11:06:00,PMC,PriorMonth,52670,NEG,3,-8,311,0,BREAK,UP,52713,3,47,0
2026-07-17 11:16:00,PWM,PriorWeek,52644,NEG,2,-9.33,279,0,BREAK,DOWN,52623,1,13,22
2026-07-17 11:21:00,PMC,PriorMonth,52670,NEG,4,12,279,1,REJECT,DOWN,52658,1,0,35
2026-07-17 11:37:00,PMC,PriorMonth,52670,NEG,5,-21.33,302,0,REJECT,UP,52671,1,22,0
2026-07-17 11:52:00,PMC,PriorMonth,52670,NEG,6,-0.33,309,0,REJECT,UP,52682,1,25,0
2026-07-17 12:04:00,PMC,PriorMonth,52670,NEG,7,-24,293,1,BREAK,DOWN,52639,1,0,42
2026-07-17 12:05:00,PWM,PriorWeek,52644,NEG,3,-25.33,264,1,REJECT,DOWN,52643,1,0,22
2026-07-17 12:16:00,PMC,PriorMonth,52670,NEG,8,4.33,313,0,BREAK,UP,52685,1,28,0
2026-07-17 12:24:00,PWM,PriorWeek,52644,NEG,4,-2,267,1,BREAK,DOWN,52619,2,13,25
2026-07-17 12:51:00,PWM,PriorWeek,52644,NEG,5,15.33,256,1,BREAK,DOWN,52610,1,0,40
2026-07-17 14:03:00,R1,Session,52471,NEG,16,-0.67,98,0,BREAK,UP,52501,6,30,5
2026-07-17 14:15:00,R1,Session,52471,NEG,17,-2,105,0,HOLD,NONE,52467,6,12,9
2026-07-17 15:12:00,PWC,PriorWeek,52375,NEG,9,-5.67,12,0,BREAK,UP,52394,1,19,0
2026-07-17 15:24:00,PWC,PriorWeek,52375,NEG,10,-1.67,-2,1,BREAK,DOWN,52355,1,0,20
2026-07-17 15:41:00,PWC,PriorWeek,52375,NEG,11,7.67,-13,1,BREAK,UP,52390,6,24,18
2026-07-17 16:01:00,PWC,PriorWeek,52375,NEG,12,-2.33,-2,1,BREAK,DOWN,52350,1,1,34
2026-07-17 16:06:00,ONH,Overnight,52326,NEG,4,-6.67,-41,0,BREAK,UP,52342,1,20,0
2026-07-17 16:12:00,Y-Mid,Session,52316,NEG,4,0.33,-53,0,BREAK,UP,52337,1,21,0
2026-07-17 16:21:00,ONH,Overnight,52326,NEG,5,-1.33,-43,0,BREAK,UP,52342,3,17,0
2026-07-17 16:46:00,PWC,PriorWeek,52375,NEG,13,4.33,-10,1,HOLD,NONE,52375,6,6,8
2026-07-17 16:58:00,PWC,PriorWeek,52375,NEG,14,0.67,4,0,HOLD,NONE,52381,6,18,0
2026-07-19 18:03:00,Call Wall 0DTE,Gamma,52300,NEG,1,-3,-70,0,REJECT,DOWN,52293,2,12,23
2026-07-19 18:08:00,Pivot,Session,52235,NEG,1,-8,-137,0,BREAK,UP,52268,1,33,0
2026-07-19 18:21:00,Call Wall 0DTE,Gamma,52300,NEG,2,1.67,-75,1,BREAK,UP,52326,5,26,1
2026-07-19 18:25:00,ONH,Overnight,52326,NEG,1,1.33,-49,1,BREAK,DOWN,52304,4,3,22
2026-07-19 18:27:00,Y-Mid,Session,52316,NEG,1,1.33,-49,0,BREAK,DOWN,52295,6,13,23
2026-07-19 18:35:00,Call Wall 0DTE,Gamma,52300,NEG,3,-1.33,-78,1,BREAK,UP,52318,2,18,0
2026-07-19 18:37:00,Y-Mid,Session,52316,NEG,2,5.33,-61,1,BREAK,UP,52338,3,22,2
2026-07-19 18:42:00,ONH,Overnight,52326,NEG,2,10.33,-54,1,BREAK,UP,52345,5,22,4
2026-07-19 18:56:00,ONH,Overnight,52326,NEG,3,-7.33,-46,0,BREAK,UP,52345,2,19,0
2026-07-19 19:10:00,Y-Mid,Session,52316,NEG,3,-4.33,-54,0,HOLD,NONE,52324,6,14,2
2026-07-19 19:12:00,ONH,Overnight,52326,NEG,4,0,-49,1,HOLD,NONE,52338,6,12,12
2026-07-19 19:26:00,Y-Mid,Session,52316,NEG,4,-1,-62,1,BREAK,UP,52340,2,24,1
2026-07-19 19:28:00,ONH,Overnight,52326,NEG,5,-0.67,-49,1,HOLD,NONE,52316,6,14,13
2026-07-19 19:36:00,ONH,Overnight,52326,NEG,6,-0.67,-50,1,BREAK,UP,52344,2,19,1
2026-07-19 19:51:00,Y-Mid,Session,52316,NEG,5,3.33,-47,0,BREAK,UP,52335,5,20,0
2026-07-19 19:52:00,ONH,Overnight,52326,NEG,7,3.33,-47,0,BREAK,UP,52351,6,25,7
2026-07-19 20:09:00,PWC,PriorWeek,52375,NEG,1,4.67,-4,1,BREAK,UP,52399,2,25,4
2026-07-19 20:25:00,PWC,PriorWeek,52375,NEG,2,3,10,0,HOLD,NONE,52372,6,19,8
2026-07-19 20:33:00,PWC,PriorWeek,52375,NEG,3,0.33,-13,1,BREAK,DOWN,52356,2,0,21
2026-07-19 21:03:00,PWC,PriorWeek,52375,NEG,4,3.67,-3,1,HOLD,NONE,52385,6,19,15
2026-07-19 21:19:00,PWC,PriorWeek,52375,NEG,5,-3,7,0,HOLD,NONE,52371,6,6,9
2026-07-19 21:30:00,PWC,PriorWeek,52375,NEG,6,5.33,11,0,BREAK,DOWN,52355,4,11,21
2026-07-19 21:49:00,ONH,Overnight,52326,NEG,8,-3.33,-49,1,HOLD,NONE,52325,6,3,15
2026-07-19 21:50:00,Y-Mid,Session,52316,NEG,6,-8.67,-58,0,HOLD,NONE,52326,6,14,1
2026-07-19 21:55:00,Call Wall 0DTE,Gamma,52300,NEG,4,-7,-75,1,BREAK,DOWN,52283,2,0,17
2026-07-19 22:02:00,Y-Mid,Session,52316,NEG,7,2.67,-59,1,REJECT,UP,52330,1,21,0
2026-07-19 22:03:00,ONH,Overnight,52326,NEG,9,4.33,-45,0,BREAK,UP,52344,1,19,0
2026-07-19 22:17:00,Y-Mid,Session,52316,NEG,8,-6,-58,0,BREAK,DOWN,52298,2,0,19
2026-07-19 22:22:00,Call Wall 0DTE,Gamma,52300,NEG,5,-5.67,-70,0,HOLD,NONE,52299,6,7,12
2026-07-19 22:31:00,Call Wall 0DTE,Gamma,52300,NEG,6,-2,-76,1,BREAK,UP,52327,3,27,0
2026-07-19 22:33:00,ONH,Overnight,52326,NEG,10,5.67,-48,0,BREAK,UP,52342,2,16,0
2026-07-19 22:33:00,Y-Mid,Session,52316,NEG,9,3.33,-65,1,BREAK,UP,52342,3,26,9
2026-07-19 23:12:00,ONH,Overnight,52326,NEG,11,-0.67,-50,1,HOLD,NONE,52323,6,0,10
2026-07-19 23:13:00,Y-Mid,Session,52316,NEG,10,-4,-57,0,HOLD,NONE,52315,6,9,2
2026-07-20 00:14:00,ONH,Overnight,52326,NEG,1,-1,-44,0,HOLD,NONE,52327,6,8,1
2026-07-20 00:22:00,Y-Mid,Session,52316,NEG,1,-4,-59,1,HOLD,NONE,52326,6,14,4
2026-07-20 00:26:00,ONH,Overnight,52326,NEG,2,0.67,-51,1,HOLD,NONE,52340,6,17,2
2026-07-20 00:45:00,PWC,PriorWeek,52375,NEG,1,-0.33,-3,1,HOLD,NONE,52389,6,16,2
2026-07-20 01:06:00,PWC,PriorWeek,52375,NEG,2,-0.67,5,0,HOLD,NONE,52370,6,11,6
2026-07-20 01:30:00,ONH,Overnight,52326,NEG,3,-2,-46,0,HOLD,NONE,52335,6,10,0
2026-07-20 01:45:00,ONH,Overnight,52326,NEG,4,2.33,-37,0,HOLD,NONE,52332,6,16,0
2026-07-20 01:53:00,Y-Mid,Session,52316,NEG,2,-3,-51,0,HOLD,NONE,52322,6,19,1
2026-07-20 01:57:00,ONH,Overnight,52326,NEG,5,0.33,-50,1,HOLD,NONE,52322,6,0,17
2026-07-20 02:05:00,Y-Mid,Session,52316,NEG,3,3,-62,1,HOLD,NONE,52316,6,7,6
2026-07-20 02:09:00,Call Wall 0DTE,Gamma,52300,NEG,1,-1.33,-70,0,BREAK,UP,52324,3,25,0
2026-07-20 02:12:00,ONH,Overnight,52326,NEG,6,-0.67,-51,1,BREAK,DOWN,52308,3,4,19
2026-07-20 02:17:00,Y-Mid,Session,52316,NEG,4,5.33,-63,1,HOLD,NONE,52317,6,5,10
2026-07-20 02:24:00,Call Wall 0DTE,Gamma,52300,NEG,2,-2.67,-71,0,BREAK,UP,52317,4,20,0
2026-07-20 02:30:00,Y-Mid,Session,52316,NEG,5,2.67,-58,0,BREAK,DOWN,52301,6,3,18
2026-07-20 02:34:00,Call Wall 0DTE,Gamma,52300,NEG,3,-0.33,-73,0,BREAK,DOWN,52284,2,1,16
2026-07-20 02:48:00,Call Wall 0DTE,Gamma,52300,NEG,4,-4.67,-78,1,BREAK,DOWN,52284,2,3,16
2026-07-20 03:02:00,Call Wall 0DTE,Gamma,52300,NEG,5,1,-58,0,BREAK,UP,52337,1,38,0
2026-07-20 03:02:00,Y-Mid,Session,52316,NEG,6,1,-58,0,BREAK,UP,52337,1,22,0
2026-07-20 03:07:00,ONH,Overnight,52326,NEG,7,9.67,-38,0,BREAK,DOWN,52311,5,9,18
2026-07-20 03:18:00,Y-Mid,Session,52316,NEG,7,1,-64,1,BREAK,DOWN,52301,5,2,16
2026-07-20 03:21:00,Call Wall 0DTE,Gamma,52300,NEG,6,2,-74,0,BREAK,UP,52320,3,28,0
2026-07-20 03:23:00,ONH,Overnight,52326,NEG,8,0,-55,1,BREAK,UP,52367,2,41,11
2026-07-20 03:31:00,PWC,PriorWeek,52375,NEG,3,-0.67,7,0,BREAK,UP,52409,4,48,0
2026-07-20 03:48:00,R1,Session,52471,NEG,1,5.33,90,1,BREAK,DOWN,52440,2,0,34
2026-07-20 04:05:00,R1,Session,52471,NEG,2,6,93,1,BREAK,DOWN,52455,2,0,16
2026-07-20 04:21:00,R1,Session,52471,NEG,3,1,94,1,BREAK,DOWN,52455,4,0,22
2026-07-20 04:31:00,R1,Session,52471,NEG,4,0.67,85,1,BREAK,DOWN,52450,1,0,24
2026-07-20 04:44:00,R1,Session,52471,NEG,5,3,98,0,BREAK,DOWN,52456,1,3,15
2026-07-20 05:06:00,R1,Session,52471,NEG,6,4.33,93,1,BREAK,DOWN,52456,5,3,16
2026-07-20 05:16:00,R1,Session,52471,NEG,7,4,98,0,BREAK,UP,52490,3,22,4
2026-07-20 06:22:00,R1,Session,52471,NEG,8,-8.67,98,0,HOLD,NONE,52474,6,6,11
2026-07-20 06:36:00,R1,Session,52471,NEG,9,-0.67,83,1,BREAK,DOWN,52454,4,0,21
2026-07-20 06:51:00,R1,Session,52471,NEG,10,6,91,1,BREAK,UP,52488,3,17,1
2026-07-20 07:31:00,R1,Session,52471,NEG,11,-3,98,0,BREAK,UP,52532,2,97,0
2026-07-20 08:04:00,R1,Session,52471,NEG,12,-10,108,0,REJECT,UP,52477,1,22,6
2026-07-20 08:17:00,R1,Session,52471,NEG,13,-8,99,0,BREAK,UP,52486,2,16,13
2026-07-20 08:29:00,R1,Session,52471,NEG,14,3,99,0,BREAK,UP,52489,1,18,0
2026-07-20 08:44:00,R1,Session,52471,NEG,15,-2,99,0,BREAK,DOWN,52452,3,4,23
2026-07-20 08:56:00,R1,Session,52471,NEG,16,-8.33,69,1,BREAK,DOWN,52433,1,0,42
2026-07-20 09:13:00,R1,Session,52471,NEG,17,0.33,80,1,BREAK,DOWN,52450,1,0,23
2026-07-20 09:26:00,R1,Session,52471,NEG,18,5.33,99,0,BREAK,UP,52486,1,18,3
2026-07-20 09:38:00,R1,Session,52471,NEG,19,-27.67,115,0,BREAK,UP,52515,1,49,0
2026-07-20 09:53:00,R1,Session,52471,NEG,20,6,57,1,BREAK,DOWN,52383,1,0,99
2026-07-20 09:54:00,PWC,PriorWeek,52375,NEG,4,1.33,8,0,BREAK,DOWN,52347,1,10,36
2026-07-20 09:57:00,ONH,Overnight,52326,NEG,9,-30,-41,0,BREAK,UP,52346,1,21,3
2026-07-20 10:01:00,Y-Mid,Session,52316,NEG,8,0.67,-56,0,BREAK,UP,52350,1,62,0
2026-07-20 10:04:00,Call Wall 0DTE,Gamma,52300,NEG,7,-1.33,-36,0,BREAK,UP,52341,1,51,0
2026-07-20 10:27:00,Pivot,Session,52235,NEG,1,-1.33,-149,1,HOLD,NONE,52238,6,17,19
2026-07-20 10:34:00,Pivot,Session,52235,NEG,2,5,-157,1,BREAK,DOWN,52203,1,0,34
2026-07-20 10:38:00,PWL,PriorWeek,52174,NEG,1,-13,-192,0,BREAK,UP,52221,1,49,0
2026-07-20 10:38:00,ONM,Overnight,52180,NEG,1,-14.33,-196,1,BREAK,UP,52221,2,43,4
2026-07-20 10:51:00,Pivot,Session,52235,NEG,3,-2.33,-144,1,REJECT,UP,52244,5,21,13
2026-07-20 11:00:00,PWL,PriorWeek,52174,NEG,2,-3.33,-196,0,BREAK,UP,52196,1,29,15
2026-07-20 11:00:00,ONM,Overnight,52180,NEG,2,-3.33,-196,1,BREAK,UP,52196,1,23,21
2026-07-20 11:11:00,Pivot,Session,52235,NEG,4,18,-143,1,BREAK,DOWN,52211,1,6,25
2026-07-20 11:23:00,Pivot,Session,52235,NEG,5,2,-126,0,BREAK,UP,52263,1,31,0
2026-07-20 11:44:00,Pivot,Session,52235,NEG,6,1.67,-141,1,HOLD,NONE,52236,6,17,16
2026-07-20 11:52:00,Pivot,Session,52235,NEG,7,-0.67,-132,0,BREAK,UP,52255,2,30,0
2026-07-20 12:04:00,Pivot,Session,52235,NEG,8,-0.33,-144,1,BREAK,UP,52255,1,22,11
2026-07-20 12:16:00,Call Wall 0DTE,Gamma,52300,NEG,8,4,-77,1,BREAK,DOWN,52264,5,4,40
2026-07-20 12:26:00,Call Wall 0DTE,Gamma,52300,NEG,9,-4.33,-79,1,BREAK,DOWN,52272,2,1,28
2026-07-20 12:38:00,Pivot,Session,52235,NEG,9,-5,-138,0,BREAK,UP,52256,3,21,0
2026-07-20 12:43:00,PWL,PriorWeek,52174,NEG,3,3.33,-167,0,BREAK,UP,52227,1,59,0
2026-07-20 12:43:00,ONM,Overnight,52180,NEG,3,3.33,-167,0,BREAK,UP,52227,1,53,0
2026-07-20 12:55:00,Pivot,Session,52235,NEG,10,-7.33,-124,0,BREAK,DOWN,52203,2,15,35
2026-07-20 13:06:00,ONM,Overnight,52180,NEG,4,-9.67,-195,1,BREAK,DOWN,52163,1,2,25
2026-07-20 13:12:00,PWL,PriorWeek,52174,NEG,4,-4,-212,1,HOLD,NONE,52165,6,18,17
2026-07-20 13:37:00,PWL,PriorWeek,52174,NEG,5,12,-206,1,BREAK,DOWN,52141,1,0,36
2026-07-20 13:57:00,ONM,Overnight,52180,NEG,5,5.67,-200,1,BREAK,DOWN,52161,4,10,25
2026-07-20 13:59:00,PWL,PriorWeek,52174,NEG,6,5.67,-200,0,HOLD,NONE,52178,6,16,19
2026-07-20 14:23:00,Pivot,Session,52235,NEG,11,1.33,-146,1,BREAK,DOWN,52202,6,5,36
2026-07-20 14:26:00,PWL,PriorWeek,52174,NEG,7,-17,-205,1,BREAK,UP,52192,1,18,15
2026-07-20 14:27:00,ONM,Overnight,52180,NEG,6,-17,-205,1,REJECT,UP,52189,2,21,21
2026-07-20 14:47:00,ONL,Overnight,52035,NEG,1,-13.67,-338,0,BREAK,UP,52060,1,26,0
2026-07-20 15:08:00,ONL,Overnight,52035,NEG,2,-5.67,-302,0,BREAK,UP,52071,1,41,0
2026-07-20 15:17:00,Put Wall 0DTE,Gamma,52000,NEG,1,-21.33,-355,0,BREAK,UP,52036,1,37,0
2026-07-20 15:17:00,Put Wall,Gamma,52000,NEG,1,-21.33,-355,0,BREAK,UP,52036,1,37,0
2026-07-20 15:24:00,ONL,Overnight,52035,NEG,3,9,-337,0,BREAK,UP,52059,5,25,10
2026-07-20 18:02:00,ONL,Overnight,52035,NEG,4,9,-307,0,BREAK,UP,52070,1,46,0
2026-07-20 20:17:00,ONL,Overnight,52035,NEG,5,1.33,-337,0,BREAK,UP,52050,1,15,0
2026-07-20 23:31:00,PWL,PriorWeek,52174,NEG,8,1.33,-204,1,HOLD,NONE,52173,6,0,5
2026-07-20 23:43:00,PWL,PriorWeek,52174,NEG,9,1.33,-209,1,HOLD,NONE,52172,6,0,11
2026-07-20 23:55:00,PWL,PriorWeek,52174,NEG,10,0.33,-199,0,HOLD,NONE,52181,6,8,1
2026-07-20 23:55:00,ONM,Overnight,52180,NEG,7,0.33,-199,1,HOLD,NONE,52181,6,2,7
2026-07-21 00:42:00,Pivot,Session,52235,NEG,1,1,-138,0,HOLD,NONE,52235,6,8,3
2026-07-21 00:55:00,Pivot,Session,52235,NEG,2,0,-143,1,HOLD,NONE,52233,6,2,10
2026-07-21 01:07:00,Pivot,Session,52235,NEG,3,2.67,-141,1,BREAK,DOWN,52215,6,0,23
2026-07-21 01:37:00,Pivot,Session,52235,NEG,4,1,-146,1,HOLD,NONE,52239,6,5,7
2026-07-21 02:12:00,Pivot,Session,52235,NEG,5,-4.33,-144,1,REJECT,DOWN,52224,3,0,21
2026-07-21 02:32:00,Pivot,Session,52235,NEG,6,2.33,-133,0,HOLD,NONE,52246,6,18,6
2026-07-21 03:02:00,Pivot,Session,52235,NEG,7,0.33,-102,0,BREAK,UP,52277,1,43,0
2026-07-21 03:05:00,ONH,Overnight,52326,NEG,1,14.67,-74,1,BREAK,DOWN,52291,1,0,36
2026-07-21 03:05:00,Y-Mid,Session,52316,NEG,1,14.67,-74,1,BREAK,DOWN,52291,1,0,26
2026-07-21 03:09:00,Call Wall 0DTE,Gamma,52300,NEG,1,14.67,-74,0,BREAK,DOWN,52278,5,4,22
2026-07-21 03:20:00,Pivot,Session,52235,NEG,8,-1.67,-141,1,BREAK,UP,52251,3,17,0
2026-07-21 03:40:00,Pivot,Session,52235,NEG,9,0.67,-143,1,HOLD,NONE,52239,6,13,6
2026-07-21 03:51:00,Pivot,Session,52235,NEG,10,-4.33,-146,1,BREAK,DOWN,52215,4,0,21
2026-07-21 04:01:00,Pivot,Session,52235,NEG,11,4,-141,1,BREAK,DOWN,52213,2,1,28
2026-07-21 04:16:00,Pivot,Session,52235,NEG,12,4.33,-149,1,BREAK,UP,52251,5,19,16
2026-07-21 04:33:00,Pivot,Session,52235,NEG,13,-4,-140,1,BREAK,UP,52252,3,17,3
2026-07-21 04:57:00,Pivot,Session,52235,NEG,14,0,-134,0,BREAK,UP,52253,3,18,0
2026-07-21 05:33:00,Pivot,Session,52235,NEG,15,-4,-140,1,BREAK,UP,52257,3,22,7
2026-07-21 05:47:00,Pivot,Session,52235,NEG,16,-7.33,-152,1,BREAK,UP,52253,5,18,7
2026-07-21 05:59:00,Pivot,Session,52235,NEG,17,-9.67,-137,0,BREAK,DOWN,52219,5,2,20
2026-07-21 06:08:00,Pivot,Session,52235,NEG,18,-0.33,-149,1,BREAK,DOWN,52220,2,0,18
2026-07-21 06:21:00,Pivot,Session,52235,NEG,19,-0.33,-137,0,BREAK,UP,52250,3,16,0
2026-07-21 06:37:00,Call Wall 0DTE,Gamma,52300,NEG,2,13,-80,1,BREAK,UP,52316,5,26,4
2026-07-21 06:40:00,ONH,Overnight,52326,NEG,2,4,-59,1,BREAK,DOWN,52301,3,0,25
2026-07-21 06:40:00,Y-Mid,Session,52316,NEG,2,18.33,-66,1,BREAK,DOWN,52301,6,10,15
2026-07-21 06:47:00,Call Wall 0DTE,Gamma,52300,NEG,3,2,-71,0,REJECT,DOWN,52293,1,0,22
2026-07-21 06:55:00,Y-Mid,Session,52316,NEG,3,2.67,-62,1,BREAK,DOWN,52291,1,0,25
2026-07-21 07:04:00,Call Wall 0DTE,Gamma,52300,NEG,4,-6,-82,1,HOLD,NONE,52291,6,11,14
2026-07-21 07:22:00,Pivot,Session,52235,NEG,20,-2.33,-140,1,BREAK,DOWN,52216,2,4,33
2026-07-21 07:40:00,Pivot,Session,52235,NEG,21,5.33,-150,1,HOLD,NONE,52243,6,19,13
2026-07-21 08:06:00,ONM,Overnight,52180,NEG,1,4.33,-192,0,BREAK,UP,52197,4,20,0
2026-07-21 08:18:00,PWL,PriorWeek,52174,NEG,1,0,-213,1,BREAK,UP,52195,2,23,19
2026-07-21 08:18:00,ONM,Overnight,52180,NEG,2,0,-213,1,BREAK,UP,52195,2,17,25
2026-07-21 08:34:00,PWL,PriorWeek,52174,NEG,2,1,-199,0,HOLD,NONE,52178,6,7,8
2026-07-21 08:34:00,ONM,Overnight,52180,NEG,3,1,-199,1,HOLD,NONE,52178,6,1,14
2026-07-21 08:42:00,PWL,PriorWeek,52174,NEG,3,0.67,-202,1,BREAK,DOWN,52150,2,2,24
2026-07-21 08:42:00,ONM,Overnight,52180,NEG,4,0.67,-202,1,BREAK,DOWN,52150,2,0,30
2026-07-21 09:05:00,ONM,Overnight,52180,NEG,5,-2,-195,1,BREAK,UP,52199,4,26,0
2026-07-21 09:23:00,Pivot,Session,52235,NEG,22,-1.67,-137,0,BREAK,UP,52256,5,23,6
2026-07-21 09:31:00,Pivot,Session,52235,NEG,23,0,-121,0,BREAK,UP,52285,1,62,8
2026-07-21 09:32:00,Call Wall 0DTE,Gamma,52300,NEG,5,-1,-90,1,BREAK,DOWN,52259,1,0,60
2026-07-21 09:42:00,PWL,PriorWeek,52174,NEG,4,-6.33,-202,1,BREAK,DOWN,52133,1,1,52
2026-07-21 09:42:00,ONM,Overnight,52180,NEG,6,-6.33,-202,1,BREAK,DOWN,52133,1,0,58
2026-07-21 09:57:00,PWL,PriorWeek,52174,NEG,5,1.33,-180,0,BREAK,UP,52206,2,44,10
2026-07-21 09:57:00,ONM,Overnight,52180,NEG,7,1.33,-180,0,BREAK,UP,52206,2,38,16
2026-07-21 09:59:00,Pivot,Session,52235,NEG,24,13.33,-143,1,BREAK,DOWN,52203,1,0,40
2026-07-21 10:05:00,Call Wall 0DTE,Gamma,52300,NEG,6,18,-59,0,BREAK,UP,52324,1,36,0
2026-07-21 10:05:00,Y-Mid,Session,52316,NEG,4,18,-59,1,REJECT,UP,52324,1,20,9
2026-07-21 10:06:00,ONH,Overnight,52326,NEG,3,18,-59,1,BREAK,DOWN,52306,2,10,24
2026-07-21 10:11:00,PWC,PriorWeek,52375,NEG,1,15,-42,1,BREAK,DOWN,52351,1,0,58
2026-07-21 10:30:00,PWC,PriorWeek,52375,NEG,2,-6,-5,1,BREAK,UP,52394,6,23,16
2026-07-21 10:37:00,PWC,PriorWeek,52375,NEG,3,-4.33,-10,1,BREAK,DOWN,52347,1,0,32
2026-07-21 10:39:00,ONH,Overnight,52326,NEG,4,-10,-43,0,BREAK,DOWN,52310,1,6,16
2026-07-21 10:41:00,Call Wall 0DTE,Gamma,52300,NEG,7,-18.33,-69,0,REJECT,UP,52313,1,27,0
2026-07-21 10:42:00,Y-Mid,Session,52316,NEG,5,-19.33,-65,1,BREAK,DOWN,52285,3,11,35
2026-07-21 10:50:00,PWC,PriorWeek,52375,NEG,4,1,-20,1,REJECT,DOWN,52366,1,0,24
2026-07-21 10:54:00,ONH,Overnight,52326,NEG,5,10.33,-47,0,BREAK,DOWN,52308,2,11,22
2026-07-21 10:55:00,Y-Mid,Session,52316,NEG,6,-9,-57,0,REJECT,DOWN,52306,2,8,23
2026-07-21 11:00:00,Call Wall 0DTE,Gamma,52300,NEG,8,-14.33,-69,0,BREAK,UP,52321,5,24,11
2026-07-21 11:08:00,Y-Mid,Session,52316,NEG,7,-4,-56,0,BREAK,UP,52335,3,22,7
2026-07-21 11:10:00,ONH,Overnight,52326,NEG,6,-4,-56,1,BREAK,UP,52344,5,28,17
2026-07-21 11:19:00,PWC,PriorWeek,52375,NEG,5,0,-16,1,REJECT,UP,52388,2,21,16
2026-07-21 12:12:00,R1,Session,52471,NEG,1,2,93,1,BREAK,DOWN,52456,1,0,16
2026-07-21 13:37:00,R1,Session,52471,NEG,2,-0.67,102,0,BREAK,UP,52488,2,19,0
2026-07-21 14:02:00,R1,Session,52471,NEG,3,-5.33,99,0,HOLD,NONE,52466,6,8,12
2026-07-21 21:27:00,PWC,PriorWeek,52375,NEG,6,-1.67,6,0,BREAK,UP,52390,3,15,0
2026-07-22 08:28:00,Y-Mid,Session,52316,NEG,1,-36.33,-53,0,BREAK,UP,52336,3,20,1
2026-07-22 08:29:00,ONH,Overnight,52326,NEG,1,3.33,-43,0,HOLD,NONE,52334,6,12,11
2026-07-22 08:36:00,PWC,PriorWeek,52375,NEG,1,11.67,6,0,BREAK,UP,52396,3,22,0
2026-07-22 08:49:00,PWC,PriorWeek,52375,NEG,2,-1.33,5,0,BREAK,DOWN,52353,4,7,29
2026-07-22 08:58:00,Call Wall 0DTE,Gamma,52300,NEG,1,4.33,-72,0,BREAK,UP,52321,1,31,18
2026-07-22 08:58:00,ONH,Overnight,52326,NEG,2,4.33,-72,1,REJECT,DOWN,52321,1,5,44
2026-07-22 08:59:00,Y-Mid,Session,52316,NEG,2,4.33,-72,1,BREAK,UP,52337,2,23,34
2026-07-22 09:20:00,PWC,PriorWeek,52375,NEG,3,7,1,0,BREAK,UP,52405,3,30,2
2026-07-22 09:32:00,PWC,PriorWeek,52375,NEG,4,13.67,71,0,BREAK,UP,52539,1,167,0
2026-07-22 09:33:00,R1,Session,52471,NEG,1,10.33,164,0,BREAK,UP,52526,1,83,0
2026-07-22 09:45:00,R1,Session,52471,NEG,2,-23.33,139,0,BREAK,UP,52527,1,69,0
2026-07-22 09:58:00,PWM,PriorWeek,52644,NEG,1,3.33,277,0,BREAK,UP,52675,1,48,0
2026-07-22 10:00:00,PMC,PriorMonth,52670,NEG,1,21.67,300,0,BREAK,DOWN,52644,2,6,37
2026-07-22 10:12:00,PMC,PriorMonth,52670,NEG,2,-19,298,0,BREAK,DOWN,52647,2,12,26
2026-07-22 10:13:00,PWM,PriorWeek,52644,NEG,2,2.67,272,0,REJECT,DOWN,52643,1,3,20
2026-07-16 20:11:00,PMC,PriorMonth,52670,NEG,1,-3.67,295,1,BREAK,DOWN,52654,6,5,18
2026-07-16 20:16:00,PWM,PriorWeek,52644,NEG,1,-1,273,0,BREAK,UP,52659,4,15,1
2026-07-16 20:19:00,PMC,PriorMonth,52670,NEG,2,6,289,1,BREAK,DOWN,52652,1,0,19
2026-07-16 20:30:00,PWM,PriorWeek,52644,NEG,2,-1.33,265,1,REJECT,DOWN,52630,5,3,20
2026-07-16 22:59:00,R1,Session,52471,NEG,1,-5.67,96,1,BREAK,UP,52489,3,18,5
2026-07-16 23:50:00,R1,Session,52471,NEG,2,-8.33,102,0,HOLD,NONE,52470,6,11,1
2026-07-17 00:41:00,PWC,PriorWeek,52375,NEG,1,-1,0,1,HOLD,NONE,52366,6,7,10
2026-07-17 01:03:00,PWC,PriorWeek,52375,NEG,2,-4.33,10,0,BREAK,UP,52390,2,15,0
2026-07-17 01:19:00,PWC,PriorWeek,52375,NEG,3,-0.67,1,0,HOLD,NONE,52389,6,14,6
2026-07-17 01:32:00,PWC,PriorWeek,52375,NEG,4,-2.33,1,0,HOLD,NONE,52371,6,10,8
2026-07-17 01:42:00,ONH,Overnight,52326,NEG,1,-5,-49,1,BREAK,UP,52349,4,26,0
2026-07-17 01:59:00,PWC,PriorWeek,52375,NEG,5,3.33,1,0,HOLD,NONE,52388,6,14,4
2026-07-17 02:34:00,R1,Session,52471,NEG,1,4.33,92,1,BREAK,UP,52486,6,15,8
2026-07-17 03:09:00,R1,Session,52471,NEG,2,-1,88,1,HOLD,NONE,52461,6,13,15
2026-07-17 03:16:00,R1,Session,52471,NEG,3,-0.33,98,0,BREAK,UP,52486,1,18,0
2026-07-17 03:28:00,R1,Session,52471,NEG,4,-0.67,114,0,BREAK,UP,52489,1,18,0
2026-07-17 04:23:00,R1,Session,52471,NEG,5,-2,97,0,HOLD,NONE,52462,6,3,16
2026-07-17 04:31:00,R1,Session,52471,NEG,6,8,100,0,REJECT,UP,52480,1,27,0
2026-07-17 05:05:00,PWC,PriorWeek,52375,NEG,6,-13.33,3,0,BREAK,UP,52392,2,22,7
2026-07-17 06:22:00,R1,Session,52471,NEG,7,4.67,92,1,BREAK,DOWN,52449,4,0,25
2026-07-17 06:40:00,R1,Session,52471,NEG,8,3.67,90,1,HOLD,NONE,52460,6,0,17
2026-07-17 06:53:00,R1,Session,52471,NEG,9,1.67,94,1,BREAK,DOWN,52451,4,0,22
2026-07-17 07:13:00,R1,Session,52471,NEG,10,-3.67,95,1,BREAK,DOWN,52453,2,1,20
2026-07-17 07:25:00,R1,Session,52471,NEG,11,-8,94,1,BREAK,DOWN,52455,2,2,21
2026-07-17 08:16:00,R1,Session,52471,NEG,12,2,105,0,HOLD,NONE,52470,6,15,6
2026-07-17 08:29:00,R1,Session,52471,NEG,13,-2.67,96,1,HOLD,NONE,52470,6,6,11
2026-07-17 08:41:00,R1,Session,52471,NEG,14,2,89,1,BREAK,DOWN,52450,1,0,25
2026-07-17 09:01:00,PWC,PriorWeek,52375,NEG,7,-1.33,-13,1,BREAK,DOWN,52342,2,0,34
2026-07-17 09:03:00,Call Wall 0DTE,Gamma,52300,NEG,1,-17.33,-49,0,BREAK,UP,52328,1,32,0
2026-07-17 09:05:00,ONH,Overnight,52326,NEG,2,-17.33,-49,1,BREAK,DOWN,52306,3,6,22
2026-07-17 09:06:00,Y-Mid,Session,52316,NEG,1,-17.33,-49,0,REJECT,DOWN,52310,4,16,21
2026-07-17 09:20:00,Call Wall 0DTE,Gamma,52300,NEG,2,6.67,-72,0,BREAK,DOWN,52275,1,4,27
2026-07-17 09:20:00,Y-Mid,Session,52316,NEG,2,6.67,-72,1,BREAK,DOWN,52275,1,0,43
2026-07-17 09:25:00,Pivot,Session,52235,NEG,1,-18.67,-135,0,BREAK,UP,52252,2,18,2
2026-07-17 09:32:00,PWL,PriorWeek,52174,NEG,1,-7.33,-155,0,BREAK,UP,52257,1,119,0
2026-07-17 09:32:00,ONM,Overnight,52180,NEG,1,-7.33,-155,0,BREAK,UP,52257,1,113,0
2026-07-17 09:34:00,Call Wall 0DTE,Gamma,52300,NEG,3,-6.33,-96,1,BREAK,DOWN,52278,1,10,26
2026-07-17 09:34:00,ONH,Overnight,52326,NEG,3,-6.33,-96,1,BREAK,DOWN,52278,1,0,52
2026-07-17 09:34:00,Y-Mid,Session,52316,NEG,3,-6.33,-96,1,BREAK,DOWN,52278,1,0,42
2026-07-17 09:39:00,PWC,PriorWeek,52375,NEG,8,15.33,1,0,BREAK,UP,52412,1,62,7
2026-07-17 09:41:00,R1,Session,52471,NEG,15,41.33,84,1,BREAK,UP,52521,1,77,24
2026-07-17 09:47:00,PMC,PriorMonth,52670,NEG,1,-11.67,304,0,REJECT,UP,52674,1,41,0
2026-07-17 09:47:00,PWM,PriorWeek,52644,NEG,1,-11.67,304,0,BREAK,UP,52674,1,67,0
2026-07-17 09:59:00,PMC,PriorMonth,52670,NEG,2,-4,303,0,BREAK,UP,52713,1,44,0
2026-07-17 11:06:00,PMC,PriorMonth,52670,NEG,3,-8,311,0,BREAK,UP,52713,3,47,0
2026-07-17 11:16:00,PWM,PriorWeek,52644,NEG,2,-9.33,279,0,BREAK,DOWN,52623,1,13,22
2026-07-17 11:21:00,PMC,PriorMonth,52670,NEG,4,12,279,1,REJECT,DOWN,52658,1,0,35
2026-07-17 11:37:00,PMC,PriorMonth,52670,NEG,5,-21.33,302,0,REJECT,UP,52671,1,22,0
2026-07-17 11:52:00,PMC,PriorMonth,52670,NEG,6,-0.33,309,0,REJECT,UP,52682,1,25,0
2026-07-17 12:04:00,PMC,PriorMonth,52670,NEG,7,-24,293,1,BREAK,DOWN,52639,1,0,42
2026-07-17 12:05:00,PWM,PriorWeek,52644,NEG,3,-25.33,264,1,REJECT,DOWN,52643,1,0,22
2026-07-17 12:16:00,PMC,PriorMonth,52670,NEG,8,4.33,313,0,BREAK,UP,52685,1,28,0
2026-07-17 12:24:00,PWM,PriorWeek,52644,NEG,4,-2,267,1,BREAK,DOWN,52619,2,13,25
2026-07-17 12:51:00,PWM,PriorWeek,52644,NEG,5,15.33,256,1,BREAK,DOWN,52610,1,0,40
2026-07-17 14:03:00,R1,Session,52471,NEG,16,-0.67,98,0,BREAK,UP,52501,6,30,5
2026-07-17 14:15:00,R1,Session,52471,NEG,17,-2,105,0,HOLD,NONE,52467,6,12,9
2026-07-17 15:12:00,PWC,PriorWeek,52375,NEG,9,-5.67,12,0,BREAK,UP,52394,1,19,0
2026-07-17 15:24:00,PWC,PriorWeek,52375,NEG,10,-1.67,-2,1,BREAK,DOWN,52355,1,0,20
2026-07-17 15:41:00,PWC,PriorWeek,52375,NEG,11,7.67,-13,1,BREAK,UP,52390,6,24,18
2026-07-17 16:01:00,PWC,PriorWeek,52375,NEG,12,-2.33,-2,1,BREAK,DOWN,52350,1,1,34
2026-07-17 16:06:00,ONH,Overnight,52326,NEG,4,-6.67,-41,0,BREAK,UP,52342,1,20,0
2026-07-17 16:12:00,Y-Mid,Session,52316,NEG,4,0.33,-53,0,BREAK,UP,52337,1,21,0
2026-07-17 16:21:00,ONH,Overnight,52326,NEG,5,-1.33,-43,0,BREAK,UP,52342,3,17,0
2026-07-17 16:46:00,PWC,PriorWeek,52375,NEG,13,4.33,-10,1,HOLD,NONE,52375,6,6,8
2026-07-17 16:58:00,PWC,PriorWeek,52375,NEG,14,0.67,4,0,HOLD,NONE,52381,6,18,0
2026-07-19 18:03:00,Call Wall 0DTE,Gamma,52300,NEG,1,-3,-70,0,REJECT,DOWN,52293,2,12,23
2026-07-19 18:08:00,Pivot,Session,52235,NEG,1,-8,-137,0,BREAK,UP,52268,1,33,0
2026-07-19 18:21:00,Call Wall 0DTE,Gamma,52300,NEG,2,1.67,-75,1,BREAK,UP,52326,5,26,1
2026-07-19 18:25:00,ONH,Overnight,52326,NEG,1,1.33,-49,1,BREAK,DOWN,52304,4,3,22
2026-07-19 18:27:00,Y-Mid,Session,52316,NEG,1,1.33,-49,0,BREAK,DOWN,52295,6,13,23
2026-07-19 18:35:00,Call Wall 0DTE,Gamma,52300,NEG,3,-1.33,-78,1,BREAK,UP,52318,2,18,0
2026-07-19 18:37:00,Y-Mid,Session,52316,NEG,2,5.33,-61,1,BREAK,UP,52338,3,22,2
2026-07-19 18:42:00,ONH,Overnight,52326,NEG,2,10.33,-54,1,BREAK,UP,52345,5,22,4
2026-07-19 18:56:00,ONH,Overnight,52326,NEG,3,-7.33,-46,0,BREAK,UP,52345,2,19,0
2026-07-19 19:10:00,Y-Mid,Session,52316,NEG,3,-4.33,-54,0,HOLD,NONE,52324,6,14,2
2026-07-19 19:12:00,ONH,Overnight,52326,NEG,4,0,-49,1,HOLD,NONE,52338,6,12,12
2026-07-19 19:26:00,Y-Mid,Session,52316,NEG,4,-1,-62,1,BREAK,UP,52340,2,24,1
2026-07-19 19:28:00,ONH,Overnight,52326,NEG,5,-0.67,-49,1,HOLD,NONE,52316,6,14,13
2026-07-19 19:36:00,ONH,Overnight,52326,NEG,6,-0.67,-50,1,BREAK,UP,52344,2,19,1
2026-07-19 19:51:00,Y-Mid,Session,52316,NEG,5,3.33,-47,0,BREAK,UP,52335,5,20,0
2026-07-19 19:52:00,ONH,Overnight,52326,NEG,7,3.33,-47,0,BREAK,UP,52351,6,25,7
2026-07-19 20:09:00,PWC,PriorWeek,52375,NEG,1,4.67,-4,1,BREAK,UP,52399,2,25,4
2026-07-19 20:25:00,PWC,PriorWeek,52375,NEG,2,3,10,0,HOLD,NONE,52372,6,19,8
2026-07-19 20:33:00,PWC,PriorWeek,52375,NEG,3,0.33,-13,1,BREAK,DOWN,52356,2,0,21
2026-07-19 21:03:00,PWC,PriorWeek,52375,NEG,4,3.67,-3,1,HOLD,NONE,52385,6,19,15
2026-07-19 21:19:00,PWC,PriorWeek,52375,NEG,5,-3,7,0,HOLD,NONE,52371,6,6,9
2026-07-19 21:30:00,PWC,PriorWeek,52375,NEG,6,5.33,11,0,BREAK,DOWN,52355,4,11,21
2026-07-19 21:49:00,ONH,Overnight,52326,NEG,8,-3.33,-49,1,HOLD,NONE,52325,6,3,15
2026-07-19 21:50:00,Y-Mid,Session,52316,NEG,6,-8.67,-58,0,HOLD,NONE,52326,6,14,1
2026-07-19 21:55:00,Call Wall 0DTE,Gamma,52300,NEG,4,-7,-75,1,BREAK,DOWN,52283,2,0,17
2026-07-19 22:02:00,Y-Mid,Session,52316,NEG,7,2.67,-59,1,REJECT,UP,52330,1,21,0
2026-07-19 22:03:00,ONH,Overnight,52326,NEG,9,4.33,-45,0,BREAK,UP,52344,1,19,0
2026-07-19 22:17:00,Y-Mid,Session,52316,NEG,8,-6,-58,0,BREAK,DOWN,52298,2,0,19
2026-07-19 22:22:00,Call Wall 0DTE,Gamma,52300,NEG,5,-5.67,-70,0,HOLD,NONE,52299,6,7,12
2026-07-19 22:31:00,Call Wall 0DTE,Gamma,52300,NEG,6,-2,-76,1,BREAK,UP,52327,3,27,0
2026-07-19 22:33:00,ONH,Overnight,52326,NEG,10,5.67,-48,0,BREAK,UP,52342,2,16,0
2026-07-19 22:33:00,Y-Mid,Session,52316,NEG,9,3.33,-65,1,BREAK,UP,52342,3,26,9
2026-07-19 23:12:00,ONH,Overnight,52326,NEG,11,-0.67,-50,1,HOLD,NONE,52323,6,0,10
2026-07-19 23:13:00,Y-Mid,Session,52316,NEG,10,-4,-57,0,HOLD,NONE,52315,6,9,2
2026-07-20 00:14:00,ONH,Overnight,52326,NEG,1,-1,-44,0,HOLD,NONE,52327,6,8,1
2026-07-20 00:22:00,Y-Mid,Session,52316,NEG,1,-4,-59,1,HOLD,NONE,52326,6,14,4
2026-07-20 00:26:00,ONH,Overnight,52326,NEG,2,0.67,-51,1,HOLD,NONE,52340,6,17,2
2026-07-20 00:45:00,PWC,PriorWeek,52375,NEG,1,-0.33,-3,1,HOLD,NONE,52389,6,16,2
2026-07-20 01:06:00,PWC,PriorWeek,52375,NEG,2,-0.67,5,0,HOLD,NONE,52370,6,11,6
2026-07-20 01:30:00,ONH,Overnight,52326,NEG,3,-2,-46,0,HOLD,NONE,52335,6,10,0
2026-07-20 01:45:00,ONH,Overnight,52326,NEG,4,2.33,-37,0,HOLD,NONE,52332,6,16,0
2026-07-20 01:53:00,Y-Mid,Session,52316,NEG,2,-3,-51,0,HOLD,NONE,52322,6,19,1
2026-07-20 01:57:00,ONH,Overnight,52326,NEG,5,0.33,-50,1,HOLD,NONE,52322,6,0,17
2026-07-20 02:05:00,Y-Mid,Session,52316,NEG,3,3,-62,1,HOLD,NONE,52316,6,7,6
2026-07-20 02:09:00,Call Wall 0DTE,Gamma,52300,NEG,1,-1.33,-70,0,BREAK,UP,52324,3,25,0
2026-07-20 02:12:00,ONH,Overnight,52326,NEG,6,-0.67,-51,1,BREAK,DOWN,52308,3,4,19
2026-07-20 02:17:00,Y-Mid,Session,52316,NEG,4,5.33,-63,1,HOLD,NONE,52317,6,5,10
2026-07-20 02:24:00,Call Wall 0DTE,Gamma,52300,NEG,2,-2.67,-71,0,BREAK,UP,52317,4,20,0
2026-07-20 02:30:00,Y-Mid,Session,52316,NEG,5,2.67,-58,0,BREAK,DOWN,52301,6,3,18
2026-07-20 02:34:00,Call Wall 0DTE,Gamma,52300,NEG,3,-0.33,-73,0,BREAK,DOWN,52284,2,1,16
2026-07-20 02:48:00,Call Wall 0DTE,Gamma,52300,NEG,4,-4.67,-78,1,BREAK,DOWN,52284,2,3,16
2026-07-20 03:02:00,Call Wall 0DTE,Gamma,52300,NEG,5,1,-58,0,BREAK,UP,52337,1,38,0
2026-07-20 03:02:00,Y-Mid,Session,52316,NEG,6,1,-58,0,BREAK,UP,52337,1,22,0
2026-07-20 03:07:00,ONH,Overnight,52326,NEG,7,9.67,-38,0,BREAK,DOWN,52311,5,9,18
2026-07-20 03:18:00,Y-Mid,Session,52316,NEG,7,1,-64,1,BREAK,DOWN,52301,5,2,16
2026-07-20 03:21:00,Call Wall 0DTE,Gamma,52300,NEG,6,2,-74,0,BREAK,UP,52320,3,28,0
2026-07-20 03:23:00,ONH,Overnight,52326,NEG,8,0,-55,1,BREAK,UP,52367,2,41,11
2026-07-20 03:31:00,PWC,PriorWeek,52375,NEG,3,-0.67,7,0,BREAK,UP,52409,4,48,0
2026-07-20 03:48:00,R1,Session,52471,NEG,1,5.33,90,1,BREAK,DOWN,52440,2,0,34
2026-07-20 04:05:00,R1,Session,52471,NEG,2,6,93,1,BREAK,DOWN,52455,2,0,16
2026-07-20 04:21:00,R1,Session,52471,NEG,3,1,94,1,BREAK,DOWN,52455,4,0,22
2026-07-20 04:31:00,R1,Session,52471,NEG,4,0.67,85,1,BREAK,DOWN,52450,1,0,24
2026-07-20 04:44:00,R1,Session,52471,NEG,5,3,98,0,BREAK,DOWN,52456,1,3,15
2026-07-20 05:06:00,R1,Session,52471,NEG,6,4.33,93,1,BREAK,DOWN,52456,5,3,16
2026-07-20 05:16:00,R1,Session,52471,NEG,7,4,98,0,BREAK,UP,52490,3,22,4
2026-07-20 06:22:00,R1,Session,52471,NEG,8,-8.67,98,0,HOLD,NONE,52474,6,6,11
2026-07-20 06:36:00,R1,Session,52471,NEG,9,-0.67,83,1,BREAK,DOWN,52454,4,0,21
2026-07-20 06:51:00,R1,Session,52471,NEG,10,6,91,1,BREAK,UP,52488,3,17,1
2026-07-20 07:31:00,R1,Session,52471,NEG,11,-3,98,0,BREAK,UP,52532,2,97,0
2026-07-20 08:04:00,R1,Session,52471,NEG,12,-10,108,0,REJECT,UP,52477,1,22,6
2026-07-20 08:17:00,R1,Session,52471,NEG,13,-8,99,0,BREAK,UP,52486,2,16,13
2026-07-20 08:29:00,R1,Session,52471,NEG,14,3,99,0,BREAK,UP,52489,1,18,0
2026-07-20 08:44:00,R1,Session,52471,NEG,15,-2,99,0,BREAK,DOWN,52452,3,4,23
2026-07-20 08:56:00,R1,Session,52471,NEG,16,-8.33,69,1,BREAK,DOWN,52433,1,0,42
2026-07-20 09:13:00,R1,Session,52471,NEG,17,0.33,80,1,BREAK,DOWN,52450,1,0,23
2026-07-20 09:26:00,R1,Session,52471,NEG,18,5.33,99,0,BREAK,UP,52486,1,18,3
2026-07-20 09:38:00,R1,Session,52471,NEG,19,-27.67,115,0,BREAK,UP,52515,1,49,0
2026-07-20 09:53:00,R1,Session,52471,NEG,20,6,57,1,BREAK,DOWN,52383,1,0,99
2026-07-20 09:54:00,PWC,PriorWeek,52375,NEG,4,1.33,8,0,BREAK,DOWN,52347,1,10,36
2026-07-20 09:57:00,ONH,Overnight,52326,NEG,9,-30,-41,0,BREAK,UP,52346,1,21,3
2026-07-20 10:01:00,Y-Mid,Session,52316,NEG,8,0.67,-56,0,BREAK,UP,52350,1,62,0
2026-07-20 10:04:00,Call Wall 0DTE,Gamma,52300,NEG,7,-1.33,-36,0,BREAK,UP,52341,1,51,0
2026-07-20 10:27:00,Pivot,Session,52235,NEG,1,-1.33,-149,1,HOLD,NONE,52238,6,17,19
2026-07-20 10:34:00,Pivot,Session,52235,NEG,2,5,-157,1,BREAK,DOWN,52203,1,0,34
2026-07-20 10:38:00,PWL,PriorWeek,52174,NEG,1,-13,-192,0,BREAK,UP,52221,1,49,0
2026-07-20 10:38:00,ONM,Overnight,52180,NEG,1,-14.33,-196,1,BREAK,UP,52221,2,43,4
2026-07-20 10:51:00,Pivot,Session,52235,NEG,3,-2.33,-144,1,REJECT,UP,52244,5,21,13
2026-07-20 11:00:00,PWL,PriorWeek,52174,NEG,2,-3.33,-196,0,BREAK,UP,52196,1,29,15
2026-07-20 11:00:00,ONM,Overnight,52180,NEG,2,-3.33,-196,1,BREAK,UP,52196,1,23,21
2026-07-20 11:11:00,Pivot,Session,52235,NEG,4,18,-143,1,BREAK,DOWN,52211,1,6,25
2026-07-20 11:23:00,Pivot,Session,52235,NEG,5,2,-126,0,BREAK,UP,52263,1,31,0
2026-07-20 11:44:00,Pivot,Session,52235,NEG,6,1.67,-141,1,HOLD,NONE,52236,6,17,16
2026-07-20 11:52:00,Pivot,Session,52235,NEG,7,-0.67,-132,0,BREAK,UP,52255,2,30,0
2026-07-20 12:04:00,Pivot,Session,52235,NEG,8,-0.33,-144,1,BREAK,UP,52255,1,22,11
2026-07-20 12:16:00,Call Wall 0DTE,Gamma,52300,NEG,8,4,-77,1,BREAK,DOWN,52264,5,4,40
2026-07-20 12:26:00,Call Wall 0DTE,Gamma,52300,NEG,9,-4.33,-79,1,BREAK,DOWN,52272,2,1,28
2026-07-20 12:38:00,Pivot,Session,52235,NEG,9,-5,-138,0,BREAK,UP,52256,3,21,0
2026-07-20 12:43:00,PWL,PriorWeek,52174,NEG,3,3.33,-167,0,BREAK,UP,52227,1,59,0
2026-07-20 12:43:00,ONM,Overnight,52180,NEG,3,3.33,-167,0,BREAK,UP,52227,1,53,0
2026-07-20 12:55:00,Pivot,Session,52235,NEG,10,-7.33,-124,0,BREAK,DOWN,52203,2,15,35
2026-07-20 13:06:00,ONM,Overnight,52180,NEG,4,-9.67,-195,1,BREAK,DOWN,52163,1,2,25
2026-07-20 13:12:00,PWL,PriorWeek,52174,NEG,4,-4,-212,1,HOLD,NONE,52165,6,18,17
2026-07-20 13:37:00,PWL,PriorWeek,52174,NEG,5,12,-206,1,BREAK,DOWN,52141,1,0,36
2026-07-20 13:57:00,ONM,Overnight,52180,NEG,5,5.67,-200,1,BREAK,DOWN,52161,4,10,25
2026-07-20 13:59:00,PWL,PriorWeek,52174,NEG,6,5.67,-200,0,HOLD,NONE,52178,6,16,19
2026-07-20 14:23:00,Pivot,Session,52235,NEG,11,1.33,-146,1,BREAK,DOWN,52202,6,5,36
2026-07-20 14:26:00,PWL,PriorWeek,52174,NEG,7,-17,-205,1,BREAK,UP,52192,1,18,15
2026-07-20 14:27:00,ONM,Overnight,52180,NEG,6,-17,-205,1,REJECT,UP,52189,2,21,21
2026-07-20 14:47:00,ONL,Overnight,52035,NEG,1,-13.67,-338,0,BREAK,UP,52060,1,26,0
2026-07-20 15:08:00,ONL,Overnight,52035,NEG,2,-5.67,-302,0,BREAK,UP,52071,1,41,0
2026-07-20 15:17:00,Put Wall 0DTE,Gamma,52000,NEG,1,-21.33,-355,0,BREAK,UP,52036,1,37,0
2026-07-20 15:17:00,Put Wall,Gamma,52000,NEG,1,-21.33,-355,0,BREAK,UP,52036,1,37,0
2026-07-20 15:24:00,ONL,Overnight,52035,NEG,3,9,-337,0,BREAK,UP,52059,5,25,10
2026-07-20 18:02:00,ONL,Overnight,52035,NEG,4,9,-307,0,BREAK,UP,52070,1,46,0
2026-07-20 20:17:00,ONL,Overnight,52035,NEG,5,1.33,-337,0,BREAK,UP,52050,1,15,0
2026-07-20 23:31:00,PWL,PriorWeek,52174,NEG,8,1.33,-204,1,HOLD,NONE,52173,6,0,5
2026-07-20 23:43:00,PWL,PriorWeek,52174,NEG,9,1.33,-209,1,HOLD,NONE,52172,6,0,11
2026-07-20 23:55:00,PWL,PriorWeek,52174,NEG,10,0.33,-199,0,HOLD,NONE,52181,6,8,1
2026-07-20 23:55:00,ONM,Overnight,52180,NEG,7,0.33,-199,1,HOLD,NONE,52181,6,2,7
2026-07-21 00:42:00,Pivot,Session,52235,NEG,1,1,-138,0,HOLD,NONE,52235,6,8,3
2026-07-21 00:55:00,Pivot,Session,52235,NEG,2,0,-143,1,HOLD,NONE,52233,6,2,10
2026-07-21 01:07:00,Pivot,Session,52235,NEG,3,2.67,-141,1,BREAK,DOWN,52215,6,0,23
2026-07-21 01:37:00,Pivot,Session,52235,NEG,4,1,-146,1,HOLD,NONE,52239,6,5,7
2026-07-21 02:12:00,Pivot,Session,52235,NEG,5,-4.33,-144,1,REJECT,DOWN,52224,3,0,21
2026-07-21 02:32:00,Pivot,Session,52235,NEG,6,2.33,-133,0,HOLD,NONE,52246,6,18,6
2026-07-21 03:02:00,Pivot,Session,52235,NEG,7,0.33,-102,0,BREAK,UP,52277,1,43,0
2026-07-21 03:05:00,ONH,Overnight,52326,NEG,1,14.67,-74,1,BREAK,DOWN,52291,1,0,36
2026-07-21 03:05:00,Y-Mid,Session,52316,NEG,1,14.67,-74,1,BREAK,DOWN,52291,1,0,26
2026-07-21 03:09:00,Call Wall 0DTE,Gamma,52300,NEG,1,14.67,-74,0,BREAK,DOWN,52278,5,4,22
2026-07-21 03:20:00,Pivot,Session,52235,NEG,8,-1.67,-141,1,BREAK,UP,52251,3,17,0
2026-07-21 03:40:00,Pivot,Session,52235,NEG,9,0.67,-143,1,HOLD,NONE,52239,6,13,6
2026-07-21 03:51:00,Pivot,Session,52235,NEG,10,-4.33,-146,1,BREAK,DOWN,52215,4,0,21
2026-07-21 04:01:00,Pivot,Session,52235,NEG,11,4,-141,1,BREAK,DOWN,52213,2,1,28
2026-07-21 04:16:00,Pivot,Session,52235,NEG,12,4.33,-149,1,BREAK,UP,52251,5,19,16
2026-07-21 04:33:00,Pivot,Session,52235,NEG,13,-4,-140,1,BREAK,UP,52252,3,17,3
2026-07-21 04:57:00,Pivot,Session,52235,NEG,14,0,-134,0,BREAK,UP,52253,3,18,0
2026-07-21 05:33:00,Pivot,Session,52235,NEG,15,-4,-140,1,BREAK,UP,52257,3,22,7
2026-07-21 05:47:00,Pivot,Session,52235,NEG,16,-7.33,-152,1,BREAK,UP,52253,5,18,7
2026-07-21 05:59:00,Pivot,Session,52235,NEG,17,-9.67,-137,0,BREAK,DOWN,52219,5,2,20
2026-07-21 06:08:00,Pivot,Session,52235,NEG,18,-0.33,-149,1,BREAK,DOWN,52220,2,0,18
2026-07-21 06:21:00,Pivot,Session,52235,NEG,19,-0.33,-137,0,BREAK,UP,52250,3,16,0
2026-07-21 06:37:00,Call Wall 0DTE,Gamma,52300,NEG,2,13,-80,1,BREAK,UP,52316,5,26,4
2026-07-21 06:40:00,ONH,Overnight,52326,NEG,2,4,-59,1,BREAK,DOWN,52301,3,0,25
2026-07-21 06:40:00,Y-Mid,Session,52316,NEG,2,18.33,-66,1,BREAK,DOWN,52301,6,10,15
2026-07-21 06:47:00,Call Wall 0DTE,Gamma,52300,NEG,3,2,-71,0,REJECT,DOWN,52293,1,0,22
2026-07-21 06:55:00,Y-Mid,Session,52316,NEG,3,2.67,-62,1,BREAK,DOWN,52291,1,0,25
2026-07-21 07:04:00,Call Wall 0DTE,Gamma,52300,NEG,4,-6,-82,1,HOLD,NONE,52291,6,11,14
2026-07-21 07:22:00,Pivot,Session,52235,NEG,20,-2.33,-140,1,BREAK,DOWN,52216,2,4,33
2026-07-21 07:40:00,Pivot,Session,52235,NEG,21,5.33,-150,1,HOLD,NONE,52243,6,19,13
2026-07-21 08:06:00,ONM,Overnight,52180,NEG,1,4.33,-192,0,BREAK,UP,52197,4,20,0
2026-07-21 08:18:00,PWL,PriorWeek,52174,NEG,1,0,-213,1,BREAK,UP,52195,2,23,19
2026-07-21 08:18:00,ONM,Overnight,52180,NEG,2,0,-213,1,BREAK,UP,52195,2,17,25
2026-07-21 08:34:00,PWL,PriorWeek,52174,NEG,2,1,-199,0,HOLD,NONE,52178,6,7,8
2026-07-21 08:34:00,ONM,Overnight,52180,NEG,3,1,-199,1,HOLD,NONE,52178,6,1,14
2026-07-21 08:42:00,PWL,PriorWeek,52174,NEG,3,0.67,-202,1,BREAK,DOWN,52150,2,2,24
2026-07-21 08:42:00,ONM,Overnight,52180,NEG,4,0.67,-202,1,BREAK,DOWN,52150,2,0,30
2026-07-21 09:05:00,ONM,Overnight,52180,NEG,5,-2,-195,1,BREAK,UP,52199,4,26,0
2026-07-21 09:23:00,Pivot,Session,52235,NEG,22,-1.67,-137,0,BREAK,UP,52256,5,23,6
2026-07-21 09:31:00,Pivot,Session,52235,NEG,23,0,-121,0,BREAK,UP,52285,1,62,8
2026-07-21 09:32:00,Call Wall 0DTE,Gamma,52300,NEG,5,-1,-90,1,BREAK,DOWN,52259,1,0,60
2026-07-21 09:42:00,PWL,PriorWeek,52174,NEG,4,-6.33,-202,1,BREAK,DOWN,52133,1,1,52
2026-07-21 09:42:00,ONM,Overnight,52180,NEG,6,-6.33,-202,1,BREAK,DOWN,52133,1,0,58
2026-07-21 09:57:00,PWL,PriorWeek,52174,NEG,5,1.33,-180,0,BREAK,UP,52206,2,44,10
2026-07-21 09:57:00,ONM,Overnight,52180,NEG,7,1.33,-180,0,BREAK,UP,52206,2,38,16
2026-07-21 09:59:00,Pivot,Session,52235,NEG,24,13.33,-143,1,BREAK,DOWN,52203,1,0,40
2026-07-21 10:05:00,Call Wall 0DTE,Gamma,52300,NEG,6,18,-59,0,BREAK,UP,52324,1,36,0
2026-07-21 10:05:00,Y-Mid,Session,52316,NEG,4,18,-59,1,REJECT,UP,52324,1,20,9
2026-07-21 10:06:00,ONH,Overnight,52326,NEG,3,18,-59,1,BREAK,DOWN,52306,2,10,24
2026-07-21 10:11:00,PWC,PriorWeek,52375,NEG,1,15,-42,1,BREAK,DOWN,52351,1,0,58
2026-07-21 10:30:00,PWC,PriorWeek,52375,NEG,2,-6,-5,1,BREAK,UP,52394,6,23,16
2026-07-21 10:37:00,PWC,PriorWeek,52375,NEG,3,-4.33,-10,1,BREAK,DOWN,52347,1,0,32
2026-07-21 10:39:00,ONH,Overnight,52326,NEG,4,-10,-43,0,BREAK,DOWN,52310,1,6,16
2026-07-21 10:41:00,Call Wall 0DTE,Gamma,52300,NEG,7,-18.33,-69,0,REJECT,UP,52313,1,27,0
2026-07-21 10:42:00,Y-Mid,Session,52316,NEG,5,-19.33,-65,1,BREAK,DOWN,52285,3,11,35
2026-07-21 10:50:00,PWC,PriorWeek,52375,NEG,4,1,-20,1,REJECT,DOWN,52366,1,0,24
2026-07-21 10:54:00,ONH,Overnight,52326,NEG,5,10.33,-47,0,BREAK,DOWN,52308,2,11,22
2026-07-21 10:55:00,Y-Mid,Session,52316,NEG,6,-9,-57,0,REJECT,DOWN,52306,2,8,23
2026-07-21 11:00:00,Call Wall 0DTE,Gamma,52300,NEG,8,-14.33,-69,0,BREAK,UP,52321,5,24,11
2026-07-21 11:08:00,Y-Mid,Session,52316,NEG,7,-4,-56,0,BREAK,UP,52335,3,22,7
2026-07-21 11:10:00,ONH,Overnight,52326,NEG,6,-4,-56,1,BREAK,UP,52344,5,28,17
2026-07-21 11:19:00,PWC,PriorWeek,52375,NEG,5,0,-16,1,REJECT,UP,52388,2,21,16
2026-07-21 12:12:00,R1,Session,52471,NEG,1,2,93,1,BREAK,DOWN,52456,1,0,16
2026-07-21 13:37:00,R1,Session,52471,NEG,2,-0.67,102,0,BREAK,UP,52488,2,19,0
2026-07-21 14:02:00,R1,Session,52471,NEG,3,-5.33,99,0,HOLD,NONE,52466,6,8,12
2026-07-21 21:27:00,PWC,PriorWeek,52375,NEG,6,-1.67,6,0,BREAK,UP,52390,3,15,0
2026-07-22 08:28:00,Y-Mid,Session,52316,NEG,1,-36.33,-53,0,BREAK,UP,52336,3,20,1
2026-07-22 08:29:00,ONH,Overnight,52326,NEG,1,3.33,-43,0,HOLD,NONE,52334,6,12,11
2026-07-22 08:36:00,PWC,PriorWeek,52375,NEG,1,11.67,6,0,BREAK,UP,52396,3,22,0
2026-07-22 08:49:00,PWC,PriorWeek,52375,NEG,2,-1.33,5,0,BREAK,DOWN,52353,4,7,29
2026-07-22 08:58:00,Call Wall 0DTE,Gamma,52300,NEG,1,4.33,-72,0,BREAK,UP,52321,1,31,18
2026-07-22 08:58:00,ONH,Overnight,52326,NEG,2,4.33,-72,1,REJECT,DOWN,52321,1,5,44
2026-07-22 08:59:00,Y-Mid,Session,52316,NEG,2,4.33,-72,1,BREAK,UP,52337,2,23,34
2026-07-22 09:20:00,PWC,PriorWeek,52375,NEG,3,7,1,0,BREAK,UP,52405,3,30,2
2026-07-22 09:32:00,PWC,PriorWeek,52375,NEG,4,13.67,71,0,BREAK,UP,52539,1,167,0
2026-07-22 09:33:00,R1,Session,52471,NEG,1,10.33,164,0,BREAK,UP,52526,1,83,0
2026-07-22 09:45:00,R1,Session,52471,NEG,2,-23.33,139,0,BREAK,UP,52527,1,69,0
2026-07-22 09:58:00,PWM,PriorWeek,52644,NEG,1,3.33,277,0,BREAK,UP,52675,1,48,0
2026-07-22 10:00:00,PMC,PriorMonth,52670,NEG,1,21.67,300,0,BREAK,DOWN,52644,2,6,37
2026-07-22 10:12:00,PMC,PriorMonth,52670,NEG,2,-19,298,0,BREAK,DOWN,52647,2,12,26
2026-07-22 10:13:00,PWM,PriorWeek,52644,NEG,2,2.67,272,0,REJECT,DOWN,52643,1,3,20
2026-07-16 20:11:00,PMC,PriorMonth,52670,NEG,1,-3.67,295,1,BREAK,DOWN,52654,6,5,18
2026-07-16 20:16:00,PWM,PriorWeek,52644,NEG,1,-1,273,0,BREAK,UP,52659,4,15,1
2026-07-16 20:19:00,PMC,PriorMonth,52670,NEG,2,6,289,1,BREAK,DOWN,52652,1,0,19
2026-07-16 20:30:00,PWM,PriorWeek,52644,NEG,2,-1.33,265,1,REJECT,DOWN,52630,5,3,20
2026-07-16 22:59:00,R1,Session,52471,NEG,1,-5.67,96,1,BREAK,UP,52489,3,18,5
2026-07-16 23:50:00,R1,Session,52471,NEG,2,-8.33,102,0,HOLD,NONE,52470,6,11,1
2026-07-17 00:41:00,PWC,PriorWeek,52375,NEG,1,-1,0,1,HOLD,NONE,52366,6,7,10
2026-07-17 01:03:00,PWC,PriorWeek,52375,NEG,2,-4.33,10,0,BREAK,UP,52390,2,15,0
2026-07-17 01:19:00,PWC,PriorWeek,52375,NEG,3,-0.67,1,0,HOLD,NONE,52389,6,14,6
2026-07-17 01:32:00,PWC,PriorWeek,52375,NEG,4,-2.33,1,0,HOLD,NONE,52371,6,10,8
2026-07-17 01:42:00,ONH,Overnight,52326,NEG,1,-5,-49,1,BREAK,UP,52349,4,26,0
2026-07-17 01:59:00,PWC,PriorWeek,52375,NEG,5,3.33,1,0,HOLD,NONE,52388,6,14,4
2026-07-17 02:34:00,R1,Session,52471,NEG,1,4.33,92,1,BREAK,UP,52486,6,15,8
2026-07-17 03:09:00,R1,Session,52471,NEG,2,-1,88,1,HOLD,NONE,52461,6,13,15
2026-07-17 03:16:00,R1,Session,52471,NEG,3,-0.33,98,0,BREAK,UP,52486,1,18,0
2026-07-17 03:28:00,R1,Session,52471,NEG,4,-0.67,114,0,BREAK,UP,52489,1,18,0
2026-07-17 04:23:00,R1,Session,52471,NEG,5,-2,97,0,HOLD,NONE,52462,6,3,16
2026-07-17 04:31:00,R1,Session,52471,NEG,6,8,100,0,REJECT,UP,52480,1,27,0
2026-07-17 05:05:00,PWC,PriorWeek,52375,NEG,6,-13.33,3,0,BREAK,UP,52392,2,22,7
2026-07-17 06:22:00,R1,Session,52471,NEG,7,4.67,92,1,BREAK,DOWN,52449,4,0,25
2026-07-17 06:40:00,R1,Session,52471,NEG,8,3.67,90,1,HOLD,NONE,52460,6,0,17
2026-07-17 06:53:00,R1,Session,52471,NEG,9,1.67,94,1,BREAK,DOWN,52451,4,0,22
2026-07-17 07:13:00,R1,Session,52471,NEG,10,-3.67,95,1,BREAK,DOWN,52453,2,1,20
2026-07-17 07:25:00,R1,Session,52471,NEG,11,-8,94,1,BREAK,DOWN,52455,2,2,21
2026-07-17 08:16:00,R1,Session,52471,NEG,12,2,105,0,HOLD,NONE,52470,6,15,6
2026-07-17 08:29:00,R1,Session,52471,NEG,13,-2.67,96,1,HOLD,NONE,52470,6,6,11
2026-07-17 08:41:00,R1,Session,52471,NEG,14,2,89,1,BREAK,DOWN,52450,1,0,25
2026-07-17 09:01:00,PWC,PriorWeek,52375,NEG,7,-1.33,-13,1,BREAK,DOWN,52342,2,0,34
2026-07-17 09:03:00,Call Wall 0DTE,Gamma,52300,NEG,1,-17.33,-49,0,BREAK,UP,52328,1,32,0
2026-07-17 09:05:00,ONH,Overnight,52326,NEG,2,-17.33,-49,1,BREAK,DOWN,52306,3,6,22
2026-07-17 09:06:00,Y-Mid,Session,52316,NEG,1,-17.33,-49,0,REJECT,DOWN,52310,4,16,21
2026-07-17 09:20:00,Call Wall 0DTE,Gamma,52300,NEG,2,6.67,-72,0,BREAK,DOWN,52275,1,4,27
2026-07-17 09:20:00,Y-Mid,Session,52316,NEG,2,6.67,-72,1,BREAK,DOWN,52275,1,0,43
2026-07-17 09:25:00,Pivot,Session,52235,NEG,1,-18.67,-135,0,BREAK,UP,52252,2,18,2
2026-07-17 09:32:00,PWL,PriorWeek,52174,NEG,1,-7.33,-155,0,BREAK,UP,52257,1,119,0
2026-07-17 09:32:00,ONM,Overnight,52180,NEG,1,-7.33,-155,0,BREAK,UP,52257,1,113,0
2026-07-17 09:34:00,Call Wall 0DTE,Gamma,52300,NEG,3,-6.33,-96,1,BREAK,DOWN,52278,1,10,26
2026-07-17 09:34:00,ONH,Overnight,52326,NEG,3,-6.33,-96,1,BREAK,DOWN,52278,1,0,52
2026-07-17 09:34:00,Y-Mid,Session,52316,NEG,3,-6.33,-96,1,BREAK,DOWN,52278,1,0,42
2026-07-17 09:39:00,PWC,PriorWeek,52375,NEG,8,15.33,1,0,BREAK,UP,52412,1,62,7
2026-07-17 09:41:00,R1,Session,52471,NEG,15,41.33,84,1,BREAK,UP,52521,1,77,24
2026-07-17 09:47:00,PMC,PriorMonth,52670,NEG,1,-11.67,304,0,REJECT,UP,52674,1,41,0
2026-07-17 09:47:00,PWM,PriorWeek,52644,NEG,1,-11.67,304,0,BREAK,UP,52674,1,67,0
2026-07-17 09:59:00,PMC,PriorMonth,52670,NEG,2,-4,303,0,BREAK,UP,52713,1,44,0
2026-07-17 11:06:00,PMC,PriorMonth,52670,NEG,3,-8,311,0,BREAK,UP,52713,3,47,0
2026-07-17 11:16:00,PWM,PriorWeek,52644,NEG,2,-9.33,279,0,BREAK,DOWN,52623,1,13,22
2026-07-17 11:21:00,PMC,PriorMonth,52670,NEG,4,12,279,1,REJECT,DOWN,52658,1,0,35
2026-07-17 11:37:00,PMC,PriorMonth,52670,NEG,5,-21.33,302,0,REJECT,UP,52671,1,22,0
2026-07-17 11:52:00,PMC,PriorMonth,52670,NEG,6,-0.33,309,0,REJECT,UP,52682,1,25,0
2026-07-17 12:04:00,PMC,PriorMonth,52670,NEG,7,-24,293,1,BREAK,DOWN,52639,1,0,42
2026-07-17 12:05:00,PWM,PriorWeek,52644,NEG,3,-25.33,264,1,REJECT,DOWN,52643,1,0,22
2026-07-17 12:16:00,PMC,PriorMonth,52670,NEG,8,4.33,313,0,BREAK,UP,52685,1,28,0
2026-07-17 12:24:00,PWM,PriorWeek,52644,NEG,4,-2,267,1,BREAK,DOWN,52619,2,13,25
2026-07-17 12:51:00,PWM,PriorWeek,52644,NEG,5,15.33,256,1,BREAK,DOWN,52610,1,0,40
2026-07-17 14:03:00,R1,Session,52471,NEG,16,-0.67,98,0,BREAK,UP,52501,6,30,5
2026-07-17 14:15:00,R1,Session,52471,NEG,17,-2,105,0,HOLD,NONE,52467,6,12,9
2026-07-17 15:12:00,PWC,PriorWeek,52375,NEG,9,-5.67,12,0,BREAK,UP,52394,1,19,0
2026-07-17 15:24:00,PWC,PriorWeek,52375,NEG,10,-1.67,-2,1,BREAK,DOWN,52355,1,0,20
2026-07-17 15:41:00,PWC,PriorWeek,52375,NEG,11,7.67,-13,1,BREAK,UP,52390,6,24,18
2026-07-17 16:01:00,PWC,PriorWeek,52375,NEG,12,-2.33,-2,1,BREAK,DOWN,52350,1,1,34
2026-07-17 16:06:00,ONH,Overnight,52326,NEG,4,-6.67,-41,0,BREAK,UP,52342,1,20,0
2026-07-17 16:12:00,Y-Mid,Session,52316,NEG,4,0.33,-53,0,BREAK,UP,52337,1,21,0
2026-07-17 16:21:00,ONH,Overnight,52326,NEG,5,-1.33,-43,0,BREAK,UP,52342,3,17,0
2026-07-17 16:46:00,PWC,PriorWeek,52375,NEG,13,4.33,-10,1,HOLD,NONE,52375,6,6,8
2026-07-17 16:58:00,PWC,PriorWeek,52375,NEG,14,0.67,4,0,HOLD,NONE,52381,6,18,0
2026-07-19 18:03:00,Call Wall 0DTE,Gamma,52300,NEG,1,-3,-70,0,REJECT,DOWN,52293,2,12,23
2026-07-19 18:08:00,Pivot,Session,52235,NEG,1,-8,-137,0,BREAK,UP,52268,1,33,0
2026-07-19 18:21:00,Call Wall 0DTE,Gamma,52300,NEG,2,1.67,-75,1,BREAK,UP,52326,5,26,1
2026-07-19 18:25:00,ONH,Overnight,52326,NEG,1,1.33,-49,1,BREAK,DOWN,52304,4,3,22
2026-07-19 18:27:00,Y-Mid,Session,52316,NEG,1,1.33,-49,0,BREAK,DOWN,52295,6,13,23
2026-07-19 18:35:00,Call Wall 0DTE,Gamma,52300,NEG,3,-1.33,-78,1,BREAK,UP,52318,2,18,0
2026-07-19 18:37:00,Y-Mid,Session,52316,NEG,2,5.33,-61,1,BREAK,UP,52338,3,22,2
2026-07-19 18:42:00,ONH,Overnight,52326,NEG,2,10.33,-54,1,BREAK,UP,52345,5,22,4
2026-07-19 18:56:00,ONH,Overnight,52326,NEG,3,-7.33,-46,0,BREAK,UP,52345,2,19,0
2026-07-19 19:10:00,Y-Mid,Session,52316,NEG,3,-4.33,-54,0,HOLD,NONE,52324,6,14,2
2026-07-19 19:12:00,ONH,Overnight,52326,NEG,4,0,-49,1,HOLD,NONE,52338,6,12,12
2026-07-19 19:26:00,Y-Mid,Session,52316,NEG,4,-1,-62,1,BREAK,UP,52340,2,24,1
2026-07-19 19:28:00,ONH,Overnight,52326,NEG,5,-0.67,-49,1,HOLD,NONE,52316,6,14,13
2026-07-19 19:36:00,ONH,Overnight,52326,NEG,6,-0.67,-50,1,BREAK,UP,52344,2,19,1
2026-07-19 19:51:00,Y-Mid,Session,52316,NEG,5,3.33,-47,0,BREAK,UP,52335,5,20,0
2026-07-19 19:52:00,ONH,Overnight,52326,NEG,7,3.33,-47,0,BREAK,UP,52351,6,25,7
2026-07-19 20:09:00,PWC,PriorWeek,52375,NEG,1,4.67,-4,1,BREAK,UP,52399,2,25,4
2026-07-19 20:25:00,PWC,PriorWeek,52375,NEG,2,3,10,0,HOLD,NONE,52372,6,19,8
2026-07-19 20:33:00,PWC,PriorWeek,52375,NEG,3,0.33,-13,1,BREAK,DOWN,52356,2,0,21
2026-07-19 21:03:00,PWC,PriorWeek,52375,NEG,4,3.67,-3,1,HOLD,NONE,52385,6,19,15
2026-07-19 21:19:00,PWC,PriorWeek,52375,NEG,5,-3,7,0,HOLD,NONE,52371,6,6,9
2026-07-19 21:30:00,PWC,PriorWeek,52375,NEG,6,5.33,11,0,BREAK,DOWN,52355,4,11,21
2026-07-19 21:49:00,ONH,Overnight,52326,NEG,8,-3.33,-49,1,HOLD,NONE,52325,6,3,15
2026-07-19 21:50:00,Y-Mid,Session,52316,NEG,6,-8.67,-58,0,HOLD,NONE,52326,6,14,1
2026-07-19 21:55:00,Call Wall 0DTE,Gamma,52300,NEG,4,-7,-75,1,BREAK,DOWN,52283,2,0,17
2026-07-19 22:02:00,Y-Mid,Session,52316,NEG,7,2.67,-59,1,REJECT,UP,52330,1,21,0
2026-07-19 22:03:00,ONH,Overnight,52326,NEG,9,4.33,-45,0,BREAK,UP,52344,1,19,0
2026-07-19 22:17:00,Y-Mid,Session,52316,NEG,8,-6,-58,0,BREAK,DOWN,52298,2,0,19
2026-07-19 22:22:00,Call Wall 0DTE,Gamma,52300,NEG,5,-5.67,-70,0,HOLD,NONE,52299,6,7,12
2026-07-19 22:31:00,Call Wall 0DTE,Gamma,52300,NEG,6,-2,-76,1,BREAK,UP,52327,3,27,0
2026-07-19 22:33:00,ONH,Overnight,52326,NEG,10,5.67,-48,0,BREAK,UP,52342,2,16,0
2026-07-19 22:33:00,Y-Mid,Session,52316,NEG,9,3.33,-65,1,BREAK,UP,52342,3,26,9
2026-07-19 23:12:00,ONH,Overnight,52326,NEG,11,-0.67,-50,1,HOLD,NONE,52323,6,0,10
2026-07-19 23:13:00,Y-Mid,Session,52316,NEG,10,-4,-57,0,HOLD,NONE,52315,6,9,2
2026-07-20 00:14:00,ONH,Overnight,52326,NEG,1,-1,-44,0,HOLD,NONE,52327,6,8,1
2026-07-20 00:22:00,Y-Mid,Session,52316,NEG,1,-4,-59,1,HOLD,NONE,52326,6,14,4
2026-07-20 00:26:00,ONH,Overnight,52326,NEG,2,0.67,-51,1,HOLD,NONE,52340,6,17,2
2026-07-20 00:45:00,PWC,PriorWeek,52375,NEG,1,-0.33,-3,1,HOLD,NONE,52389,6,16,2
2026-07-20 01:06:00,PWC,PriorWeek,52375,NEG,2,-0.67,5,0,HOLD,NONE,52370,6,11,6
2026-07-20 01:30:00,ONH,Overnight,52326,NEG,3,-2,-46,0,HOLD,NONE,52335,6,10,0
2026-07-20 01:45:00,ONH,Overnight,52326,NEG,4,2.33,-37,0,HOLD,NONE,52332,6,16,0
2026-07-20 01:53:00,Y-Mid,Session,52316,NEG,2,-3,-51,0,HOLD,NONE,52322,6,19,1
2026-07-20 01:57:00,ONH,Overnight,52326,NEG,5,0.33,-50,1,HOLD,NONE,52322,6,0,17
2026-07-20 02:05:00,Y-Mid,Session,52316,NEG,3,3,-62,1,HOLD,NONE,52316,6,7,6
2026-07-20 02:09:00,Call Wall 0DTE,Gamma,52300,NEG,1,-1.33,-70,0,BREAK,UP,52324,3,25,0
2026-07-20 02:12:00,ONH,Overnight,52326,NEG,6,-0.67,-51,1,BREAK,DOWN,52308,3,4,19
2026-07-20 02:17:00,Y-Mid,Session,52316,NEG,4,5.33,-63,1,HOLD,NONE,52317,6,5,10
2026-07-20 02:24:00,Call Wall 0DTE,Gamma,52300,NEG,2,-2.67,-71,0,BREAK,UP,52317,4,20,0
2026-07-20 02:30:00,Y-Mid,Session,52316,NEG,5,2.67,-58,0,BREAK,DOWN,52301,6,3,18
2026-07-20 02:34:00,Call Wall 0DTE,Gamma,52300,NEG,3,-0.33,-73,0,BREAK,DOWN,52284,2,1,16
2026-07-20 02:48:00,Call Wall 0DTE,Gamma,52300,NEG,4,-4.67,-78,1,BREAK,DOWN,52284,2,3,16
2026-07-20 03:02:00,Call Wall 0DTE,Gamma,52300,NEG,5,1,-58,0,BREAK,UP,52337,1,38,0
2026-07-20 03:02:00,Y-Mid,Session,52316,NEG,6,1,-58,0,BREAK,UP,52337,1,22,0
2026-07-20 03:07:00,ONH,Overnight,52326,NEG,7,9.67,-38,0,BREAK,DOWN,52311,5,9,18
2026-07-20 03:18:00,Y-Mid,Session,52316,NEG,7,1,-64,1,BREAK,DOWN,52301,5,2,16
2026-07-20 03:21:00,Call Wall 0DTE,Gamma,52300,NEG,6,2,-74,0,BREAK,UP,52320,3,28,0
2026-07-20 03:23:00,ONH,Overnight,52326,NEG,8,0,-55,1,BREAK,UP,52367,2,41,11
2026-07-20 03:31:00,PWC,PriorWeek,52375,NEG,3,-0.67,7,0,BREAK,UP,52409,4,48,0
2026-07-20 03:48:00,R1,Session,52471,NEG,1,5.33,90,1,BREAK,DOWN,52440,2,0,34
2026-07-20 04:05:00,R1,Session,52471,NEG,2,6,93,1,BREAK,DOWN,52455,2,0,16
2026-07-20 04:21:00,R1,Session,52471,NEG,3,1,94,1,BREAK,DOWN,52455,4,0,22
2026-07-20 04:31:00,R1,Session,52471,NEG,4,0.67,85,1,BREAK,DOWN,52450,1,0,24
2026-07-20 04:44:00,R1,Session,52471,NEG,5,3,98,0,BREAK,DOWN,52456,1,3,15
2026-07-20 05:06:00,R1,Session,52471,NEG,6,4.33,93,1,BREAK,DOWN,52456,5,3,16
2026-07-20 05:16:00,R1,Session,52471,NEG,7,4,98,0,BREAK,UP,52490,3,22,4
2026-07-20 06:22:00,R1,Session,52471,NEG,8,-8.67,98,0,HOLD,NONE,52474,6,6,11
2026-07-20 06:36:00,R1,Session,52471,NEG,9,-0.67,83,1,BREAK,DOWN,52454,4,0,21
2026-07-20 06:51:00,R1,Session,52471,NEG,10,6,91,1,BREAK,UP,52488,3,17,1
2026-07-20 07:31:00,R1,Session,52471,NEG,11,-3,98,0,BREAK,UP,52532,2,97,0
2026-07-20 08:04:00,R1,Session,52471,NEG,12,-10,108,0,REJECT,UP,52477,1,22,6
2026-07-20 08:17:00,R1,Session,52471,NEG,13,-8,99,0,BREAK,UP,52486,2,16,13
2026-07-20 08:29:00,R1,Session,52471,NEG,14,3,99,0,BREAK,UP,52489,1,18,0
2026-07-20 08:44:00,R1,Session,52471,NEG,15,-2,99,0,BREAK,DOWN,52452,3,4,23
2026-07-20 08:56:00,R1,Session,52471,NEG,16,-8.33,69,1,BREAK,DOWN,52433,1,0,42
2026-07-20 09:13:00,R1,Session,52471,NEG,17,0.33,80,1,BREAK,DOWN,52450,1,0,23
2026-07-20 09:26:00,R1,Session,52471,NEG,18,5.33,99,0,BREAK,UP,52486,1,18,3
2026-07-20 09:38:00,R1,Session,52471,NEG,19,-27.67,115,0,BREAK,UP,52515,1,49,0
2026-07-20 09:53:00,R1,Session,52471,NEG,20,6,57,1,BREAK,DOWN,52383,1,0,99
2026-07-20 09:54:00,PWC,PriorWeek,52375,NEG,4,1.33,8,0,BREAK,DOWN,52347,1,10,36
2026-07-20 09:57:00,ONH,Overnight,52326,NEG,9,-30,-41,0,BREAK,UP,52346,1,21,3
2026-07-20 10:01:00,Y-Mid,Session,52316,NEG,8,0.67,-56,0,BREAK,UP,52350,1,62,0
2026-07-20 10:04:00,Call Wall 0DTE,Gamma,52300,NEG,7,-1.33,-36,0,BREAK,UP,52341,1,51,0
2026-07-20 10:27:00,Pivot,Session,52235,NEG,1,-1.33,-149,1,HOLD,NONE,52238,6,17,19
2026-07-20 10:34:00,Pivot,Session,52235,NEG,2,5,-157,1,BREAK,DOWN,52203,1,0,34
2026-07-20 10:38:00,PWL,PriorWeek,52174,NEG,1,-13,-192,0,BREAK,UP,52221,1,49,0
2026-07-20 10:38:00,ONM,Overnight,52180,NEG,1,-14.33,-196,1,BREAK,UP,52221,2,43,4
2026-07-20 10:51:00,Pivot,Session,52235,NEG,3,-2.33,-144,1,REJECT,UP,52244,5,21,13
2026-07-20 11:00:00,PWL,PriorWeek,52174,NEG,2,-3.33,-196,0,BREAK,UP,52196,1,29,15
2026-07-20 11:00:00,ONM,Overnight,52180,NEG,2,-3.33,-196,1,BREAK,UP,52196,1,23,21
2026-07-20 11:11:00,Pivot,Session,52235,NEG,4,18,-143,1,BREAK,DOWN,52211,1,6,25
2026-07-20 11:23:00,Pivot,Session,52235,NEG,5,2,-126,0,BREAK,UP,52263,1,31,0
2026-07-20 11:44:00,Pivot,Session,52235,NEG,6,1.67,-141,1,HOLD,NONE,52236,6,17,16
2026-07-20 11:52:00,Pivot,Session,52235,NEG,7,-0.67,-132,0,BREAK,UP,52255,2,30,0
2026-07-20 12:04:00,Pivot,Session,52235,NEG,8,-0.33,-144,1,BREAK,UP,52255,1,22,11
2026-07-20 12:16:00,Call Wall 0DTE,Gamma,52300,NEG,8,4,-77,1,BREAK,DOWN,52264,5,4,40
2026-07-20 12:26:00,Call Wall 0DTE,Gamma,52300,NEG,9,-4.33,-79,1,BREAK,DOWN,52272,2,1,28
2026-07-20 12:38:00,Pivot,Session,52235,NEG,9,-5,-138,0,BREAK,UP,52256,3,21,0
2026-07-20 12:43:00,PWL,PriorWeek,52174,NEG,3,3.33,-167,0,BREAK,UP,52227,1,59,0
2026-07-20 12:43:00,ONM,Overnight,52180,NEG,3,3.33,-167,0,BREAK,UP,52227,1,53,0
2026-07-20 12:55:00,Pivot,Session,52235,NEG,10,-7.33,-124,0,BREAK,DOWN,52203,2,15,35
2026-07-20 13:06:00,ONM,Overnight,52180,NEG,4,-9.67,-195,1,BREAK,DOWN,52163,1,2,25
2026-07-20 13:12:00,PWL,PriorWeek,52174,NEG,4,-4,-212,1,HOLD,NONE,52165,6,18,17
2026-07-20 13:37:00,PWL,PriorWeek,52174,NEG,5,12,-206,1,BREAK,DOWN,52141,1,0,36
2026-07-20 13:57:00,ONM,Overnight,52180,NEG,5,5.67,-200,1,BREAK,DOWN,52161,4,10,25
2026-07-20 13:59:00,PWL,PriorWeek,52174,NEG,6,5.67,-200,0,HOLD,NONE,52178,6,16,19
2026-07-20 14:23:00,Pivot,Session,52235,NEG,11,1.33,-146,1,BREAK,DOWN,52202,6,5,36
2026-07-20 14:26:00,PWL,PriorWeek,52174,NEG,7,-17,-205,1,BREAK,UP,52192,1,18,15
2026-07-20 14:27:00,ONM,Overnight,52180,NEG,6,-17,-205,1,REJECT,UP,52189,2,21,21
2026-07-20 14:47:00,ONL,Overnight,52035,NEG,1,-13.67,-338,0,BREAK,UP,52060,1,26,0
2026-07-20 15:08:00,ONL,Overnight,52035,NEG,2,-5.67,-302,0,BREAK,UP,52071,1,41,0
2026-07-20 15:17:00,Put Wall 0DTE,Gamma,52000,NEG,1,-21.33,-355,0,BREAK,UP,52036,1,37,0
2026-07-20 15:17:00,Put Wall,Gamma,52000,NEG,1,-21.33,-355,0,BREAK,UP,52036,1,37,0
2026-07-20 15:24:00,ONL,Overnight,52035,NEG,3,9,-337,0,BREAK,UP,52059,5,25,10
2026-07-20 18:02:00,ONL,Overnight,52035,NEG,4,9,-307,0,BREAK,UP,52070,1,46,0
2026-07-20 20:17:00,ONL,Overnight,52035,NEG,5,1.33,-337,0,BREAK,UP,52050,1,15,0
2026-07-20 23:31:00,PWL,PriorWeek,52174,NEG,8,1.33,-204,1,HOLD,NONE,52173,6,0,5
2026-07-20 23:43:00,PWL,PriorWeek,52174,NEG,9,1.33,-209,1,HOLD,NONE,52172,6,0,11
2026-07-20 23:55:00,PWL,PriorWeek,52174,NEG,10,0.33,-199,0,HOLD,NONE,52181,6,8,1
2026-07-20 23:55:00,ONM,Overnight,52180,NEG,7,0.33,-199,1,HOLD,NONE,52181,6,2,7
2026-07-21 00:42:00,Pivot,Session,52235,NEG,1,1,-138,0,HOLD,NONE,52235,6,8,3
2026-07-21 00:55:00,Pivot,Session,52235,NEG,2,0,-143,1,HOLD,NONE,52233,6,2,10
2026-07-21 01:07:00,Pivot,Session,52235,NEG,3,2.67,-141,1,BREAK,DOWN,52215,6,0,23
2026-07-21 01:37:00,Pivot,Session,52235,NEG,4,1,-146,1,HOLD,NONE,52239,6,5,7
2026-07-21 02:12:00,Pivot,Session,52235,NEG,5,-4.33,-144,1,REJECT,DOWN,52224,3,0,21
2026-07-21 02:32:00,Pivot,Session,52235,NEG,6,2.33,-133,0,HOLD,NONE,52246,6,18,6
2026-07-21 03:02:00,Pivot,Session,52235,NEG,7,0.33,-102,0,BREAK,UP,52277,1,43,0
2026-07-21 03:05:00,ONH,Overnight,52326,NEG,1,14.67,-74,1,BREAK,DOWN,52291,1,0,36
2026-07-21 03:05:00,Y-Mid,Session,52316,NEG,1,14.67,-74,1,BREAK,DOWN,52291,1,0,26
2026-07-21 03:09:00,Call Wall 0DTE,Gamma,52300,NEG,1,14.67,-74,0,BREAK,DOWN,52278,5,4,22
2026-07-21 03:20:00,Pivot,Session,52235,NEG,8,-1.67,-141,1,BREAK,UP,52251,3,17,0
2026-07-21 03:40:00,Pivot,Session,52235,NEG,9,0.67,-143,1,HOLD,NONE,52239,6,13,6
2026-07-21 03:51:00,Pivot,Session,52235,NEG,10,-4.33,-146,1,BREAK,DOWN,52215,4,0,21
2026-07-21 04:01:00,Pivot,Session,52235,NEG,11,4,-141,1,BREAK,DOWN,52213,2,1,28
2026-07-21 04:16:00,Pivot,Session,52235,NEG,12,4.33,-149,1,BREAK,UP,52251,5,19,16
2026-07-21 04:33:00,Pivot,Session,52235,NEG,13,-4,-140,1,BREAK,UP,52252,3,17,3
2026-07-21 04:57:00,Pivot,Session,52235,NEG,14,0,-134,0,BREAK,UP,52253,3,18,0
2026-07-21 05:33:00,Pivot,Session,52235,NEG,15,-4,-140,1,BREAK,UP,52257,3,22,7
2026-07-21 05:47:00,Pivot,Session,52235,NEG,16,-7.33,-152,1,BREAK,UP,52253,5,18,7
2026-07-21 05:59:00,Pivot,Session,52235,NEG,17,-9.67,-137,0,BREAK,DOWN,52219,5,2,20
2026-07-21 06:08:00,Pivot,Session,52235,NEG,18,-0.33,-149,1,BREAK,DOWN,52220,2,0,18
2026-07-21 06:21:00,Pivot,Session,52235,NEG,19,-0.33,-137,0,BREAK,UP,52250,3,16,0
2026-07-21 06:37:00,Call Wall 0DTE,Gamma,52300,NEG,2,13,-80,1,BREAK,UP,52316,5,26,4
2026-07-21 06:40:00,ONH,Overnight,52326,NEG,2,4,-59,1,BREAK,DOWN,52301,3,0,25
2026-07-21 06:40:00,Y-Mid,Session,52316,NEG,2,18.33,-66,1,BREAK,DOWN,52301,6,10,15
2026-07-21 06:47:00,Call Wall 0DTE,Gamma,52300,NEG,3,2,-71,0,REJECT,DOWN,52293,1,0,22
2026-07-21 06:55:00,Y-Mid,Session,52316,NEG,3,2.67,-62,1,BREAK,DOWN,52291,1,0,25
2026-07-21 07:04:00,Call Wall 0DTE,Gamma,52300,NEG,4,-6,-82,1,HOLD,NONE,52291,6,11,14
2026-07-21 07:22:00,Pivot,Session,52235,NEG,20,-2.33,-140,1,BREAK,DOWN,52216,2,4,33
2026-07-21 07:40:00,Pivot,Session,52235,NEG,21,5.33,-150,1,HOLD,NONE,52243,6,19,13
2026-07-21 08:06:00,ONM,Overnight,52180,NEG,1,4.33,-192,0,BREAK,UP,52197,4,20,0
2026-07-21 08:18:00,PWL,PriorWeek,52174,NEG,1,0,-213,1,BREAK,UP,52195,2,23,19
2026-07-21 08:18:00,ONM,Overnight,52180,NEG,2,0,-213,1,BREAK,UP,52195,2,17,25
2026-07-21 08:34:00,PWL,PriorWeek,52174,NEG,2,1,-199,0,HOLD,NONE,52178,6,7,8
2026-07-21 08:34:00,ONM,Overnight,52180,NEG,3,1,-199,1,HOLD,NONE,52178,6,1,14
2026-07-21 08:42:00,PWL,PriorWeek,52174,NEG,3,0.67,-202,1,BREAK,DOWN,52150,2,2,24
2026-07-21 08:42:00,ONM,Overnight,52180,NEG,4,0.67,-202,1,BREAK,DOWN,52150,2,0,30
2026-07-21 09:05:00,ONM,Overnight,52180,NEG,5,-2,-195,1,BREAK,UP,52199,4,26,0
2026-07-21 09:23:00,Pivot,Session,52235,NEG,22,-1.67,-137,0,BREAK,UP,52256,5,23,6
2026-07-21 09:31:00,Pivot,Session,52235,NEG,23,0,-121,0,BREAK,UP,52285,1,62,8
2026-07-21 09:32:00,Call Wall 0DTE,Gamma,52300,NEG,5,-1,-90,1,BREAK,DOWN,52259,1,0,60
2026-07-21 09:42:00,PWL,PriorWeek,52174,NEG,4,-6.33,-202,1,BREAK,DOWN,52133,1,1,52
2026-07-21 09:42:00,ONM,Overnight,52180,NEG,6,-6.33,-202,1,BREAK,DOWN,52133,1,0,58
2026-07-21 09:57:00,PWL,PriorWeek,52174,NEG,5,1.33,-180,0,BREAK,UP,52206,2,44,10
2026-07-21 09:57:00,ONM,Overnight,52180,NEG,7,1.33,-180,0,BREAK,UP,52206,2,38,16
2026-07-21 09:59:00,Pivot,Session,52235,NEG,24,13.33,-143,1,BREAK,DOWN,52203,1,0,40
2026-07-21 10:05:00,Call Wall 0DTE,Gamma,52300,NEG,6,18,-59,0,BREAK,UP,52324,1,36,0
2026-07-21 10:05:00,Y-Mid,Session,52316,NEG,4,18,-59,1,REJECT,UP,52324,1,20,9
2026-07-21 10:06:00,ONH,Overnight,52326,NEG,3,18,-59,1,BREAK,DOWN,52306,2,10,24
2026-07-21 10:11:00,PWC,PriorWeek,52375,NEG,1,15,-42,1,BREAK,DOWN,52351,1,0,58
2026-07-21 10:30:00,PWC,PriorWeek,52375,NEG,2,-6,-5,1,BREAK,UP,52394,6,23,16
2026-07-21 10:37:00,PWC,PriorWeek,52375,NEG,3,-4.33,-10,1,BREAK,DOWN,52347,1,0,32
2026-07-21 10:39:00,ONH,Overnight,52326,NEG,4,-10,-43,0,BREAK,DOWN,52310,1,6,16
2026-07-21 10:41:00,Call Wall 0DTE,Gamma,52300,NEG,7,-18.33,-69,0,REJECT,UP,52313,1,27,0
2026-07-21 10:42:00,Y-Mid,Session,52316,NEG,5,-19.33,-65,1,BREAK,DOWN,52285,3,11,35
2026-07-21 10:50:00,PWC,PriorWeek,52375,NEG,4,1,-20,1,REJECT,DOWN,52366,1,0,24
2026-07-21 10:54:00,ONH,Overnight,52326,NEG,5,10.33,-47,0,BREAK,DOWN,52308,2,11,22
2026-07-21 10:55:00,Y-Mid,Session,52316,NEG,6,-9,-57,0,REJECT,DOWN,52306,2,8,23
2026-07-21 11:00:00,Call Wall 0DTE,Gamma,52300,NEG,8,-14.33,-69,0,BREAK,UP,52321,5,24,11
2026-07-21 11:08:00,Y-Mid,Session,52316,NEG,7,-4,-56,0,BREAK,UP,52335,3,22,7
2026-07-21 11:10:00,ONH,Overnight,52326,NEG,6,-4,-56,1,BREAK,UP,52344,5,28,17
2026-07-21 11:19:00,PWC,PriorWeek,52375,NEG,5,0,-16,1,REJECT,UP,52388,2,21,16
2026-07-21 12:12:00,R1,Session,52471,NEG,1,2,93,1,BREAK,DOWN,52456,1,0,16
2026-07-21 13:37:00,R1,Session,52471,NEG,2,-0.67,102,0,BREAK,UP,52488,2,19,0
2026-07-21 14:02:00,R1,Session,52471,NEG,3,-5.33,99,0,HOLD,NONE,52466,6,8,12
2026-07-21 21:27:00,PWC,PriorWeek,52375,NEG,6,-1.67,6,0,BREAK,UP,52390,3,15,0
2026-07-22 08:28:00,Y-Mid,Session,52316,NEG,1,-36.33,-53,0,BREAK,UP,52336,3,20,1
2026-07-22 08:29:00,ONH,Overnight,52326,NEG,1,3.33,-43,0,HOLD,NONE,52334,6,12,11
2026-07-22 08:36:00,PWC,PriorWeek,52375,NEG,1,11.67,6,0,BREAK,UP,52396,3,22,0
2026-07-22 08:49:00,PWC,PriorWeek,52375,NEG,2,-1.33,5,0,BREAK,DOWN,52353,4,7,29
2026-07-22 08:58:00,Call Wall 0DTE,Gamma,52300,NEG,1,4.33,-72,0,BREAK,UP,52321,1,31,18
2026-07-22 08:58:00,ONH,Overnight,52326,NEG,2,4.33,-72,1,REJECT,DOWN,52321,1,5,44
2026-07-22 08:59:00,Y-Mid,Session,52316,NEG,2,4.33,-72,1,BREAK,UP,52337,2,23,34
2026-07-22 09:20:00,PWC,PriorWeek,52375,NEG,3,7,1,0,BREAK,UP,52405,3,30,2
2026-07-22 09:32:00,PWC,PriorWeek,52375,NEG,4,13.67,71,0,BREAK,UP,52539,1,167,0
2026-07-22 09:33:00,R1,Session,52471,NEG,1,10.33,164,0,BREAK,UP,52526,1,83,0
2026-07-22 09:45:00,R1,Session,52471,NEG,2,-23.33,139,0,BREAK,UP,52527,1,69,0
2026-07-22 09:58:00,PWM,PriorWeek,52644,NEG,1,3.33,277,0,BREAK,UP,52675,1,48,0
2026-07-22 10:00:00,PMC,PriorMonth,52670,NEG,1,21.67,300,0,BREAK,DOWN,52644,2,6,37
2026-07-22 10:12:00,PMC,PriorMonth,52670,NEG,2,-19,298,0,BREAK,DOWN,52647,2,12,26
2026-07-22 10:13:00,PWM,PriorWeek,52644,NEG,2,2.67,272,0,REJECT,DOWN,52643,1,3,20
2026-07-16 20:15:00,PMC,PriorMonth,52670,NEG,1,-1.67,295,1,BREAK,DOWN,52646,2,5,27
2026-07-16 20:20:00,PWM,PriorWeek,52644,NEG,1,-15.67,271,0,REJECT,UP,52655,1,24,0
2026-07-16 23:05:00,R1,Session,52471,NEG,1,-4,116,0,BREAK,UP,52496,1,33,0
2026-07-17 00:50:00,PWC,PriorWeek,52375,NEG,1,-10.67,0,1,BREAK,UP,52407,3,37,15
2026-07-17 01:40:00,PWC,PriorWeek,52375,NEG,2,-1.33,-13,1,BREAK,DOWN,52335,1,0,52
2026-07-17 01:45:00,ONH,Overnight,52326,NEG,1,-8,-40,0,BREAK,UP,52358,1,32,0
2026-07-17 02:35:00,R1,Session,52471,NEG,1,17.33,92,1,BREAK,UP,52488,1,18,8
2026-07-17 03:35:00,R1,Session,52471,NEG,2,1,126,0,BREAK,UP,52494,1,44,0
2026-07-17 04:35:00,R1,Session,52471,NEG,3,-22.33,100,0,BREAK,DOWN,52441,1,27,33
2026-07-17 05:10:00,PWC,PriorWeek,52375,NEG,3,0.33,17,0,BREAK,UP,52390,1,28,0
2026-07-17 06:25:00,R1,Session,52471,NEG,4,9,86,1,BREAK,DOWN,52455,1,0,34
2026-07-17 07:25:00,R1,Session,52471,NEG,5,-22.67,99,0,BREAK,DOWN,52455,1,2,21
2026-07-17 08:25:00,R1,Session,52471,NEG,6,-10,84,1,REJECT,DOWN,52469,1,6,22
2026-07-17 09:05:00,PWC,PriorWeek,52375,NEG,4,-22,-6,1,BREAK,DOWN,52306,1,0,72
2026-07-17 09:10:00,Call Wall 0DTE,Gamma,52300,NEG,1,-25.67,-69,0,BREAK,DOWN,52281,1,16,38
2026-07-17 09:10:00,ONH,Overnight,52326,NEG,2,-25.67,-69,1,BREAK,DOWN,52281,1,0,64
2026-07-17 09:10:00,Y-Mid,Session,52316,NEG,1,-25.67,-69,1,BREAK,DOWN,52281,1,0,54
2026-07-17 09:30:00,Pivot,Session,52235,NEG,1,-10.33,-123,0,REJECT,UP,52242,1,76,7
2026-07-17 09:40:00,PWL,PriorWeek,52174,NEG,1,-10.33,-104,0,BREAK,UP,52459,1,299,0
2026-07-17 09:40:00,ONM,Overnight,52180,NEG,1,-10.33,-104,0,BREAK,UP,52459,1,293,0
2026-07-17 09:45:00,R1,Session,52471,NEG,7,-1.33,84,1,BREAK,UP,52562,1,145,24
2026-07-17 09:55:00,PMC,PriorMonth,52670,NEG,1,106.67,346,0,BREAK,DOWN,52644,1,62,26
2026-07-17 10:00:00,PWM,PriorWeek,52644,NEG,1,106.67,346,0,BREAK,UP,52710,2,88,7
2026-07-17 11:10:00,PMC,PriorMonth,52670,NEG,2,12,306,0,BREAK,UP,52696,1,49,0
2026-07-17 11:20:00,PWM,PriorWeek,52644,NEG,2,-10.67,279,0,REJECT,UP,52654,1,31,31
2026-07-17 12:10:00,PMC,PriorMonth,52670,NEG,3,11.67,268,1,REJECT,DOWN,52662,1,0,55
2026-07-17 12:30:00,PWM,PriorWeek,52644,NEG,3,7.33,228,1,BREAK,DOWN,52629,1,9,47
2026-07-17 14:05:00,R1,Session,52471,NEG,8,-21.33,103,0,REJECT,UP,52476,1,33,5
2026-07-17 15:20:00,PWC,PriorWeek,52375,NEG,5,-22.33,-4,1,REJECT,UP,52382,1,23,11
2026-07-17 16:10:00,ONH,Overnight,52326,NEG,3,-14.67,-41,0,BREAK,UP,52342,1,24,0
2026-07-17 16:20:00,Y-Mid,Session,52316,NEG,2,-22.33,-42,0,BREAK,UP,52340,1,29,0
2026-07-19 18:05:00,PWC,PriorWeek,52375,NEG,6,8.67,-10,1,BREAK,DOWN,52284,5,18,101
2026-07-19 18:10:00,Call Wall 0DTE,Gamma,52300,NEG,1,-1.33,-91,1,REJECT,DOWN,52290,1,0,62
2026-07-19 18:15:00,Pivot,Session,52235,NEG,1,-31,-85,0,BREAK,UP,52287,1,59,0
2026-07-19 18:30:00,ONH,Overnight,52326,NEG,1,7.67,-71,1,BREAK,DOWN,52281,1,0,46
2026-07-19 18:30:00,Y-Mid,Session,52316,NEG,1,7.67,-71,1,BREAK,DOWN,52281,1,0,36
2026-07-19 19:30:00,Y-Mid,Session,52316,NEG,2,0.33,-60,1,REJECT,UP,52318,1,24,3
2026-07-19 19:40:00,ONH,Overnight,52326,NEG,2,0.33,-60,1,REJECT,UP,52334,3,23,18
2026-07-19 20:15:00,PWC,PriorWeek,52375,NEG,1,11,14,0,REJECT,UP,52383,1,24,0
2026-07-19 21:25:00,PWC,PriorWeek,52375,NEG,2,6.67,17,0,REJECT,UP,52385,3,23,17
2026-07-19 21:55:00,ONH,Overnight,52326,NEG,3,-11,-52,1,BREAK,DOWN,52283,2,4,43
2026-07-19 21:55:00,Y-Mid,Session,52316,NEG,3,-11,-52,0,BREAK,DOWN,52283,2,14,33
2026-07-19 22:05:00,Call Wall 0DTE,Gamma,52300,NEG,2,-11.67,-92,1,BREAK,UP,52341,2,46,18
2026-07-19 22:50:00,ONH,Overnight,52326,NEG,4,11.67,-29,0,BREAK,UP,52345,1,28,0
2026-07-19 23:20:00,Y-Mid,Session,52316,NEG,4,-3,-54,0,BREAK,UP,52333,2,23,3
2026-07-20 00:25:00,Y-Mid,Session,52316,NEG,1,-7,-51,0,BREAK,UP,52339,1,23,0
2026-07-20 00:30:00,ONH,Overnight,52326,NEG,1,-5.67,-45,0,BREAK,UP,52362,4,36,14
2026-07-20 00:50:00,PWC,PriorWeek,52375,NEG,1,13.67,1,0,BREAK,UP,52396,2,21,0
2026-07-20 01:55:00,ONH,Overnight,52326,NEG,2,-12.33,-41,0,HOLD,NONE,52315,6,16,11
2026-07-20 02:20:00,Call Wall 0DTE,Gamma,52300,NEG,1,-3,-51,0,REJECT,UP,52304,2,21,0
2026-07-20 02:20:00,Y-Mid,Session,52316,NEG,2,-1,-50,0,HOLD,NONE,52304,6,14,14
2026-07-20 03:20:00,ONH,Overnight,52326,NEG,3,-0.33,-54,1,REJECT,DOWN,52313,3,0,26
2026-07-20 03:25:00,Call Wall 0DTE,Gamma,52300,NEG,2,6,-62,0,BREAK,UP,52354,1,67,0
2026-07-20 03:25:00,Y-Mid,Session,52316,NEG,3,-0.33,-54,0,BREAK,UP,52354,4,51,16
2026-07-20 03:35:00,PWC,PriorWeek,52375,NEG,2,12,6,0,BREAK,UP,52435,1,65,0
2026-07-20 03:55:00,R1,Session,52471,NEG,1,26,49,1,BREAK,DOWN,52410,1,0,67
2026-07-20 05:25:00,R1,Session,52471,NEG,2,2.33,86,1,BREAK,UP,52500,4,33,16
2026-07-20 06:30:00,R1,Session,52471,NEG,3,-12,91,1,BREAK,UP,52486,2,17,6
2026-07-20 07:35:00,R1,Session,52471,NEG,4,-5,100,0,BREAK,UP,52598,1,151,0
2026-07-20 08:40:00,R1,Session,52471,NEG,5,-14.67,120,0,REJECT,UP,52481,2,33,9
2026-07-20 09:35:00,R1,Session,52471,NEG,6,8.67,116,0,BREAK,UP,52512,1,162,0
2026-07-20 10:00:00,PWC,PriorWeek,52375,NEG,3,-30,-33,1,BREAK,DOWN,52319,1,0,56
2026-07-20 10:05:00,ONH,Overnight,52326,NEG,4,-58,-56,1,REJECT,DOWN,52320,1,52,26
2026-07-20 10:05:00,Y-Mid,Session,52316,NEG,4,-58,-56,0,REJECT,UP,52320,1,62,16
2026-07-20 10:10:00,Call Wall 0DTE,Gamma,52300,NEG,3,-52,-55,0,BREAK,DOWN,52264,1,35,41
2026-07-20 10:30:00,Pivot,Session,52235,NEG,1,-22,-134,0,REJECT,UP,52245,1,22,15
2026-07-20 10:45:00,PWL,PriorWeek,52174,NEG,1,-17.33,-147,0,BREAK,UP,52198,1,75,0
2026-07-20 10:45:00,ONM,Overnight,52180,NEG,1,-17.33,-147,0,BREAK,UP,52198,1,69,0
2026-07-20 11:30:00,Pivot,Session,52235,NEG,2,18,-107,0,BREAK,UP,52277,1,55,0
2026-07-20 12:20:00,Call Wall 0DTE,Gamma,52300,NEG,4,2,-81,1,REJECT,DOWN,52287,1,0,40
2026-07-20 12:40:00,Pivot,Session,52235,NEG,3,-8.67,-138,0,BREAK,UP,52272,1,37,0
2026-07-20 12:50:00,PWL,PriorWeek,52174,NEG,2,-9,-139,0,BREAK,UP,52278,1,112,0
2026-07-20 12:50:00,ONM,Overnight,52180,NEG,2,-9,-139,0,BREAK,UP,52278,1,106,0
2026-07-20 14:05:00,PWL,PriorWeek,52174,NEG,3,-7.33,-197,0,BREAK,UP,52206,2,50,19
2026-07-20 14:05:00,ONM,Overnight,52180,NEG,3,-7.33,-197,1,BREAK,UP,52206,2,44,25
2026-07-20 14:25:00,Pivot,Session,52235,NEG,4,12.33,-141,1,BREAK,DOWN,52170,1,5,66
2026-07-20 14:55:00,ONL,Overnight,52035,NEG,1,-48.33,-328,0,BREAK,UP,52072,1,45,0
2026-07-20 15:25:00,Put Wall 0DTE,Gamma,52000,NEG,1,-18,-345,0,BREAK,UP,52063,1,71,0
2026-07-20 15:25:00,Put Wall,Gamma,52000,NEG,1,-18,-345,0,BREAK,UP,52063,1,71,0
2026-07-20 18:10:00,ONL,Overnight,52035,NEG,2,12.33,-298,0,BREAK,UP,52070,1,41,0
2026-07-20 20:25:00,ONL,Overnight,52035,NEG,3,-13.33,-293,0,BREAK,UP,52070,1,48,0
2026-07-20 23:55:00,PWL,PriorWeek,52174,NEG,4,4.33,-204,1,HOLD,NONE,52181,6,8,11
2026-07-21 00:00:00,ONM,Overnight,52180,NEG,4,-0.67,-199,1,BREAK,UP,52200,2,21,7
2026-07-21 00:05:00,ONM,Overnight,52180,NEG,1,5,-175,0,BREAK,UP,52212,1,37,0
2026-07-21 01:10:00,Pivot,Session,52235,NEG,1,3.67,-138,0,BREAK,DOWN,52219,6,2,23
2026-07-21 01:45:00,Pivot,Session,52235,NEG,2,10.67,-145,1,BREAK,UP,52261,1,26,1
2026-07-21 03:10:00,Call Wall 0DTE,Gamma,52300,NEG,1,-1.67,-84,1,BREAK,DOWN,52274,1,0,27
2026-07-21 03:10:00,ONH,Overnight,52326,NEG,1,-1.67,-84,1,BREAK,DOWN,52274,1,0,53
2026-07-21 03:10:00,Y-Mid,Session,52316,NEG,1,-1.67,-84,1,BREAK,DOWN,52274,1,0,43
2026-07-21 03:10:00,Pivot,Session,52235,NEG,3,-1.67,-84,0,BREAK,UP,52274,1,65,0
2026-07-21 04:10:00,Pivot,Session,52235,NEG,4,0.33,-171,1,REJECT,DOWN,52234,1,0,35
2026-07-21 05:35:00,Pivot,Session,52235,NEG,5,-8,-140,1,BREAK,UP,52254,1,26,7
2026-07-21 06:35:00,Pivot,Session,52235,NEG,6,6.33,-130,0,BREAK,UP,52308,1,81,0
2026-07-21 06:40:00,Call Wall 0DTE,Gamma,52300,NEG,2,0.67,-67,0,REJECT,UP,52301,1,26,0
2026-07-21 06:40:00,Y-Mid,Session,52316,NEG,2,0.67,-67,1,BREAK,DOWN,52301,1,10,15
2026-07-21 06:45:00,ONH,Overnight,52326,NEG,2,21,-74,1,BREAK,DOWN,52308,1,0,37
2026-07-21 07:45:00,Pivot,Session,52235,NEG,7,-10.33,-163,1,BREAK,DOWN,52218,3,19,19
2026-07-21 08:10:00,ONM,Overnight,52180,NEG,2,-6.67,-187,0,BREAK,UP,52204,1,40,0
2026-07-21 08:25:00,PWL,PriorWeek,52174,NEG,1,3.67,-200,0,BREAK,UP,52195,1,25,8
2026-07-21 09:10:00,ONM,Overnight,52180,NEG,3,17,-176,0,BREAK,UP,52199,1,36,0
2026-07-21 09:25:00,Pivot,Session,52235,NEG,8,7.33,-134,0,BREAK,UP,52260,1,25,2
2026-07-21 09:40:00,Call Wall 0DTE,Gamma,52300,NEG,3,10.33,-93,1,BREAK,DOWN,52199,1,0,106
2026-07-21 09:50:00,PWL,PriorWeek,52174,NEG,2,-20.33,-268,1,REJECT,UP,52187,1,29,67
2026-07-21 10:10:00,ONH,Overnight,52326,NEG,3,37,-51,1,REJECT,UP,52333,1,46,38
2026-07-21 10:10:00,Y-Mid,Session,52316,NEG,3,37,-51,0,BREAK,UP,52333,1,56,28
2026-07-21 10:20:00,PWC,PriorWeek,52375,NEG,1,45.67,-42,1,REJECT,DOWN,52367,2,14,58
2026-07-21 10:45:00,Call Wall 0DTE,Gamma,52300,NEG,4,7.67,-69,0,BREAK,UP,52317,1,32,19
2026-07-21 11:10:00,ONH,Overnight,52326,NEG,4,1.33,-56,1,BREAK,UP,52344,1,28,17
2026-07-21 11:10:00,Y-Mid,Session,52316,NEG,4,1.33,-56,0,BREAK,UP,52344,1,38,7
2026-07-21 11:25:00,PWC,PriorWeek,52375,NEG,2,11.67,27,0,REJECT,UP,52384,1,66,0
2026-07-21 12:20:00,R1,Session,52471,NEG,1,8.67,97,0,BREAK,UP,52494,1,32,0
2026-07-21 13:40:00,R1,Session,52471,NEG,2,-12,102,0,BREAK,UP,52496,1,36,0
2026-07-21 21:30:00,PWC,PriorWeek,52375,NEG,3,-7,2,0,BREAK,UP,52390,1,22,0
2026-07-22 08:30:00,ONH,Overnight,52326,NEG,1,3,-53,1,BREAK,UP,52348,1,22,11
2026-07-22 08:30:00,Y-Mid,Session,52316,NEG,1,3,-53,0,BREAK,UP,52348,1,32,1
2026-07-22 08:40:00,PWC,PriorWeek,52375,NEG,1,-25.33,10,0,BREAK,UP,52390,1,22,0
2026-07-22 09:05:00,Call Wall 0DTE,Gamma,52300,NEG,1,-6.67,-33,0,BREAK,UP,52368,1,68,0
2026-07-22 09:40:00,PWC,PriorWeek,52375,NEG,2,27.33,145,0,BREAK,UP,52519,1,186,0
2026-07-22 09:40:00,R1,Session,52471,NEG,1,27.33,145,0,BREAK,UP,52519,1,90,0
2026-07-22 10:05:00,PMC,PriorMonth,52670,NEG,1,27.33,269,1,BREAK,UP,52688,1,27,44
2026-07-22 10:05:00,PWM,PriorWeek,52644,NEG,1,27.33,269,1,BREAK,UP,52688,1,53,18
2026-07-22 10:50:00,R1,Session,52471,NEG,2,-13.33,103,0,BREAK,UP,52503,1,46,0
2026-07-16 20:15:00,PMC,PriorMonth,52670,NEG,1,-1.67,295,1,BREAK,DOWN,52646,2,5,27
2026-07-16 20:20:00,PWM,PriorWeek,52644,NEG,1,-15.67,271,0,REJECT,UP,52655,1,24,0
2026-07-16 23:05:00,R1,Session,52471,NEG,1,-4,116,0,BREAK,UP,52496,1,33,0
2026-07-17 00:50:00,PWC,PriorWeek,52375,NEG,1,-10.67,0,1,BREAK,UP,52407,3,37,15
2026-07-17 01:40:00,PWC,PriorWeek,52375,NEG,2,-1.33,-13,1,BREAK,DOWN,52335,1,0,52
2026-07-17 01:45:00,ONH,Overnight,52326,NEG,1,-8,-40,0,BREAK,UP,52358,1,32,0
2026-07-17 02:35:00,R1,Session,52471,NEG,1,17.33,92,1,BREAK,UP,52488,1,18,8
2026-07-17 03:35:00,R1,Session,52471,NEG,2,1,126,0,BREAK,UP,52494,1,44,0
2026-07-17 04:35:00,R1,Session,52471,NEG,3,-22.33,100,0,BREAK,DOWN,52441,1,27,33
2026-07-17 05:10:00,PWC,PriorWeek,52375,NEG,3,0.33,17,0,BREAK,UP,52390,1,28,0
2026-07-17 06:25:00,R1,Session,52471,NEG,4,9,86,1,BREAK,DOWN,52455,1,0,34
2026-07-17 07:25:00,R1,Session,52471,NEG,5,-22.67,99,0,BREAK,DOWN,52455,1,2,21
2026-07-17 08:25:00,R1,Session,52471,NEG,6,-10,84,1,REJECT,DOWN,52469,1,6,22
2026-07-17 09:05:00,PWC,PriorWeek,52375,NEG,4,-22,-6,1,BREAK,DOWN,52306,1,0,72
2026-07-17 09:10:00,Call Wall 0DTE,Gamma,52300,NEG,1,-25.67,-69,0,BREAK,DOWN,52281,1,16,38
2026-07-17 09:10:00,ONH,Overnight,52326,NEG,2,-25.67,-69,1,BREAK,DOWN,52281,1,0,64
2026-07-17 09:10:00,Y-Mid,Session,52316,NEG,1,-25.67,-69,1,BREAK,DOWN,52281,1,0,54
2026-07-17 09:30:00,Pivot,Session,52235,NEG,1,-10.33,-123,0,REJECT,UP,52242,1,76,7
2026-07-17 09:40:00,PWL,PriorWeek,52174,NEG,1,-10.33,-104,0,BREAK,UP,52459,1,299,0
2026-07-17 09:40:00,ONM,Overnight,52180,NEG,1,-10.33,-104,0,BREAK,UP,52459,1,293,0
2026-07-17 09:45:00,R1,Session,52471,NEG,7,-1.33,84,1,BREAK,UP,52562,1,145,24
2026-07-17 09:55:00,PMC,PriorMonth,52670,NEG,1,106.67,346,0,BREAK,DOWN,52644,1,62,26
2026-07-17 10:00:00,PWM,PriorWeek,52644,NEG,1,106.67,346,0,BREAK,UP,52710,2,88,7
2026-07-17 11:10:00,PMC,PriorMonth,52670,NEG,2,12,306,0,BREAK,UP,52696,1,49,0
2026-07-17 11:20:00,PWM,PriorWeek,52644,NEG,2,-10.67,279,0,REJECT,UP,52654,1,31,31
2026-07-17 12:10:00,PMC,PriorMonth,52670,NEG,3,11.67,268,1,REJECT,DOWN,52662,1,0,55
2026-07-17 12:30:00,PWM,PriorWeek,52644,NEG,3,7.33,228,1,BREAK,DOWN,52629,1,9,47
2026-07-17 14:05:00,R1,Session,52471,NEG,8,-21.33,103,0,REJECT,UP,52476,1,33,5
2026-07-17 15:20:00,PWC,PriorWeek,52375,NEG,5,-22.33,-4,1,REJECT,UP,52382,1,23,11
2026-07-17 16:10:00,ONH,Overnight,52326,NEG,3,-14.67,-41,0,BREAK,UP,52342,1,24,0
2026-07-17 16:20:00,Y-Mid,Session,52316,NEG,2,-22.33,-42,0,BREAK,UP,52340,1,29,0
2026-07-19 18:05:00,PWC,PriorWeek,52375,NEG,6,8.67,-10,1,BREAK,DOWN,52284,5,18,101
2026-07-19 18:10:00,Call Wall 0DTE,Gamma,52300,NEG,1,-1.33,-91,1,REJECT,DOWN,52290,1,0,62
2026-07-19 18:15:00,Pivot,Session,52235,NEG,1,-31,-85,0,BREAK,UP,52287,1,59,0
2026-07-19 18:30:00,ONH,Overnight,52326,NEG,1,7.67,-71,1,BREAK,DOWN,52281,1,0,46
2026-07-19 18:30:00,Y-Mid,Session,52316,NEG,1,7.67,-71,1,BREAK,DOWN,52281,1,0,36
2026-07-19 19:30:00,Y-Mid,Session,52316,NEG,2,0.33,-60,1,REJECT,UP,52318,1,24,3
2026-07-19 19:40:00,ONH,Overnight,52326,NEG,2,0.33,-60,1,REJECT,UP,52334,3,23,18
2026-07-19 20:15:00,PWC,PriorWeek,52375,NEG,1,11,14,0,REJECT,UP,52383,1,24,0
2026-07-19 21:25:00,PWC,PriorWeek,52375,NEG,2,6.67,17,0,REJECT,UP,52385,3,23,17
2026-07-19 21:55:00,ONH,Overnight,52326,NEG,3,-11,-52,1,BREAK,DOWN,52283,2,4,43
2026-07-19 21:55:00,Y-Mid,Session,52316,NEG,3,-11,-52,0,BREAK,DOWN,52283,2,14,33
2026-07-19 22:05:00,Call Wall 0DTE,Gamma,52300,NEG,2,-11.67,-92,1,BREAK,UP,52341,2,46,18
2026-07-19 22:50:00,ONH,Overnight,52326,NEG,4,11.67,-29,0,BREAK,UP,52345,1,28,0
2026-07-19 23:20:00,Y-Mid,Session,52316,NEG,4,-3,-54,0,BREAK,UP,52333,2,23,3
2026-07-20 00:25:00,Y-Mid,Session,52316,NEG,1,-7,-51,0,BREAK,UP,52339,1,23,0
2026-07-20 00:30:00,ONH,Overnight,52326,NEG,1,-5.67,-45,0,BREAK,UP,52362,4,36,14
2026-07-20 00:50:00,PWC,PriorWeek,52375,NEG,1,13.67,1,0,BREAK,UP,52396,2,21,0
2026-07-20 01:55:00,ONH,Overnight,52326,NEG,2,-12.33,-41,0,HOLD,NONE,52315,6,16,11
2026-07-20 02:20:00,Call Wall 0DTE,Gamma,52300,NEG,1,-3,-51,0,REJECT,UP,52304,2,21,0
2026-07-20 02:20:00,Y-Mid,Session,52316,NEG,2,-1,-50,0,HOLD,NONE,52304,6,14,14
2026-07-20 03:20:00,ONH,Overnight,52326,NEG,3,-0.33,-54,1,REJECT,DOWN,52313,3,0,26
2026-07-20 03:25:00,Call Wall 0DTE,Gamma,52300,NEG,2,6,-62,0,BREAK,UP,52354,1,67,0
2026-07-20 03:25:00,Y-Mid,Session,52316,NEG,3,-0.33,-54,0,BREAK,UP,52354,4,51,16
2026-07-20 03:35:00,PWC,PriorWeek,52375,NEG,2,12,6,0,BREAK,UP,52435,1,65,0
2026-07-20 03:55:00,R1,Session,52471,NEG,1,26,49,1,BREAK,DOWN,52410,1,0,67
2026-07-20 05:25:00,R1,Session,52471,NEG,2,2.33,86,1,BREAK,UP,52500,4,33,16
2026-07-20 06:30:00,R1,Session,52471,NEG,3,-12,91,1,BREAK,UP,52486,2,17,6
2026-07-20 07:35:00,R1,Session,52471,NEG,4,-5,100,0,BREAK,UP,52598,1,151,0
2026-07-20 08:40:00,R1,Session,52471,NEG,5,-14.67,120,0,REJECT,UP,52481,2,33,9
2026-07-20 09:35:00,R1,Session,52471,NEG,6,8.67,116,0,BREAK,UP,52512,1,162,0
2026-07-20 10:00:00,PWC,PriorWeek,52375,NEG,3,-30,-33,1,BREAK,DOWN,52319,1,0,56
2026-07-20 10:05:00,ONH,Overnight,52326,NEG,4,-58,-56,1,REJECT,DOWN,52320,1,52,26
2026-07-20 10:05:00,Y-Mid,Session,52316,NEG,4,-58,-56,0,REJECT,UP,52320,1,62,16
2026-07-20 10:10:00,Call Wall 0DTE,Gamma,52300,NEG,3,-52,-55,0,BREAK,DOWN,52264,1,35,41
2026-07-20 10:30:00,Pivot,Session,52235,NEG,1,-22,-134,0,REJECT,UP,52245,1,22,15
2026-07-20 10:45:00,PWL,PriorWeek,52174,NEG,1,-17.33,-147,0,BREAK,UP,52198,1,75,0
2026-07-20 10:45:00,ONM,Overnight,52180,NEG,1,-17.33,-147,0,BREAK,UP,52198,1,69,0
2026-07-20 11:30:00,Pivot,Session,52235,NEG,2,18,-107,0,BREAK,UP,52277,1,55,0
2026-07-20 12:20:00,Call Wall 0DTE,Gamma,52300,NEG,4,2,-81,1,REJECT,DOWN,52287,1,0,40
2026-07-20 12:40:00,Pivot,Session,52235,NEG,3,-8.67,-138,0,BREAK,UP,52272,1,37,0
2026-07-20 12:50:00,PWL,PriorWeek,52174,NEG,2,-9,-139,0,BREAK,UP,52278,1,112,0
2026-07-20 12:50:00,ONM,Overnight,52180,NEG,2,-9,-139,0,BREAK,UP,52278,1,106,0
2026-07-20 14:05:00,PWL,PriorWeek,52174,NEG,3,-7.33,-197,0,BREAK,UP,52206,2,50,19
2026-07-20 14:05:00,ONM,Overnight,52180,NEG,3,-7.33,-197,1,BREAK,UP,52206,2,44,25
2026-07-20 14:25:00,Pivot,Session,52235,NEG,4,12.33,-141,1,BREAK,DOWN,52170,1,5,66
2026-07-20 14:55:00,ONL,Overnight,52035,NEG,1,-48.33,-328,0,BREAK,UP,52072,1,45,0
2026-07-20 15:25:00,Put Wall 0DTE,Gamma,52000,NEG,1,-18,-345,0,BREAK,UP,52063,1,71,0
2026-07-20 15:25:00,Put Wall,Gamma,52000,NEG,1,-18,-345,0,BREAK,UP,52063,1,71,0
2026-07-20 18:10:00,ONL,Overnight,52035,NEG,2,12.33,-298,0,BREAK,UP,52070,1,41,0
2026-07-20 20:25:00,ONL,Overnight,52035,NEG,3,-13.33,-293,0,BREAK,UP,52070,1,48,0
2026-07-20 23:55:00,PWL,PriorWeek,52174,NEG,4,4.33,-204,1,HOLD,NONE,52181,6,8,11
2026-07-21 00:00:00,ONM,Overnight,52180,NEG,4,-0.67,-199,1,BREAK,UP,52200,2,21,7
2026-07-21 00:05:00,ONM,Overnight,52180,NEG,1,5,-175,0,BREAK,UP,52212,1,37,0
2026-07-21 01:10:00,Pivot,Session,52235,NEG,1,3.67,-138,0,BREAK,DOWN,52219,6,2,23
2026-07-21 01:45:00,Pivot,Session,52235,NEG,2,10.67,-145,1,BREAK,UP,52261,1,26,1
2026-07-21 03:10:00,Call Wall 0DTE,Gamma,52300,NEG,1,-1.67,-84,1,BREAK,DOWN,52274,1,0,27
2026-07-21 03:10:00,ONH,Overnight,52326,NEG,1,-1.67,-84,1,BREAK,DOWN,52274,1,0,53
2026-07-21 03:10:00,Y-Mid,Session,52316,NEG,1,-1.67,-84,1,BREAK,DOWN,52274,1,0,43
2026-07-21 03:10:00,Pivot,Session,52235,NEG,3,-1.67,-84,0,BREAK,UP,52274,1,65,0
2026-07-21 04:10:00,Pivot,Session,52235,NEG,4,0.33,-171,1,REJECT,DOWN,52234,1,0,35
2026-07-21 05:35:00,Pivot,Session,52235,NEG,5,-8,-140,1,BREAK,UP,52254,1,26,7
2026-07-21 06:35:00,Pivot,Session,52235,NEG,6,6.33,-130,0,BREAK,UP,52308,1,81,0
2026-07-21 06:40:00,Call Wall 0DTE,Gamma,52300,NEG,2,0.67,-67,0,REJECT,UP,52301,1,26,0
2026-07-21 06:40:00,Y-Mid,Session,52316,NEG,2,0.67,-67,1,BREAK,DOWN,52301,1,10,15
2026-07-21 06:45:00,ONH,Overnight,52326,NEG,2,21,-74,1,BREAK,DOWN,52308,1,0,37
2026-07-21 07:45:00,Pivot,Session,52235,NEG,7,-10.33,-163,1,BREAK,DOWN,52218,3,19,19
2026-07-21 08:10:00,ONM,Overnight,52180,NEG,2,-6.67,-187,0,BREAK,UP,52204,1,40,0
2026-07-21 08:25:00,PWL,PriorWeek,52174,NEG,1,3.67,-200,0,BREAK,UP,52195,1,25,8
2026-07-21 09:10:00,ONM,Overnight,52180,NEG,3,17,-176,0,BREAK,UP,52199,1,36,0
2026-07-21 09:25:00,Pivot,Session,52235,NEG,8,7.33,-134,0,BREAK,UP,52260,1,25,2
2026-07-21 09:40:00,Call Wall 0DTE,Gamma,52300,NEG,3,10.33,-93,1,BREAK,DOWN,52199,1,0,106
2026-07-21 09:50:00,PWL,PriorWeek,52174,NEG,2,-20.33,-268,1,REJECT,UP,52187,1,29,67
2026-07-21 10:10:00,ONH,Overnight,52326,NEG,3,37,-51,1,REJECT,UP,52333,1,46,38
2026-07-21 10:10:00,Y-Mid,Session,52316,NEG,3,37,-51,0,BREAK,UP,52333,1,56,28
2026-07-21 10:20:00,PWC,PriorWeek,52375,NEG,1,45.67,-42,1,REJECT,DOWN,52367,2,14,58
2026-07-21 10:45:00,Call Wall 0DTE,Gamma,52300,NEG,4,7.67,-69,0,BREAK,UP,52317,1,32,19
2026-07-21 11:10:00,ONH,Overnight,52326,NEG,4,1.33,-56,1,BREAK,UP,52344,1,28,17
2026-07-21 11:10:00,Y-Mid,Session,52316,NEG,4,1.33,-56,0,BREAK,UP,52344,1,38,7
2026-07-21 11:25:00,PWC,PriorWeek,52375,NEG,2,11.67,27,0,REJECT,UP,52384,1,66,0
2026-07-21 12:20:00,R1,Session,52471,NEG,1,8.67,97,0,BREAK,UP,52494,1,32,0
2026-07-21 13:40:00,R1,Session,52471,NEG,2,-12,102,0,BREAK,UP,52496,1,36,0
2026-07-21 21:30:00,PWC,PriorWeek,52375,NEG,3,-7,2,0,BREAK,UP,52390,1,22,0
2026-07-22 08:30:00,ONH,Overnight,52326,NEG,1,3,-53,1,BREAK,UP,52348,1,22,11
2026-07-22 08:30:00,Y-Mid,Session,52316,NEG,1,3,-53,0,BREAK,UP,52348,1,32,1
2026-07-22 08:40:00,PWC,PriorWeek,52375,NEG,1,-25.33,10,0,BREAK,UP,52390,1,22,0
2026-07-22 09:05:00,Call Wall 0DTE,Gamma,52300,NEG,1,-6.67,-33,0,BREAK,UP,52368,1,68,0
2026-07-22 09:40:00,PWC,PriorWeek,52375,NEG,2,27.33,145,0,BREAK,UP,52519,1,186,0
2026-07-22 09:40:00,R1,Session,52471,NEG,1,27.33,145,0,BREAK,UP,52519,1,90,0
2026-07-22 10:05:00,PMC,PriorMonth,52670,NEG,1,27.33,269,1,BREAK,UP,52688,1,27,44
2026-07-22 10:05:00,PWM,PriorWeek,52644,NEG,1,27.33,269,1,BREAK,UP,52688,1,53,18
2026-07-22 10:50:00,R1,Session,52471,NEG,2,-13.33,103,0,BREAK,UP,52503,1,46,0
2026-07-16 20:15:00,PMC,PriorMonth,52670,NEG,1,-1.67,295,1,BREAK,DOWN,52646,2,5,27
2026-07-16 20:20:00,PWM,PriorWeek,52644,NEG,1,-15.67,271,0,REJECT,UP,52655,1,24,0
2026-07-16 23:05:00,R1,Session,52471,NEG,1,-4,116,0,BREAK,UP,52496,1,33,0
2026-07-17 00:50:00,PWC,PriorWeek,52375,NEG,1,-10.67,0,1,BREAK,UP,52407,3,37,15
2026-07-17 01:40:00,PWC,PriorWeek,52375,NEG,2,-1.33,-13,1,BREAK,DOWN,52335,1,0,52
2026-07-17 01:45:00,ONH,Overnight,52326,NEG,1,-8,-40,0,BREAK,UP,52358,1,32,0
2026-07-17 02:35:00,R1,Session,52471,NEG,1,17.33,92,1,BREAK,UP,52488,1,18,8
2026-07-17 03:35:00,R1,Session,52471,NEG,2,1,126,0,BREAK,UP,52494,1,44,0
2026-07-17 04:35:00,R1,Session,52471,NEG,3,-22.33,100,0,BREAK,DOWN,52441,1,27,33
2026-07-17 05:10:00,PWC,PriorWeek,52375,NEG,3,0.33,17,0,BREAK,UP,52390,1,28,0
2026-07-17 06:25:00,R1,Session,52471,NEG,4,9,86,1,BREAK,DOWN,52455,1,0,34
2026-07-17 07:25:00,R1,Session,52471,NEG,5,-22.67,99,0,BREAK,DOWN,52455,1,2,21
2026-07-17 08:25:00,R1,Session,52471,NEG,6,-10,84,1,REJECT,DOWN,52469,1,6,22
2026-07-17 09:05:00,PWC,PriorWeek,52375,NEG,4,-22,-6,1,BREAK,DOWN,52306,1,0,72
2026-07-17 09:10:00,Call Wall 0DTE,Gamma,52300,NEG,1,-25.67,-69,0,BREAK,DOWN,52281,1,16,38
2026-07-17 09:10:00,ONH,Overnight,52326,NEG,2,-25.67,-69,1,BREAK,DOWN,52281,1,0,64
2026-07-17 09:10:00,Y-Mid,Session,52316,NEG,1,-25.67,-69,1,BREAK,DOWN,52281,1,0,54
2026-07-17 09:30:00,Pivot,Session,52235,NEG,1,-10.33,-123,0,REJECT,UP,52242,1,76,7
2026-07-17 09:40:00,PWL,PriorWeek,52174,NEG,1,-10.33,-104,0,BREAK,UP,52459,1,299,0
2026-07-17 09:40:00,ONM,Overnight,52180,NEG,1,-10.33,-104,0,BREAK,UP,52459,1,293,0
2026-07-17 09:45:00,R1,Session,52471,NEG,7,-1.33,84,1,BREAK,UP,52562,1,145,24
2026-07-17 09:55:00,PMC,PriorMonth,52670,NEG,1,106.67,346,0,BREAK,DOWN,52644,1,62,26
2026-07-17 10:00:00,PWM,PriorWeek,52644,NEG,1,106.67,346,0,BREAK,UP,52710,2,88,7
2026-07-17 11:10:00,PMC,PriorMonth,52670,NEG,2,12,306,0,BREAK,UP,52696,1,49,0
2026-07-17 11:20:00,PWM,PriorWeek,52644,NEG,2,-10.67,279,0,REJECT,UP,52654,1,31,31
2026-07-17 12:10:00,PMC,PriorMonth,52670,NEG,3,11.67,268,1,REJECT,DOWN,52662,1,0,55
2026-07-17 12:30:00,PWM,PriorWeek,52644,NEG,3,7.33,228,1,BREAK,DOWN,52629,1,9,47
2026-07-17 14:05:00,R1,Session,52471,NEG,8,-21.33,103,0,REJECT,UP,52476,1,33,5
2026-07-17 15:20:00,PWC,PriorWeek,52375,NEG,5,-22.33,-4,1,REJECT,UP,52382,1,23,11
2026-07-17 16:10:00,ONH,Overnight,52326,NEG,3,-14.67,-41,0,BREAK,UP,52342,1,24,0
2026-07-17 16:20:00,Y-Mid,Session,52316,NEG,2,-22.33,-42,0,BREAK,UP,52340,1,29,0
2026-07-19 18:05:00,PWC,PriorWeek,52375,NEG,6,8.67,-10,1,BREAK,DOWN,52284,5,18,101
2026-07-19 18:10:00,Call Wall 0DTE,Gamma,52300,NEG,1,-1.33,-91,1,REJECT,DOWN,52290,1,0,62
2026-07-19 18:15:00,Pivot,Session,52235,NEG,1,-31,-85,0,BREAK,UP,52287,1,59,0
2026-07-19 18:30:00,ONH,Overnight,52326,NEG,1,7.67,-71,1,BREAK,DOWN,52281,1,0,46
2026-07-19 18:30:00,Y-Mid,Session,52316,NEG,1,7.67,-71,1,BREAK,DOWN,52281,1,0,36
2026-07-19 19:30:00,Y-Mid,Session,52316,NEG,2,0.33,-60,1,REJECT,UP,52318,1,24,3
2026-07-19 19:40:00,ONH,Overnight,52326,NEG,2,0.33,-60,1,REJECT,UP,52334,3,23,18
2026-07-19 20:15:00,PWC,PriorWeek,52375,NEG,1,11,14,0,REJECT,UP,52383,1,24,0
2026-07-19 21:25:00,PWC,PriorWeek,52375,NEG,2,6.67,17,0,REJECT,UP,52385,3,23,17
2026-07-19 21:55:00,ONH,Overnight,52326,NEG,3,-11,-52,1,BREAK,DOWN,52283,2,4,43
2026-07-19 21:55:00,Y-Mid,Session,52316,NEG,3,-11,-52,0,BREAK,DOWN,52283,2,14,33
2026-07-19 22:05:00,Call Wall 0DTE,Gamma,52300,NEG,2,-11.67,-92,1,BREAK,UP,52341,2,46,18
2026-07-19 22:50:00,ONH,Overnight,52326,NEG,4,11.67,-29,0,BREAK,UP,52345,1,28,0
2026-07-19 23:20:00,Y-Mid,Session,52316,NEG,4,-3,-54,0,BREAK,UP,52333,2,23,3
2026-07-20 00:25:00,Y-Mid,Session,52316,NEG,1,-7,-51,0,BREAK,UP,52339,1,23,0
2026-07-20 00:30:00,ONH,Overnight,52326,NEG,1,-5.67,-45,0,BREAK,UP,52362,4,36,14
2026-07-20 00:50:00,PWC,PriorWeek,52375,NEG,1,13.67,1,0,BREAK,UP,52396,2,21,0
2026-07-20 01:55:00,ONH,Overnight,52326,NEG,2,-12.33,-41,0,HOLD,NONE,52315,6,16,11
2026-07-20 02:20:00,Call Wall 0DTE,Gamma,52300,NEG,1,-3,-51,0,REJECT,UP,52304,2,21,0
2026-07-20 02:20:00,Y-Mid,Session,52316,NEG,2,-1,-50,0,HOLD,NONE,52304,6,14,14
2026-07-20 03:20:00,ONH,Overnight,52326,NEG,3,-0.33,-54,1,REJECT,DOWN,52313,3,0,26
2026-07-20 03:25:00,Call Wall 0DTE,Gamma,52300,NEG,2,6,-62,0,BREAK,UP,52354,1,67,0
2026-07-20 03:25:00,Y-Mid,Session,52316,NEG,3,-0.33,-54,0,BREAK,UP,52354,4,51,16
2026-07-20 03:35:00,PWC,PriorWeek,52375,NEG,2,12,6,0,BREAK,UP,52435,1,65,0
2026-07-20 03:55:00,R1,Session,52471,NEG,1,26,49,1,BREAK,DOWN,52410,1,0,67
2026-07-20 05:25:00,R1,Session,52471,NEG,2,2.33,86,1,BREAK,UP,52500,4,33,16
2026-07-20 06:30:00,R1,Session,52471,NEG,3,-12,91,1,BREAK,UP,52486,2,17,6
2026-07-20 07:35:00,R1,Session,52471,NEG,4,-5,100,0,BREAK,UP,52598,1,151,0
2026-07-20 08:40:00,R1,Session,52471,NEG,5,-14.67,120,0,REJECT,UP,52481,2,33,9
2026-07-20 09:35:00,R1,Session,52471,NEG,6,8.67,116,0,BREAK,UP,52512,1,162,0
2026-07-20 10:00:00,PWC,PriorWeek,52375,NEG,3,-30,-33,1,BREAK,DOWN,52319,1,0,56
2026-07-20 10:05:00,ONH,Overnight,52326,NEG,4,-58,-56,1,REJECT,DOWN,52320,1,52,26
2026-07-20 10:05:00,Y-Mid,Session,52316,NEG,4,-58,-56,0,REJECT,UP,52320,1,62,16
2026-07-20 10:10:00,Call Wall 0DTE,Gamma,52300,NEG,3,-52,-55,0,BREAK,DOWN,52264,1,35,41
2026-07-20 10:30:00,Pivot,Session,52235,NEG,1,-22,-134,0,REJECT,UP,52245,1,22,15
2026-07-20 10:45:00,PWL,PriorWeek,52174,NEG,1,-17.33,-147,0,BREAK,UP,52198,1,75,0
2026-07-20 10:45:00,ONM,Overnight,52180,NEG,1,-17.33,-147,0,BREAK,UP,52198,1,69,0
2026-07-20 11:30:00,Pivot,Session,52235,NEG,2,18,-107,0,BREAK,UP,52277,1,55,0
2026-07-20 12:20:00,Call Wall 0DTE,Gamma,52300,NEG,4,2,-81,1,REJECT,DOWN,52287,1,0,40
2026-07-20 12:40:00,Pivot,Session,52235,NEG,3,-8.67,-138,0,BREAK,UP,52272,1,37,0
2026-07-20 12:50:00,PWL,PriorWeek,52174,NEG,2,-9,-139,0,BREAK,UP,52278,1,112,0
2026-07-20 12:50:00,ONM,Overnight,52180,NEG,2,-9,-139,0,BREAK,UP,52278,1,106,0
2026-07-20 14:05:00,PWL,PriorWeek,52174,NEG,3,-7.33,-197,0,BREAK,UP,52206,2,50,19
2026-07-20 14:05:00,ONM,Overnight,52180,NEG,3,-7.33,-197,1,BREAK,UP,52206,2,44,25
2026-07-20 14:25:00,Pivot,Session,52235,NEG,4,12.33,-141,1,BREAK,DOWN,52170,1,5,66
2026-07-20 14:55:00,ONL,Overnight,52035,NEG,1,-48.33,-328,0,BREAK,UP,52072,1,45,0
2026-07-20 15:25:00,Put Wall 0DTE,Gamma,52000,NEG,1,-18,-345,0,BREAK,UP,52063,1,71,0
2026-07-20 15:25:00,Put Wall,Gamma,52000,NEG,1,-18,-345,0,BREAK,UP,52063,1,71,0
2026-07-20 18:10:00,ONL,Overnight,52035,NEG,2,12.33,-298,0,BREAK,UP,52070,1,41,0
2026-07-20 20:25:00,ONL,Overnight,52035,NEG,3,-13.33,-293,0,BREAK,UP,52070,1,48,0
2026-07-20 23:55:00,PWL,PriorWeek,52174,NEG,4,4.33,-204,1,HOLD,NONE,52181,6,8,11
2026-07-21 00:00:00,ONM,Overnight,52180,NEG,4,-0.67,-199,1,BREAK,UP,52200,2,21,7
2026-07-21 00:05:00,ONM,Overnight,52180,NEG,1,5,-175,0,BREAK,UP,52212,1,37,0
2026-07-21 01:10:00,Pivot,Session,52235,NEG,1,3.67,-138,0,BREAK,DOWN,52219,6,2,23
2026-07-21 01:45:00,Pivot,Session,52235,NEG,2,10.67,-145,1,BREAK,UP,52261,1,26,1
2026-07-21 03:10:00,Call Wall 0DTE,Gamma,52300,NEG,1,-1.67,-84,1,BREAK,DOWN,52274,1,0,27
2026-07-21 03:10:00,ONH,Overnight,52326,NEG,1,-1.67,-84,1,BREAK,DOWN,52274,1,0,53
2026-07-21 03:10:00,Y-Mid,Session,52316,NEG,1,-1.67,-84,1,BREAK,DOWN,52274,1,0,43
2026-07-21 03:10:00,Pivot,Session,52235,NEG,3,-1.67,-84,0,BREAK,UP,52274,1,65,0
2026-07-21 04:10:00,Pivot,Session,52235,NEG,4,0.33,-171,1,REJECT,DOWN,52234,1,0,35
2026-07-21 05:35:00,Pivot,Session,52235,NEG,5,-8,-140,1,BREAK,UP,52254,1,26,7
2026-07-21 06:35:00,Pivot,Session,52235,NEG,6,6.33,-130,0,BREAK,UP,52308,1,81,0
2026-07-21 06:40:00,Call Wall 0DTE,Gamma,52300,NEG,2,0.67,-67,0,REJECT,UP,52301,1,26,0
2026-07-21 06:40:00,Y-Mid,Session,52316,NEG,2,0.67,-67,1,BREAK,DOWN,52301,1,10,15
2026-07-21 06:45:00,ONH,Overnight,52326,NEG,2,21,-74,1,BREAK,DOWN,52308,1,0,37
2026-07-21 07:45:00,Pivot,Session,52235,NEG,7,-10.33,-163,1,BREAK,DOWN,52218,3,19,19
2026-07-21 08:10:00,ONM,Overnight,52180,NEG,2,-6.67,-187,0,BREAK,UP,52204,1,40,0
2026-07-21 08:25:00,PWL,PriorWeek,52174,NEG,1,3.67,-200,0,BREAK,UP,52195,1,25,8
2026-07-21 09:10:00,ONM,Overnight,52180,NEG,3,17,-176,0,BREAK,UP,52199,1,36,0
2026-07-21 09:25:00,Pivot,Session,52235,NEG,8,7.33,-134,0,BREAK,UP,52260,1,25,2
2026-07-21 09:40:00,Call Wall 0DTE,Gamma,52300,NEG,3,10.33,-93,1,BREAK,DOWN,52199,1,0,106
2026-07-21 09:50:00,PWL,PriorWeek,52174,NEG,2,-20.33,-268,1,REJECT,UP,52187,1,29,67
2026-07-21 10:10:00,ONH,Overnight,52326,NEG,3,37,-51,1,REJECT,UP,52333,1,46,38
2026-07-21 10:10:00,Y-Mid,Session,52316,NEG,3,37,-51,0,BREAK,UP,52333,1,56,28
2026-07-21 10:20:00,PWC,PriorWeek,52375,NEG,1,45.67,-42,1,REJECT,DOWN,52367,2,14,58
2026-07-21 10:45:00,Call Wall 0DTE,Gamma,52300,NEG,4,7.67,-69,0,BREAK,UP,52317,1,32,19
2026-07-21 11:10:00,ONH,Overnight,52326,NEG,4,1.33,-56,1,BREAK,UP,52344,1,28,17
2026-07-21 11:10:00,Y-Mid,Session,52316,NEG,4,1.33,-56,0,BREAK,UP,52344,1,38,7
2026-07-21 11:25:00,PWC,PriorWeek,52375,NEG,2,11.67,27,0,REJECT,UP,52384,1,66,0
2026-07-21 12:20:00,R1,Session,52471,NEG,1,8.67,97,0,BREAK,UP,52494,1,32,0
2026-07-21 13:40:00,R1,Session,52471,NEG,2,-12,102,0,BREAK,UP,52496,1,36,0
2026-07-21 21:30:00,PWC,PriorWeek,52375,NEG,3,-7,2,0,BREAK,UP,52390,1,22,0
2026-07-22 08:30:00,ONH,Overnight,52326,NEG,1,3,-53,1,BREAK,UP,52348,1,22,11
2026-07-22 08:30:00,Y-Mid,Session,52316,NEG,1,3,-53,0,BREAK,UP,52348,1,32,1
2026-07-22 08:40:00,PWC,PriorWeek,52375,NEG,1,-25.33,10,0,BREAK,UP,52390,1,22,0
2026-07-22 09:05:00,Call Wall 0DTE,Gamma,52300,NEG,1,-6.67,-33,0,BREAK,UP,52368,1,68,0
2026-07-22 09:40:00,PWC,PriorWeek,52375,NEG,2,27.33,145,0,BREAK,UP,52519,1,186,0
2026-07-22 09:40:00,R1,Session,52471,NEG,1,27.33,145,0,BREAK,UP,52519,1,90,0
2026-07-22 10:05:00,PMC,PriorMonth,52670,NEG,1,27.33,269,1,BREAK,UP,52688,1,27,44
2026-07-22 10:05:00,PWM,PriorWeek,52644,NEG,1,27.33,269,1,BREAK,UP,52688,1,53,18
2026-07-22 10:50:00,R1,Session,52471,NEG,2,-13.33,103,0,BREAK,UP,52503,1,46,0
2026-07-22 12:15:00,PWM,PriorWeek,52644,NEG,2,6.33,258,1,BREAK,DOWN,52610,1,0,35
2026-07-22 15:00:00,R1,Session,52471,NEG,3,-4,122,0,BREAK,UP,52493,1,32,0
2026-07-22 16:05:00,R1,Session,52471,NEG,4,7.33,51,1,BREAK,DOWN,52445,1,65,43
2026-07-22 18:05:00,R1,Session,52471,NEG,5,1,95,1,BREAK,DOWN,52400,1,0,85
2026-07-22 18:40:00,PWC,PriorWeek,52375,NEG,3,-8.67,2,0,BREAK,DOWN,52357,1,6,21
2026-07-16 20:15:00,PMC,PriorMonth,52670,NEG,1,-1.67,295,1,BREAK,DOWN,52646,2,5,27
2026-07-16 20:20:00,PWM,PriorWeek,52644,NEG,1,-15.67,271,0,REJECT,UP,52655,1,24,0
2026-07-16 23:05:00,R1,Session,52471,NEG,1,-4,116,0,BREAK,UP,52496,1,33,0
2026-07-17 00:50:00,PWC,PriorWeek,52375,NEG,1,-10.67,0,1,BREAK,UP,52407,3,37,15
2026-07-17 01:40:00,PWC,PriorWeek,52375,NEG,2,-1.33,-13,1,BREAK,DOWN,52335,1,0,52
2026-07-17 01:45:00,ONH,Overnight,52326,NEG,1,-8,-40,0,BREAK,UP,52358,1,32,0
2026-07-17 02:35:00,R1,Session,52471,NEG,1,17.33,92,1,BREAK,UP,52488,1,18,8
2026-07-17 03:35:00,R1,Session,52471,NEG,2,1,126,0,BREAK,UP,52494,1,44,0
2026-07-17 04:35:00,R1,Session,52471,NEG,3,-22.33,100,0,BREAK,DOWN,52441,1,27,33
2026-07-17 05:10:00,PWC,PriorWeek,52375,NEG,3,0.33,17,0,BREAK,UP,52390,1,28,0
2026-07-17 06:25:00,R1,Session,52471,NEG,4,9,86,1,BREAK,DOWN,52455,1,0,34
2026-07-17 07:25:00,R1,Session,52471,NEG,5,-22.67,99,0,BREAK,DOWN,52455,1,2,21
2026-07-17 08:25:00,R1,Session,52471,NEG,6,-10,84,1,REJECT,DOWN,52469,1,6,22
2026-07-17 09:05:00,PWC,PriorWeek,52375,NEG,4,-22,-6,1,BREAK,DOWN,52306,1,0,72
2026-07-17 09:10:00,Call Wall 0DTE,Gamma,52300,NEG,1,-25.67,-69,0,BREAK,DOWN,52281,1,16,38
2026-07-17 09:10:00,ONH,Overnight,52326,NEG,2,-25.67,-69,1,BREAK,DOWN,52281,1,0,64
2026-07-17 09:10:00,Y-Mid,Session,52316,NEG,1,-25.67,-69,1,BREAK,DOWN,52281,1,0,54
2026-07-17 09:30:00,Pivot,Session,52235,NEG,1,-10.33,-123,0,REJECT,UP,52242,1,76,7
2026-07-17 09:40:00,PWL,PriorWeek,52174,NEG,1,-10.33,-104,0,BREAK,UP,52459,1,299,0
2026-07-17 09:40:00,ONM,Overnight,52180,NEG,1,-10.33,-104,0,BREAK,UP,52459,1,293,0
2026-07-17 09:45:00,R1,Session,52471,NEG,7,-1.33,84,1,BREAK,UP,52562,1,145,24
2026-07-17 09:55:00,PMC,PriorMonth,52670,NEG,1,106.67,346,0,BREAK,DOWN,52644,1,62,26
2026-07-17 10:00:00,PWM,PriorWeek,52644,NEG,1,106.67,346,0,BREAK,UP,52710,2,88,7
2026-07-17 11:10:00,PMC,PriorMonth,52670,NEG,2,12,306,0,BREAK,UP,52696,1,49,0
2026-07-17 11:20:00,PWM,PriorWeek,52644,NEG,2,-10.67,279,0,REJECT,UP,52654,1,31,31
2026-07-17 12:10:00,PMC,PriorMonth,52670,NEG,3,11.67,268,1,REJECT,DOWN,52662,1,0,55
2026-07-17 12:30:00,PWM,PriorWeek,52644,NEG,3,7.33,228,1,BREAK,DOWN,52629,1,9,47
2026-07-17 14:05:00,R1,Session,52471,NEG,8,-21.33,103,0,REJECT,UP,52476,1,33,5
2026-07-17 15:20:00,PWC,PriorWeek,52375,NEG,5,-22.33,-4,1,REJECT,UP,52382,1,23,11
2026-07-17 16:10:00,ONH,Overnight,52326,NEG,3,-14.67,-41,0,BREAK,UP,52342,1,24,0
2026-07-17 16:20:00,Y-Mid,Session,52316,NEG,2,-22.33,-42,0,BREAK,UP,52340,1,29,0
2026-07-19 18:05:00,PWC,PriorWeek,52375,NEG,6,8.67,-10,1,BREAK,DOWN,52284,5,18,101
2026-07-19 18:10:00,Call Wall 0DTE,Gamma,52300,NEG,1,-1.33,-91,1,REJECT,DOWN,52290,1,0,62
2026-07-19 18:15:00,Pivot,Session,52235,NEG,1,-31,-85,0,BREAK,UP,52287,1,59,0
2026-07-19 18:30:00,ONH,Overnight,52326,NEG,1,7.67,-71,1,BREAK,DOWN,52281,1,0,46
2026-07-19 18:30:00,Y-Mid,Session,52316,NEG,1,7.67,-71,1,BREAK,DOWN,52281,1,0,36
2026-07-19 19:30:00,Y-Mid,Session,52316,NEG,2,0.33,-60,1,REJECT,UP,52318,1,24,3
2026-07-19 19:40:00,ONH,Overnight,52326,NEG,2,0.33,-60,1,REJECT,UP,52334,3,23,18
2026-07-19 20:15:00,PWC,PriorWeek,52375,NEG,1,11,14,0,REJECT,UP,52383,1,24,0
2026-07-19 21:25:00,PWC,PriorWeek,52375,NEG,2,6.67,17,0,REJECT,UP,52385,3,23,17
2026-07-19 21:55:00,ONH,Overnight,52326,NEG,3,-11,-52,1,BREAK,DOWN,52283,2,4,43
2026-07-19 21:55:00,Y-Mid,Session,52316,NEG,3,-11,-52,0,BREAK,DOWN,52283,2,14,33
2026-07-19 22:05:00,Call Wall 0DTE,Gamma,52300,NEG,2,-11.67,-92,1,BREAK,UP,52341,2,46,18
2026-07-19 22:50:00,ONH,Overnight,52326,NEG,4,11.67,-29,0,BREAK,UP,52345,1,28,0
2026-07-19 23:20:00,Y-Mid,Session,52316,NEG,4,-3,-54,0,BREAK,UP,52333,2,23,3
2026-07-20 00:25:00,Y-Mid,Session,52316,NEG,1,-7,-51,0,BREAK,UP,52339,1,23,0
2026-07-20 00:30:00,ONH,Overnight,52326,NEG,1,-5.67,-45,0,BREAK,UP,52362,4,36,14
2026-07-20 00:50:00,PWC,PriorWeek,52375,NEG,1,13.67,1,0,BREAK,UP,52396,2,21,0
2026-07-20 01:55:00,ONH,Overnight,52326,NEG,2,-12.33,-41,0,HOLD,NONE,52315,6,16,11
2026-07-20 02:20:00,Call Wall 0DTE,Gamma,52300,NEG,1,-3,-51,0,REJECT,UP,52304,2,21,0
2026-07-20 02:20:00,Y-Mid,Session,52316,NEG,2,-1,-50,0,HOLD,NONE,52304,6,14,14
2026-07-20 03:20:00,ONH,Overnight,52326,NEG,3,-0.33,-54,1,REJECT,DOWN,52313,3,0,26
2026-07-20 03:25:00,Call Wall 0DTE,Gamma,52300,NEG,2,6,-62,0,BREAK,UP,52354,1,67,0
2026-07-20 03:25:00,Y-Mid,Session,52316,NEG,3,-0.33,-54,0,BREAK,UP,52354,4,51,16
2026-07-20 03:35:00,PWC,PriorWeek,52375,NEG,2,12,6,0,BREAK,UP,52435,1,65,0
2026-07-20 03:55:00,R1,Session,52471,NEG,1,26,49,1,BREAK,DOWN,52410,1,0,67
2026-07-20 05:25:00,R1,Session,52471,NEG,2,2.33,86,1,BREAK,UP,52500,4,33,16
2026-07-20 06:30:00,R1,Session,52471,NEG,3,-12,91,1,BREAK,UP,52486,2,17,6
2026-07-20 07:35:00,R1,Session,52471,NEG,4,-5,100,0,BREAK,UP,52598,1,151,0
2026-07-20 08:40:00,R1,Session,52471,NEG,5,-14.67,120,0,REJECT,UP,52481,2,33,9
2026-07-20 09:35:00,R1,Session,52471,NEG,6,8.67,116,0,BREAK,UP,52512,1,162,0
2026-07-20 10:00:00,PWC,PriorWeek,52375,NEG,3,-30,-33,1,BREAK,DOWN,52319,1,0,56
2026-07-20 10:05:00,ONH,Overnight,52326,NEG,4,-58,-56,1,REJECT,DOWN,52320,1,52,26
2026-07-20 10:05:00,Y-Mid,Session,52316,NEG,4,-58,-56,0,REJECT,UP,52320,1,62,16
2026-07-20 10:10:00,Call Wall 0DTE,Gamma,52300,NEG,3,-52,-55,0,BREAK,DOWN,52264,1,35,41
2026-07-20 10:30:00,Pivot,Session,52235,NEG,1,-22,-134,0,REJECT,UP,52245,1,22,15
2026-07-20 10:45:00,PWL,PriorWeek,52174,NEG,1,-17.33,-147,0,BREAK,UP,52198,1,75,0
2026-07-20 10:45:00,ONM,Overnight,52180,NEG,1,-17.33,-147,0,BREAK,UP,52198,1,69,0
2026-07-20 11:30:00,Pivot,Session,52235,NEG,2,18,-107,0,BREAK,UP,52277,1,55,0
2026-07-20 12:20:00,Call Wall 0DTE,Gamma,52300,NEG,4,2,-81,1,REJECT,DOWN,52287,1,0,40
2026-07-20 12:40:00,Pivot,Session,52235,NEG,3,-8.67,-138,0,BREAK,UP,52272,1,37,0
2026-07-20 12:50:00,PWL,PriorWeek,52174,NEG,2,-9,-139,0,BREAK,UP,52278,1,112,0
2026-07-20 12:50:00,ONM,Overnight,52180,NEG,2,-9,-139,0,BREAK,UP,52278,1,106,0
2026-07-20 14:05:00,PWL,PriorWeek,52174,NEG,3,-7.33,-197,0,BREAK,UP,52206,2,50,19
2026-07-20 14:05:00,ONM,Overnight,52180,NEG,3,-7.33,-197,1,BREAK,UP,52206,2,44,25
2026-07-20 14:25:00,Pivot,Session,52235,NEG,4,12.33,-141,1,BREAK,DOWN,52170,1,5,66
2026-07-20 14:55:00,ONL,Overnight,52035,NEG,1,-48.33,-328,0,BREAK,UP,52072,1,45,0
2026-07-20 15:25:00,Put Wall 0DTE,Gamma,52000,NEG,1,-18,-345,0,BREAK,UP,52063,1,71,0
2026-07-20 15:25:00,Put Wall,Gamma,52000,NEG,1,-18,-345,0,BREAK,UP,52063,1,71,0
2026-07-20 18:10:00,ONL,Overnight,52035,NEG,2,12.33,-298,0,BREAK,UP,52070,1,41,0
2026-07-20 20:25:00,ONL,Overnight,52035,NEG,3,-13.33,-293,0,BREAK,UP,52070,1,48,0
2026-07-20 23:55:00,PWL,PriorWeek,52174,NEG,4,4.33,-204,1,HOLD,NONE,52181,6,8,11
2026-07-21 00:00:00,ONM,Overnight,52180,NEG,4,-0.67,-199,1,BREAK,UP,52200,2,21,7
2026-07-21 00:05:00,ONM,Overnight,52180,NEG,1,5,-175,0,BREAK,UP,52212,1,37,0
2026-07-21 01:10:00,Pivot,Session,52235,NEG,1,3.67,-138,0,BREAK,DOWN,52219,6,2,23
2026-07-21 01:45:00,Pivot,Session,52235,NEG,2,10.67,-145,1,BREAK,UP,52261,1,26,1
2026-07-21 03:10:00,Call Wall 0DTE,Gamma,52300,NEG,1,-1.67,-84,1,BREAK,DOWN,52274,1,0,27
2026-07-21 03:10:00,ONH,Overnight,52326,NEG,1,-1.67,-84,1,BREAK,DOWN,52274,1,0,53
2026-07-21 03:10:00,Y-Mid,Session,52316,NEG,1,-1.67,-84,1,BREAK,DOWN,52274,1,0,43
2026-07-21 03:10:00,Pivot,Session,52235,NEG,3,-1.67,-84,0,BREAK,UP,52274,1,65,0
2026-07-21 04:10:00,Pivot,Session,52235,NEG,4,0.33,-171,1,REJECT,DOWN,52234,1,0,35
2026-07-21 05:35:00,Pivot,Session,52235,NEG,5,-8,-140,1,BREAK,UP,52254,1,26,7
2026-07-21 06:35:00,Pivot,Session,52235,NEG,6,6.33,-130,0,BREAK,UP,52308,1,81,0
2026-07-21 06:40:00,Call Wall 0DTE,Gamma,52300,NEG,2,0.67,-67,0,REJECT,UP,52301,1,26,0
2026-07-21 06:40:00,Y-Mid,Session,52316,NEG,2,0.67,-67,1,BREAK,DOWN,52301,1,10,15
2026-07-21 06:45:00,ONH,Overnight,52326,NEG,2,21,-74,1,BREAK,DOWN,52308,1,0,37
2026-07-21 07:45:00,Pivot,Session,52235,NEG,7,-10.33,-163,1,BREAK,DOWN,52218,3,19,19
2026-07-21 08:10:00,ONM,Overnight,52180,NEG,2,-6.67,-187,0,BREAK,UP,52204,1,40,0
2026-07-21 08:25:00,PWL,PriorWeek,52174,NEG,1,3.67,-200,0,BREAK,UP,52195,1,25,8
2026-07-21 09:10:00,ONM,Overnight,52180,NEG,3,17,-176,0,BREAK,UP,52199,1,36,0
2026-07-21 09:25:00,Pivot,Session,52235,NEG,8,7.33,-134,0,BREAK,UP,52260,1,25,2
2026-07-21 09:40:00,Call Wall 0DTE,Gamma,52300,NEG,3,10.33,-93,1,BREAK,DOWN,52199,1,0,106
2026-07-21 09:50:00,PWL,PriorWeek,52174,NEG,2,-20.33,-268,1,REJECT,UP,52187,1,29,67
2026-07-21 10:10:00,ONH,Overnight,52326,NEG,3,37,-51,1,REJECT,UP,52333,1,46,38
2026-07-21 10:10:00,Y-Mid,Session,52316,NEG,3,37,-51,0,BREAK,UP,52333,1,56,28
2026-07-21 10:20:00,PWC,PriorWeek,52375,NEG,1,45.67,-42,1,REJECT,DOWN,52367,2,14,58
2026-07-21 10:45:00,Call Wall 0DTE,Gamma,52300,NEG,4,7.67,-69,0,BREAK,UP,52317,1,32,19
2026-07-21 11:10:00,ONH,Overnight,52326,NEG,4,1.33,-56,1,BREAK,UP,52344,1,28,17
2026-07-21 11:10:00,Y-Mid,Session,52316,NEG,4,1.33,-56,0,BREAK,UP,52344,1,38,7
2026-07-21 11:25:00,PWC,PriorWeek,52375,NEG,2,11.67,27,0,REJECT,UP,52384,1,66,0
2026-07-21 12:20:00,R1,Session,52471,NEG,1,8.67,97,0,BREAK,UP,52494,1,32,0
2026-07-21 13:40:00,R1,Session,52471,NEG,2,-12,102,0,BREAK,UP,52496,1,36,0
2026-07-21 21:30:00,PWC,PriorWeek,52375,NEG,3,-7,2,0,BREAK,UP,52390,1,22,0
2026-07-22 08:30:00,ONH,Overnight,52326,NEG,1,3,-53,1,BREAK,UP,52348,1,22,11
2026-07-22 08:30:00,Y-Mid,Session,52316,NEG,1,3,-53,0,BREAK,UP,52348,1,32,1
2026-07-22 08:40:00,PWC,PriorWeek,52375,NEG,1,-25.33,10,0,BREAK,UP,52390,1,22,0
2026-07-22 09:05:00,Call Wall 0DTE,Gamma,52300,NEG,1,-6.67,-33,0,BREAK,UP,52368,1,68,0
2026-07-22 09:40:00,PWC,PriorWeek,52375,NEG,2,27.33,145,0,BREAK,UP,52519,1,186,0
2026-07-22 09:40:00,R1,Session,52471,NEG,1,27.33,145,0,BREAK,UP,52519,1,90,0
2026-07-22 10:05:00,PMC,PriorMonth,52670,NEG,1,27.33,269,1,BREAK,UP,52688,1,27,44
2026-07-22 10:05:00,PWM,PriorWeek,52644,NEG,1,27.33,269,1,BREAK,UP,52688,1,53,18
2026-07-22 10:50:00,R1,Session,52471,NEG,2,-13.33,103,0,BREAK,UP,52503,1,46,0
2026-07-22 12:15:00,PWM,PriorWeek,52644,NEG,2,6.33,258,1,BREAK,DOWN,52610,1,0,35
2026-07-22 15:00:00,R1,Session,52471,NEG,3,-4,122,0,BREAK,UP,52493,1,32,0
2026-07-22 16:05:00,R1,Session,52471,NEG,4,7.33,51,1,BREAK,DOWN,52445,1,65,43
2026-07-22 18:05:00,R1,Session,52471,NEG,5,1,95,1,BREAK,DOWN,52400,1,0,85
2026-07-22 18:40:00,PWC,PriorWeek,52375,NEG,3,-8.67,2,0,BREAK,DOWN,52357,1,6,21
2026-07-16 20:15:00,PMC,PriorMonth,52670,NEG,1,-1.67,295,1,BREAK,DOWN,52646,2,5,27
2026-07-16 20:20:00,PWM,PriorWeek,52644,NEG,1,-15.67,271,0,REJECT,UP,52655,1,24,0
2026-07-16 23:05:00,R1,Session,52471,NEG,1,-4,116,0,BREAK,UP,52496,1,33,0
2026-07-17 00:50:00,PWC,PriorWeek,52375,NEG,1,-10.67,0,1,BREAK,UP,52407,3,37,15
2026-07-17 01:40:00,PWC,PriorWeek,52375,NEG,2,-1.33,-13,1,BREAK,DOWN,52335,1,0,52
2026-07-17 01:45:00,ONH,Overnight,52326,NEG,1,-8,-40,0,BREAK,UP,52358,1,32,0
2026-07-17 02:35:00,R1,Session,52471,NEG,1,17.33,92,1,BREAK,UP,52488,1,18,8
2026-07-17 03:35:00,R1,Session,52471,NEG,2,1,126,0,BREAK,UP,52494,1,44,0
2026-07-17 04:35:00,R1,Session,52471,NEG,3,-22.33,100,0,BREAK,DOWN,52441,1,27,33
2026-07-17 05:10:00,PWC,PriorWeek,52375,NEG,3,0.33,17,0,BREAK,UP,52390,1,28,0
2026-07-17 06:25:00,R1,Session,52471,NEG,4,9,86,1,BREAK,DOWN,52455,1,0,34
2026-07-17 07:25:00,R1,Session,52471,NEG,5,-22.67,99,0,BREAK,DOWN,52455,1,2,21
2026-07-17 08:25:00,R1,Session,52471,NEG,6,-10,84,1,REJECT,DOWN,52469,1,6,22
2026-07-17 09:05:00,PWC,PriorWeek,52375,NEG,4,-22,-6,1,BREAK,DOWN,52306,1,0,72
2026-07-17 09:10:00,Call Wall 0DTE,Gamma,52300,NEG,1,-25.67,-69,0,BREAK,DOWN,52281,1,16,38
2026-07-17 09:10:00,ONH,Overnight,52326,NEG,2,-25.67,-69,1,BREAK,DOWN,52281,1,0,64
2026-07-17 09:10:00,Y-Mid,Session,52316,NEG,1,-25.67,-69,1,BREAK,DOWN,52281,1,0,54
2026-07-17 09:30:00,Pivot,Session,52235,NEG,1,-10.33,-123,0,REJECT,UP,52242,1,76,7
2026-07-17 09:40:00,PWL,PriorWeek,52174,NEG,1,-10.33,-104,0,BREAK,UP,52459,1,299,0
2026-07-17 09:40:00,ONM,Overnight,52180,NEG,1,-10.33,-104,0,BREAK,UP,52459,1,293,0
2026-07-17 09:45:00,R1,Session,52471,NEG,7,-1.33,84,1,BREAK,UP,52562,1,145,24
2026-07-17 09:55:00,PMC,PriorMonth,52670,NEG,1,106.67,346,0,BREAK,DOWN,52644,1,62,26
2026-07-17 10:00:00,PWM,PriorWeek,52644,NEG,1,106.67,346,0,BREAK,UP,52710,2,88,7
2026-07-17 11:10:00,PMC,PriorMonth,52670,NEG,2,12,306,0,BREAK,UP,52696,1,49,0
2026-07-17 11:20:00,PWM,PriorWeek,52644,NEG,2,-10.67,279,0,REJECT,UP,52654,1,31,31
2026-07-17 12:10:00,PMC,PriorMonth,52670,NEG,3,11.67,268,1,REJECT,DOWN,52662,1,0,55
2026-07-17 12:30:00,PWM,PriorWeek,52644,NEG,3,7.33,228,1,BREAK,DOWN,52629,1,9,47
2026-07-17 14:05:00,R1,Session,52471,NEG,8,-21.33,103,0,REJECT,UP,52476,1,33,5
2026-07-17 15:20:00,PWC,PriorWeek,52375,NEG,5,-22.33,-4,1,REJECT,UP,52382,1,23,11
2026-07-17 16:10:00,ONH,Overnight,52326,NEG,3,-14.67,-41,0,BREAK,UP,52342,1,24,0
2026-07-17 16:20:00,Y-Mid,Session,52316,NEG,2,-22.33,-42,0,BREAK,UP,52340,1,29,0
2026-07-19 18:05:00,PWC,PriorWeek,52375,NEG,6,8.67,-10,1,BREAK,DOWN,52284,5,18,101
2026-07-19 18:10:00,Call Wall 0DTE,Gamma,52300,NEG,1,-1.33,-91,1,REJECT,DOWN,52290,1,0,62
2026-07-19 18:15:00,Pivot,Session,52235,NEG,1,-31,-85,0,BREAK,UP,52287,1,59,0
2026-07-19 18:30:00,ONH,Overnight,52326,NEG,1,7.67,-71,1,BREAK,DOWN,52281,1,0,46
2026-07-19 18:30:00,Y-Mid,Session,52316,NEG,1,7.67,-71,1,BREAK,DOWN,52281,1,0,36
2026-07-19 19:30:00,Y-Mid,Session,52316,NEG,2,0.33,-60,1,REJECT,UP,52318,1,24,3
2026-07-19 19:40:00,ONH,Overnight,52326,NEG,2,0.33,-60,1,REJECT,UP,52334,3,23,18
2026-07-19 20:15:00,PWC,PriorWeek,52375,NEG,1,11,14,0,REJECT,UP,52383,1,24,0
2026-07-19 21:25:00,PWC,PriorWeek,52375,NEG,2,6.67,17,0,REJECT,UP,52385,3,23,17
2026-07-19 21:55:00,ONH,Overnight,52326,NEG,3,-11,-52,1,BREAK,DOWN,52283,2,4,43
2026-07-19 21:55:00,Y-Mid,Session,52316,NEG,3,-11,-52,0,BREAK,DOWN,52283,2,14,33
2026-07-19 22:05:00,Call Wall 0DTE,Gamma,52300,NEG,2,-11.67,-92,1,BREAK,UP,52341,2,46,18
2026-07-19 22:50:00,ONH,Overnight,52326,NEG,4,11.67,-29,0,BREAK,UP,52345,1,28,0
2026-07-19 23:20:00,Y-Mid,Session,52316,NEG,4,-3,-54,0,BREAK,UP,52333,2,23,3
2026-07-20 00:25:00,Y-Mid,Session,52316,NEG,1,-7,-51,0,BREAK,UP,52339,1,23,0
2026-07-20 00:30:00,ONH,Overnight,52326,NEG,1,-5.67,-45,0,BREAK,UP,52362,4,36,14
2026-07-20 00:50:00,PWC,PriorWeek,52375,NEG,1,13.67,1,0,BREAK,UP,52396,2,21,0
2026-07-20 01:55:00,ONH,Overnight,52326,NEG,2,-12.33,-41,0,HOLD,NONE,52315,6,16,11
2026-07-20 02:20:00,Call Wall 0DTE,Gamma,52300,NEG,1,-3,-51,0,REJECT,UP,52304,2,21,0
2026-07-20 02:20:00,Y-Mid,Session,52316,NEG,2,-1,-50,0,HOLD,NONE,52304,6,14,14
2026-07-20 03:20:00,ONH,Overnight,52326,NEG,3,-0.33,-54,1,REJECT,DOWN,52313,3,0,26
2026-07-20 03:25:00,Call Wall 0DTE,Gamma,52300,NEG,2,6,-62,0,BREAK,UP,52354,1,67,0
2026-07-20 03:25:00,Y-Mid,Session,52316,NEG,3,-0.33,-54,0,BREAK,UP,52354,4,51,16
2026-07-20 03:35:00,PWC,PriorWeek,52375,NEG,2,12,6,0,BREAK,UP,52435,1,65,0
2026-07-20 03:55:00,R1,Session,52471,NEG,1,26,49,1,BREAK,DOWN,52410,1,0,67
2026-07-20 05:25:00,R1,Session,52471,NEG,2,2.33,86,1,BREAK,UP,52500,4,33,16
2026-07-20 06:30:00,R1,Session,52471,NEG,3,-12,91,1,BREAK,UP,52486,2,17,6
2026-07-20 07:35:00,R1,Session,52471,NEG,4,-5,100,0,BREAK,UP,52598,1,151,0
2026-07-20 08:40:00,R1,Session,52471,NEG,5,-14.67,120,0,REJECT,UP,52481,2,33,9
2026-07-20 09:35:00,R1,Session,52471,NEG,6,8.67,116,0,BREAK,UP,52512,1,162,0
2026-07-20 10:00:00,PWC,PriorWeek,52375,NEG,3,-30,-33,1,BREAK,DOWN,52319,1,0,56
2026-07-20 10:05:00,ONH,Overnight,52326,NEG,4,-58,-56,1,REJECT,DOWN,52320,1,52,26
2026-07-20 10:05:00,Y-Mid,Session,52316,NEG,4,-58,-56,0,REJECT,UP,52320,1,62,16
2026-07-20 10:10:00,Call Wall 0DTE,Gamma,52300,NEG,3,-52,-55,0,BREAK,DOWN,52264,1,35,41
2026-07-20 10:30:00,Pivot,Session,52235,NEG,1,-22,-134,0,REJECT,UP,52245,1,22,15
2026-07-20 10:45:00,PWL,PriorWeek,52174,NEG,1,-17.33,-147,0,BREAK,UP,52198,1,75,0
2026-07-20 10:45:00,ONM,Overnight,52180,NEG,1,-17.33,-147,0,BREAK,UP,52198,1,69,0
2026-07-20 11:30:00,Pivot,Session,52235,NEG,2,18,-107,0,BREAK,UP,52277,1,55,0
2026-07-20 12:20:00,Call Wall 0DTE,Gamma,52300,NEG,4,2,-81,1,REJECT,DOWN,52287,1,0,40
2026-07-20 12:40:00,Pivot,Session,52235,NEG,3,-8.67,-138,0,BREAK,UP,52272,1,37,0
2026-07-20 12:50:00,PWL,PriorWeek,52174,NEG,2,-9,-139,0,BREAK,UP,52278,1,112,0
2026-07-20 12:50:00,ONM,Overnight,52180,NEG,2,-9,-139,0,BREAK,UP,52278,1,106,0
2026-07-20 14:05:00,PWL,PriorWeek,52174,NEG,3,-7.33,-197,0,BREAK,UP,52206,2,50,19
2026-07-20 14:05:00,ONM,Overnight,52180,NEG,3,-7.33,-197,1,BREAK,UP,52206,2,44,25
2026-07-20 14:25:00,Pivot,Session,52235,NEG,4,12.33,-141,1,BREAK,DOWN,52170,1,5,66
2026-07-20 14:55:00,ONL,Overnight,52035,NEG,1,-48.33,-328,0,BREAK,UP,52072,1,45,0
2026-07-20 15:25:00,Put Wall 0DTE,Gamma,52000,NEG,1,-18,-345,0,BREAK,UP,52063,1,71,0
2026-07-20 15:25:00,Put Wall,Gamma,52000,NEG,1,-18,-345,0,BREAK,UP,52063,1,71,0
2026-07-20 18:10:00,ONL,Overnight,52035,NEG,2,12.33,-298,0,BREAK,UP,52070,1,41,0
2026-07-20 20:25:00,ONL,Overnight,52035,NEG,3,-13.33,-293,0,BREAK,UP,52070,1,48,0
2026-07-20 23:55:00,PWL,PriorWeek,52174,NEG,4,4.33,-204,1,HOLD,NONE,52181,6,8,11
2026-07-21 00:00:00,ONM,Overnight,52180,NEG,4,-0.67,-199,1,BREAK,UP,52200,2,21,7
2026-07-21 00:05:00,ONM,Overnight,52180,NEG,1,5,-175,0,BREAK,UP,52212,1,37,0
2026-07-21 01:10:00,Pivot,Session,52235,NEG,1,3.67,-138,0,BREAK,DOWN,52219,6,2,23
2026-07-21 01:45:00,Pivot,Session,52235,NEG,2,10.67,-145,1,BREAK,UP,52261,1,26,1
2026-07-21 03:10:00,Call Wall 0DTE,Gamma,52300,NEG,1,-1.67,-84,1,BREAK,DOWN,52274,1,0,27
2026-07-21 03:10:00,ONH,Overnight,52326,NEG,1,-1.67,-84,1,BREAK,DOWN,52274,1,0,53
2026-07-21 03:10:00,Y-Mid,Session,52316,NEG,1,-1.67,-84,1,BREAK,DOWN,52274,1,0,43
2026-07-21 03:10:00,Pivot,Session,52235,NEG,3,-1.67,-84,0,BREAK,UP,52274,1,65,0
2026-07-21 04:10:00,Pivot,Session,52235,NEG,4,0.33,-171,1,REJECT,DOWN,52234,1,0,35
2026-07-21 05:35:00,Pivot,Session,52235,NEG,5,-8,-140,1,BREAK,UP,52254,1,26,7
2026-07-21 06:35:00,Pivot,Session,52235,NEG,6,6.33,-130,0,BREAK,UP,52308,1,81,0
2026-07-21 06:40:00,Call Wall 0DTE,Gamma,52300,NEG,2,0.67,-67,0,REJECT,UP,52301,1,26,0
2026-07-21 06:40:00,Y-Mid,Session,52316,NEG,2,0.67,-67,1,BREAK,DOWN,52301,1,10,15
2026-07-21 06:45:00,ONH,Overnight,52326,NEG,2,21,-74,1,BREAK,DOWN,52308,1,0,37
2026-07-21 07:45:00,Pivot,Session,52235,NEG,7,-10.33,-163,1,BREAK,DOWN,52218,3,19,19
2026-07-21 08:10:00,ONM,Overnight,52180,NEG,2,-6.67,-187,0,BREAK,UP,52204,1,40,0
2026-07-21 08:25:00,PWL,PriorWeek,52174,NEG,1,3.67,-200,0,BREAK,UP,52195,1,25,8
2026-07-21 09:10:00,ONM,Overnight,52180,NEG,3,17,-176,0,BREAK,UP,52199,1,36,0
2026-07-21 09:25:00,Pivot,Session,52235,NEG,8,7.33,-134,0,BREAK,UP,52260,1,25,2
2026-07-21 09:40:00,Call Wall 0DTE,Gamma,52300,NEG,3,10.33,-93,1,BREAK,DOWN,52199,1,0,106
2026-07-21 09:50:00,PWL,PriorWeek,52174,NEG,2,-20.33,-268,1,REJECT,UP,52187,1,29,67
2026-07-21 10:10:00,ONH,Overnight,52326,NEG,3,37,-51,1,REJECT,UP,52333,1,46,38
2026-07-21 10:10:00,Y-Mid,Session,52316,NEG,3,37,-51,0,BREAK,UP,52333,1,56,28
2026-07-21 10:20:00,PWC,PriorWeek,52375,NEG,1,45.67,-42,1,REJECT,DOWN,52367,2,14,58
2026-07-21 10:45:00,Call Wall 0DTE,Gamma,52300,NEG,4,7.67,-69,0,BREAK,UP,52317,1,32,19
2026-07-21 11:10:00,ONH,Overnight,52326,NEG,4,1.33,-56,1,BREAK,UP,52344,1,28,17
2026-07-21 11:10:00,Y-Mid,Session,52316,NEG,4,1.33,-56,0,BREAK,UP,52344,1,38,7
2026-07-21 11:25:00,PWC,PriorWeek,52375,NEG,2,11.67,27,0,REJECT,UP,52384,1,66,0
2026-07-21 12:20:00,R1,Session,52471,NEG,1,8.67,97,0,BREAK,UP,52494,1,32,0
2026-07-21 13:40:00,R1,Session,52471,NEG,2,-12,102,0,BREAK,UP,52496,1,36,0
2026-07-21 21:30:00,PWC,PriorWeek,52375,NEG,3,-7,2,0,BREAK,UP,52390,1,22,0
2026-07-22 08:30:00,ONH,Overnight,52326,NEG,1,3,-53,1,BREAK,UP,52348,1,22,11
2026-07-22 08:30:00,Y-Mid,Session,52316,NEG,1,3,-53,0,BREAK,UP,52348,1,32,1
2026-07-22 08:40:00,PWC,PriorWeek,52375,NEG,1,-25.33,10,0,BREAK,UP,52390,1,22,0
2026-07-22 09:05:00,Call Wall 0DTE,Gamma,52300,NEG,1,-6.67,-33,0,BREAK,UP,52368,1,68,0
2026-07-22 09:40:00,PWC,PriorWeek,52375,NEG,2,27.33,145,0,BREAK,UP,52519,1,186,0
2026-07-22 09:40:00,R1,Session,52471,NEG,1,27.33,145,0,BREAK,UP,52519,1,90,0
2026-07-22 10:05:00,PMC,PriorMonth,52670,NEG,1,27.33,269,1,BREAK,UP,52688,1,27,44
2026-07-22 10:05:00,PWM,PriorWeek,52644,NEG,1,27.33,269,1,BREAK,UP,52688,1,53,18
2026-07-22 10:50:00,R1,Session,52471,NEG,2,-13.33,103,0,BREAK,UP,52503,1,46,0
2026-07-22 12:15:00,PWM,PriorWeek,52644,NEG,2,6.33,258,1,BREAK,DOWN,52610,1,0,35
2026-07-22 15:00:00,R1,Session,52471,NEG,3,-4,122,0,BREAK,UP,52493,1,32,0
2026-07-22 16:05:00,R1,Session,52471,NEG,4,7.33,51,1,BREAK,DOWN,52445,1,65,43
2026-07-22 18:05:00,R1,Session,52471,NEG,5,1,95,1,BREAK,DOWN,52400,1,0,85
2026-07-22 18:40:00,PWC,PriorWeek,52375,NEG,3,-8.67,2,0,BREAK,DOWN,52357,1,6,21
2026-07-16 20:15:00,PMC,PriorMonth,52670,NEG,1,-1.67,295,1,BREAK,DOWN,52646,2,5,27
2026-07-16 20:20:00,PWM,PriorWeek,52644,NEG,1,-15.67,271,0,REJECT,UP,52655,1,24,0
2026-07-16 23:05:00,R1,Session,52471,NEG,1,-4,116,0,BREAK,UP,52496,1,33,0
2026-07-17 00:50:00,PWC,PriorWeek,52375,NEG,1,-10.67,0,1,BREAK,UP,52407,3,37,15
2026-07-17 01:40:00,PWC,PriorWeek,52375,NEG,2,-1.33,-13,1,BREAK,DOWN,52335,1,0,52
2026-07-17 01:45:00,ONH,Overnight,52326,NEG,1,-8,-40,0,BREAK,UP,52358,1,32,0
2026-07-17 02:35:00,R1,Session,52471,NEG,1,17.33,92,1,BREAK,UP,52488,1,18,8
2026-07-17 03:35:00,R1,Session,52471,NEG,2,1,126,0,BREAK,UP,52494,1,44,0
2026-07-17 04:35:00,R1,Session,52471,NEG,3,-22.33,100,0,BREAK,DOWN,52441,1,27,33
2026-07-17 05:10:00,PWC,PriorWeek,52375,NEG,3,0.33,17,0,BREAK,UP,52390,1,28,0
2026-07-17 06:25:00,R1,Session,52471,NEG,4,9,86,1,BREAK,DOWN,52455,1,0,34
2026-07-17 07:25:00,R1,Session,52471,NEG,5,-22.67,99,0,BREAK,DOWN,52455,1,2,21
2026-07-17 08:25:00,R1,Session,52471,NEG,6,-10,84,1,REJECT,DOWN,52469,1,6,22
2026-07-17 09:05:00,PWC,PriorWeek,52375,NEG,4,-22,-6,1,BREAK,DOWN,52306,1,0,72
2026-07-17 09:10:00,Call Wall 0DTE,Gamma,52300,NEG,1,-25.67,-69,0,BREAK,DOWN,52281,1,16,38
2026-07-17 09:10:00,ONH,Overnight,52326,NEG,2,-25.67,-69,1,BREAK,DOWN,52281,1,0,64
2026-07-17 09:10:00,Y-Mid,Session,52316,NEG,1,-25.67,-69,1,BREAK,DOWN,52281,1,0,54
2026-07-17 09:30:00,Pivot,Session,52235,NEG,1,-10.33,-123,0,REJECT,UP,52242,1,76,7
2026-07-17 09:40:00,PWL,PriorWeek,52174,NEG,1,-10.33,-104,0,BREAK,UP,52459,1,299,0
2026-07-17 09:40:00,ONM,Overnight,52180,NEG,1,-10.33,-104,0,BREAK,UP,52459,1,293,0
2026-07-17 09:45:00,R1,Session,52471,NEG,7,-1.33,84,1,BREAK,UP,52562,1,145,24
2026-07-17 09:55:00,PMC,PriorMonth,52670,NEG,1,106.67,346,0,BREAK,DOWN,52644,1,62,26
2026-07-17 10:00:00,PWM,PriorWeek,52644,NEG,1,106.67,346,0,BREAK,UP,52710,2,88,7
2026-07-17 11:10:00,PMC,PriorMonth,52670,NEG,2,12,306,0,BREAK,UP,52696,1,49,0
2026-07-17 11:20:00,PWM,PriorWeek,52644,NEG,2,-10.67,279,0,REJECT,UP,52654,1,31,31
2026-07-17 12:10:00,PMC,PriorMonth,52670,NEG,3,11.67,268,1,REJECT,DOWN,52662,1,0,55
2026-07-17 12:30:00,PWM,PriorWeek,52644,NEG,3,7.33,228,1,BREAK,DOWN,52629,1,9,47
2026-07-17 14:05:00,R1,Session,52471,NEG,8,-21.33,103,0,REJECT,UP,52476,1,33,5
2026-07-17 15:20:00,PWC,PriorWeek,52375,NEG,5,-22.33,-4,1,REJECT,UP,52382,1,23,11
2026-07-17 16:10:00,ONH,Overnight,52326,NEG,3,-14.67,-41,0,BREAK,UP,52342,1,24,0
2026-07-17 16:20:00,Y-Mid,Session,52316,NEG,2,-22.33,-42,0,BREAK,UP,52340,1,29,0
2026-07-19 18:05:00,PWC,PriorWeek,52375,NEG,6,8.67,-10,1,BREAK,DOWN,52284,5,18,101
2026-07-19 18:10:00,Call Wall 0DTE,Gamma,52300,NEG,1,-1.33,-91,1,REJECT,DOWN,52290,1,0,62
2026-07-19 18:15:00,Pivot,Session,52235,NEG,1,-31,-85,0,BREAK,UP,52287,1,59,0
2026-07-19 18:30:00,ONH,Overnight,52326,NEG,1,7.67,-71,1,BREAK,DOWN,52281,1,0,46
2026-07-19 18:30:00,Y-Mid,Session,52316,NEG,1,7.67,-71,1,BREAK,DOWN,52281,1,0,36
2026-07-19 19:30:00,Y-Mid,Session,52316,NEG,2,0.33,-60,1,REJECT,UP,52318,1,24,3
2026-07-19 19:40:00,ONH,Overnight,52326,NEG,2,0.33,-60,1,REJECT,UP,52334,3,23,18
2026-07-19 20:15:00,PWC,PriorWeek,52375,NEG,1,11,14,0,REJECT,UP,52383,1,24,0
2026-07-19 21:25:00,PWC,PriorWeek,52375,NEG,2,6.67,17,0,REJECT,UP,52385,3,23,17
2026-07-19 21:55:00,ONH,Overnight,52326,NEG,3,-11,-52,1,BREAK,DOWN,52283,2,4,43
2026-07-19 21:55:00,Y-Mid,Session,52316,NEG,3,-11,-52,0,BREAK,DOWN,52283,2,14,33
2026-07-19 22:05:00,Call Wall 0DTE,Gamma,52300,NEG,2,-11.67,-92,1,BREAK,UP,52341,2,46,18
2026-07-19 22:50:00,ONH,Overnight,52326,NEG,4,11.67,-29,0,BREAK,UP,52345,1,28,0
2026-07-19 23:20:00,Y-Mid,Session,52316,NEG,4,-3,-54,0,BREAK,UP,52333,2,23,3
2026-07-20 00:25:00,Y-Mid,Session,52316,NEG,1,-7,-51,0,BREAK,UP,52339,1,23,0
2026-07-20 00:30:00,ONH,Overnight,52326,NEG,1,-5.67,-45,0,BREAK,UP,52362,4,36,14
2026-07-20 00:50:00,PWC,PriorWeek,52375,NEG,1,13.67,1,0,BREAK,UP,52396,2,21,0
2026-07-20 01:55:00,ONH,Overnight,52326,NEG,2,-12.33,-41,0,HOLD,NONE,52315,6,16,11
2026-07-20 02:20:00,Call Wall 0DTE,Gamma,52300,NEG,1,-3,-51,0,REJECT,UP,52304,2,21,0
2026-07-20 02:20:00,Y-Mid,Session,52316,NEG,2,-1,-50,0,HOLD,NONE,52304,6,14,14
2026-07-20 03:20:00,ONH,Overnight,52326,NEG,3,-0.33,-54,1,REJECT,DOWN,52313,3,0,26
2026-07-20 03:25:00,Call Wall 0DTE,Gamma,52300,NEG,2,6,-62,0,BREAK,UP,52354,1,67,0
2026-07-20 03:25:00,Y-Mid,Session,52316,NEG,3,-0.33,-54,0,BREAK,UP,52354,4,51,16
2026-07-20 03:35:00,PWC,PriorWeek,52375,NEG,2,12,6,0,BREAK,UP,52435,1,65,0
2026-07-20 03:55:00,R1,Session,52471,NEG,1,26,49,1,BREAK,DOWN,52410,1,0,67
2026-07-20 05:25:00,R1,Session,52471,NEG,2,2.33,86,1,BREAK,UP,52500,4,33,16
2026-07-20 06:30:00,R1,Session,52471,NEG,3,-12,91,1,BREAK,UP,52486,2,17,6
2026-07-20 07:35:00,R1,Session,52471,NEG,4,-5,100,0,BREAK,UP,52598,1,151,0
2026-07-20 08:40:00,R1,Session,52471,NEG,5,-14.67,120,0,REJECT,UP,52481,2,33,9
2026-07-20 09:35:00,R1,Session,52471,NEG,6,8.67,116,0,BREAK,UP,52512,1,162,0
2026-07-20 10:00:00,PWC,PriorWeek,52375,NEG,3,-30,-33,1,BREAK,DOWN,52319,1,0,56
2026-07-20 10:05:00,ONH,Overnight,52326,NEG,4,-58,-56,1,REJECT,DOWN,52320,1,52,26
2026-07-20 10:05:00,Y-Mid,Session,52316,NEG,4,-58,-56,0,REJECT,UP,52320,1,62,16
2026-07-20 10:10:00,Call Wall 0DTE,Gamma,52300,NEG,3,-52,-55,0,BREAK,DOWN,52264,1,35,41
2026-07-20 10:30:00,Pivot,Session,52235,NEG,1,-22,-134,0,REJECT,UP,52245,1,22,15
2026-07-20 10:45:00,PWL,PriorWeek,52174,NEG,1,-17.33,-147,0,BREAK,UP,52198,1,75,0
2026-07-20 10:45:00,ONM,Overnight,52180,NEG,1,-17.33,-147,0,BREAK,UP,52198,1,69,0
2026-07-20 11:30:00,Pivot,Session,52235,NEG,2,18,-107,0,BREAK,UP,52277,1,55,0
2026-07-20 12:20:00,Call Wall 0DTE,Gamma,52300,NEG,4,2,-81,1,REJECT,DOWN,52287,1,0,40
2026-07-20 12:40:00,Pivot,Session,52235,NEG,3,-8.67,-138,0,BREAK,UP,52272,1,37,0
2026-07-20 12:50:00,PWL,PriorWeek,52174,NEG,2,-9,-139,0,BREAK,UP,52278,1,112,0
2026-07-20 12:50:00,ONM,Overnight,52180,NEG,2,-9,-139,0,BREAK,UP,52278,1,106,0
2026-07-20 14:05:00,PWL,PriorWeek,52174,NEG,3,-7.33,-197,0,BREAK,UP,52206,2,50,19
2026-07-20 14:05:00,ONM,Overnight,52180,NEG,3,-7.33,-197,1,BREAK,UP,52206,2,44,25
2026-07-20 14:25:00,Pivot,Session,52235,NEG,4,12.33,-141,1,BREAK,DOWN,52170,1,5,66
2026-07-20 14:55:00,ONL,Overnight,52035,NEG,1,-48.33,-328,0,BREAK,UP,52072,1,45,0
2026-07-20 15:25:00,Put Wall 0DTE,Gamma,52000,NEG,1,-18,-345,0,BREAK,UP,52063,1,71,0
2026-07-20 15:25:00,Put Wall,Gamma,52000,NEG,1,-18,-345,0,BREAK,UP,52063,1,71,0
2026-07-20 18:10:00,ONL,Overnight,52035,NEG,2,12.33,-298,0,BREAK,UP,52070,1,41,0
2026-07-20 20:25:00,ONL,Overnight,52035,NEG,3,-13.33,-293,0,BREAK,UP,52070,1,48,0
2026-07-20 23:55:00,PWL,PriorWeek,52174,NEG,4,4.33,-204,1,HOLD,NONE,52181,6,8,11
2026-07-21 00:00:00,ONM,Overnight,52180,NEG,4,-0.67,-199,1,BREAK,UP,52200,2,21,7
2026-07-21 00:05:00,ONM,Overnight,52180,NEG,1,5,-175,0,BREAK,UP,52212,1,37,0
2026-07-21 01:10:00,Pivot,Session,52235,NEG,1,3.67,-138,0,BREAK,DOWN,52219,6,2,23
2026-07-21 01:45:00,Pivot,Session,52235,NEG,2,10.67,-145,1,BREAK,UP,52261,1,26,1
2026-07-21 03:10:00,Call Wall 0DTE,Gamma,52300,NEG,1,-1.67,-84,1,BREAK,DOWN,52274,1,0,27
2026-07-21 03:10:00,ONH,Overnight,52326,NEG,1,-1.67,-84,1,BREAK,DOWN,52274,1,0,53
2026-07-21 03:10:00,Y-Mid,Session,52316,NEG,1,-1.67,-84,1,BREAK,DOWN,52274,1,0,43
2026-07-21 03:10:00,Pivot,Session,52235,NEG,3,-1.67,-84,0,BREAK,UP,52274,1,65,0
2026-07-21 04:10:00,Pivot,Session,52235,NEG,4,0.33,-171,1,REJECT,DOWN,52234,1,0,35
2026-07-21 05:35:00,Pivot,Session,52235,NEG,5,-8,-140,1,BREAK,UP,52254,1,26,7
2026-07-21 06:35:00,Pivot,Session,52235,NEG,6,6.33,-130,0,BREAK,UP,52308,1,81,0
2026-07-21 06:40:00,Call Wall 0DTE,Gamma,52300,NEG,2,0.67,-67,0,REJECT,UP,52301,1,26,0
2026-07-21 06:40:00,Y-Mid,Session,52316,NEG,2,0.67,-67,1,BREAK,DOWN,52301,1,10,15
2026-07-21 06:45:00,ONH,Overnight,52326,NEG,2,21,-74,1,BREAK,DOWN,52308,1,0,37
2026-07-21 07:45:00,Pivot,Session,52235,NEG,7,-10.33,-163,1,BREAK,DOWN,52218,3,19,19
2026-07-21 08:10:00,ONM,Overnight,52180,NEG,2,-6.67,-187,0,BREAK,UP,52204,1,40,0
2026-07-21 08:25:00,PWL,PriorWeek,52174,NEG,1,3.67,-200,0,BREAK,UP,52195,1,25,8
2026-07-21 09:10:00,ONM,Overnight,52180,NEG,3,17,-176,0,BREAK,UP,52199,1,36,0
2026-07-21 09:25:00,Pivot,Session,52235,NEG,8,7.33,-134,0,BREAK,UP,52260,1,25,2
2026-07-21 09:40:00,Call Wall 0DTE,Gamma,52300,NEG,3,10.33,-93,1,BREAK,DOWN,52199,1,0,106
2026-07-21 09:50:00,PWL,PriorWeek,52174,NEG,2,-20.33,-268,1,REJECT,UP,52187,1,29,67
2026-07-21 10:10:00,ONH,Overnight,52326,NEG,3,37,-51,1,REJECT,UP,52333,1,46,38
2026-07-21 10:10:00,Y-Mid,Session,52316,NEG,3,37,-51,0,BREAK,UP,52333,1,56,28
2026-07-21 10:20:00,PWC,PriorWeek,52375,NEG,1,45.67,-42,1,REJECT,DOWN,52367,2,14,58
2026-07-21 10:45:00,Call Wall 0DTE,Gamma,52300,NEG,4,7.67,-69,0,BREAK,UP,52317,1,32,19
2026-07-21 11:10:00,ONH,Overnight,52326,NEG,4,1.33,-56,1,BREAK,UP,52344,1,28,17
2026-07-21 11:10:00,Y-Mid,Session,52316,NEG,4,1.33,-56,0,BREAK,UP,52344,1,38,7
2026-07-21 11:25:00,PWC,PriorWeek,52375,NEG,2,11.67,27,0,REJECT,UP,52384,1,66,0
2026-07-21 12:20:00,R1,Session,52471,NEG,1,8.67,97,0,BREAK,UP,52494,1,32,0
2026-07-21 13:40:00,R1,Session,52471,NEG,2,-12,102,0,BREAK,UP,52496,1,36,0
2026-07-21 21:30:00,PWC,PriorWeek,52375,NEG,3,-7,2,0,BREAK,UP,52390,1,22,0
2026-07-22 08:30:00,ONH,Overnight,52326,NEG,1,3,-53,1,BREAK,UP,52348,1,22,11
2026-07-22 08:30:00,Y-Mid,Session,52316,NEG,1,3,-53,0,BREAK,UP,52348,1,32,1
2026-07-22 08:40:00,PWC,PriorWeek,52375,NEG,1,-25.33,10,0,BREAK,UP,52390,1,22,0
2026-07-22 09:05:00,Call Wall 0DTE,Gamma,52300,NEG,1,-6.67,-33,0,BREAK,UP,52368,1,68,0
2026-07-22 09:40:00,PWC,PriorWeek,52375,NEG,2,27.33,145,0,BREAK,UP,52519,1,186,0
2026-07-22 09:40:00,R1,Session,52471,NEG,1,27.33,145,0,BREAK,UP,52519,1,90,0
2026-07-22 10:05:00,PMC,PriorMonth,52670,NEG,1,27.33,269,1,BREAK,UP,52688,1,27,44
2026-07-22 10:05:00,PWM,PriorWeek,52644,NEG,1,27.33,269,1,BREAK,UP,52688,1,53,18
2026-07-22 10:50:00,R1,Session,52471,NEG,2,-13.33,103,0,BREAK,UP,52503,1,46,0
2026-07-22 12:15:00,PWM,PriorWeek,52644,NEG,2,6.33,258,1,BREAK,DOWN,52610,1,0,35
2026-07-22 15:00:00,R1,Session,52471,NEG,3,-4,122,0,BREAK,UP,52493,1,32,0
2026-07-22 16:05:00,R1,Session,52471,NEG,4,7.33,51,1,BREAK,DOWN,52445,1,65,43
2026-07-22 18:05:00,R1,Session,52471,NEG,5,1,95,1,BREAK,DOWN,52400,1,0,85
2026-07-22 18:40:00,PWC,PriorWeek,52375,NEG,3,-8.67,2,0,BREAK,DOWN,52357,1,6,21
2026-07-16 20:15:00,PMC,PriorMonth,52670,NEG,1,-1.67,295,1,BREAK,DOWN,52646,2,5,27
2026-07-16 20:20:00,PWM,PriorWeek,52644,NEG,1,-15.67,271,0,REJECT,UP,52655,1,24,0
2026-07-16 23:05:00,R1,Session,52471,NEG,1,-4,116,0,BREAK,UP,52496,1,33,0
2026-07-17 00:50:00,PWC,PriorWeek,52375,NEG,1,-10.67,0,1,BREAK,UP,52407,3,37,15
2026-07-17 01:40:00,PWC,PriorWeek,52375,NEG,2,-1.33,-13,1,BREAK,DOWN,52335,1,0,52
2026-07-17 01:45:00,ONH,Overnight,52326,NEG,1,-8,-40,0,BREAK,UP,52358,1,32,0
2026-07-17 02:35:00,R1,Session,52471,NEG,1,17.33,92,1,BREAK,UP,52488,1,18,8
2026-07-17 03:35:00,R1,Session,52471,NEG,2,1,126,0,BREAK,UP,52494,1,44,0
2026-07-17 04:35:00,R1,Session,52471,NEG,3,-22.33,100,0,BREAK,DOWN,52441,1,27,33
2026-07-17 05:10:00,PWC,PriorWeek,52375,NEG,3,0.33,17,0,BREAK,UP,52390,1,28,0
2026-07-17 06:25:00,R1,Session,52471,NEG,4,9,86,1,BREAK,DOWN,52455,1,0,34
2026-07-17 07:25:00,R1,Session,52471,NEG,5,-22.67,99,0,BREAK,DOWN,52455,1,2,21
2026-07-17 08:25:00,R1,Session,52471,NEG,6,-10,84,1,REJECT,DOWN,52469,1,6,22
2026-07-17 09:05:00,PWC,PriorWeek,52375,NEG,4,-22,-6,1,BREAK,DOWN,52306,1,0,72
2026-07-17 09:10:00,Call Wall 0DTE,Gamma,52300,NEG,1,-25.67,-69,0,BREAK,DOWN,52281,1,16,38
2026-07-17 09:10:00,ONH,Overnight,52326,NEG,2,-25.67,-69,1,BREAK,DOWN,52281,1,0,64
2026-07-17 09:10:00,Y-Mid,Session,52316,NEG,1,-25.67,-69,1,BREAK,DOWN,52281,1,0,54
2026-07-17 09:30:00,Pivot,Session,52235,NEG,1,-10.33,-123,0,REJECT,UP,52242,1,76,7
2026-07-17 09:40:00,PWL,PriorWeek,52174,NEG,1,-10.33,-104,0,BREAK,UP,52459,1,299,0
2026-07-17 09:40:00,ONM,Overnight,52180,NEG,1,-10.33,-104,0,BREAK,UP,52459,1,293,0
2026-07-17 09:45:00,R1,Session,52471,NEG,7,-1.33,84,1,BREAK,UP,52562,1,145,24
2026-07-17 09:55:00,PMC,PriorMonth,52670,NEG,1,106.67,346,0,BREAK,DOWN,52644,1,62,26
2026-07-17 10:00:00,PWM,PriorWeek,52644,NEG,1,106.67,346,0,BREAK,UP,52710,2,88,7
2026-07-17 11:10:00,PMC,PriorMonth,52670,NEG,2,12,306,0,BREAK,UP,52696,1,49,0
2026-07-17 11:20:00,PWM,PriorWeek,52644,NEG,2,-10.67,279,0,REJECT,UP,52654,1,31,31
2026-07-17 12:10:00,PMC,PriorMonth,52670,NEG,3,11.67,268,1,REJECT,DOWN,52662,1,0,55
2026-07-17 12:30:00,PWM,PriorWeek,52644,NEG,3,7.33,228,1,BREAK,DOWN,52629,1,9,47
2026-07-17 14:05:00,R1,Session,52471,NEG,8,-21.33,103,0,REJECT,UP,52476,1,33,5
2026-07-17 15:20:00,PWC,PriorWeek,52375,NEG,5,-22.33,-4,1,REJECT,UP,52382,1,23,11
2026-07-17 16:10:00,ONH,Overnight,52326,NEG,3,-14.67,-41,0,BREAK,UP,52342,1,24,0
2026-07-17 16:20:00,Y-Mid,Session,52316,NEG,2,-22.33,-42,0,BREAK,UP,52340,1,29,0
2026-07-19 18:05:00,PWC,PriorWeek,52375,NEG,6,8.67,-10,1,BREAK,DOWN,52284,5,18,101
2026-07-19 18:10:00,Call Wall 0DTE,Gamma,52300,NEG,1,-1.33,-91,1,REJECT,DOWN,52290,1,0,62
2026-07-19 18:15:00,Pivot,Session,52235,NEG,1,-31,-85,0,BREAK,UP,52287,1,59,0
2026-07-19 18:30:00,ONH,Overnight,52326,NEG,1,7.67,-71,1,BREAK,DOWN,52281,1,0,46
2026-07-19 18:30:00,Y-Mid,Session,52316,NEG,1,7.67,-71,1,BREAK,DOWN,52281,1,0,36
2026-07-19 19:30:00,Y-Mid,Session,52316,NEG,2,0.33,-60,1,REJECT,UP,52318,1,24,3
2026-07-19 19:40:00,ONH,Overnight,52326,NEG,2,0.33,-60,1,REJECT,UP,52334,3,23,18
2026-07-19 20:15:00,PWC,PriorWeek,52375,NEG,1,11,14,0,REJECT,UP,52383,1,24,0
2026-07-19 21:25:00,PWC,PriorWeek,52375,NEG,2,6.67,17,0,REJECT,UP,52385,3,23,17
2026-07-19 21:55:00,ONH,Overnight,52326,NEG,3,-11,-52,1,BREAK,DOWN,52283,2,4,43
2026-07-19 21:55:00,Y-Mid,Session,52316,NEG,3,-11,-52,0,BREAK,DOWN,52283,2,14,33
2026-07-19 22:05:00,Call Wall 0DTE,Gamma,52300,NEG,2,-11.67,-92,1,BREAK,UP,52341,2,46,18
2026-07-19 22:50:00,ONH,Overnight,52326,NEG,4,11.67,-29,0,BREAK,UP,52345,1,28,0
2026-07-19 23:20:00,Y-Mid,Session,52316,NEG,4,-3,-54,0,BREAK,UP,52333,2,23,3
2026-07-20 00:25:00,Y-Mid,Session,52316,NEG,1,-7,-51,0,BREAK,UP,52339,1,23,0
2026-07-20 00:30:00,ONH,Overnight,52326,NEG,1,-5.67,-45,0,BREAK,UP,52362,4,36,14
2026-07-20 00:50:00,PWC,PriorWeek,52375,NEG,1,13.67,1,0,BREAK,UP,52396,2,21,0
2026-07-20 01:55:00,ONH,Overnight,52326,NEG,2,-12.33,-41,0,HOLD,NONE,52315,6,16,11
2026-07-20 02:20:00,Call Wall 0DTE,Gamma,52300,NEG,1,-3,-51,0,REJECT,UP,52304,2,21,0
2026-07-20 02:20:00,Y-Mid,Session,52316,NEG,2,-1,-50,0,HOLD,NONE,52304,6,14,14
2026-07-20 03:20:00,ONH,Overnight,52326,NEG,3,-0.33,-54,1,REJECT,DOWN,52313,3,0,26
2026-07-20 03:25:00,Call Wall 0DTE,Gamma,52300,NEG,2,6,-62,0,BREAK,UP,52354,1,67,0
2026-07-20 03:25:00,Y-Mid,Session,52316,NEG,3,-0.33,-54,0,BREAK,UP,52354,4,51,16
2026-07-20 03:35:00,PWC,PriorWeek,52375,NEG,2,12,6,0,BREAK,UP,52435,1,65,0
2026-07-20 03:55:00,R1,Session,52471,NEG,1,26,49,1,BREAK,DOWN,52410,1,0,67
2026-07-20 05:25:00,R1,Session,52471,NEG,2,2.33,86,1,BREAK,UP,52500,4,33,16
2026-07-20 06:30:00,R1,Session,52471,NEG,3,-12,91,1,BREAK,UP,52486,2,17,6
2026-07-20 07:35:00,R1,Session,52471,NEG,4,-5,100,0,BREAK,UP,52598,1,151,0
2026-07-20 08:40:00,R1,Session,52471,NEG,5,-14.67,120,0,REJECT,UP,52481,2,33,9
2026-07-20 09:35:00,R1,Session,52471,NEG,6,8.67,116,0,BREAK,UP,52512,1,162,0
2026-07-20 10:00:00,PWC,PriorWeek,52375,NEG,3,-30,-33,1,BREAK,DOWN,52319,1,0,56
2026-07-20 10:05:00,ONH,Overnight,52326,NEG,4,-58,-56,1,REJECT,DOWN,52320,1,52,26
2026-07-20 10:05:00,Y-Mid,Session,52316,NEG,4,-58,-56,0,REJECT,UP,52320,1,62,16
2026-07-20 10:10:00,Call Wall 0DTE,Gamma,52300,NEG,3,-52,-55,0,BREAK,DOWN,52264,1,35,41
2026-07-20 10:30:00,Pivot,Session,52235,NEG,1,-22,-134,0,REJECT,UP,52245,1,22,15
2026-07-20 10:45:00,PWL,PriorWeek,52174,NEG,1,-17.33,-147,0,BREAK,UP,52198,1,75,0
2026-07-20 10:45:00,ONM,Overnight,52180,NEG,1,-17.33,-147,0,BREAK,UP,52198,1,69,0
2026-07-20 11:30:00,Pivot,Session,52235,NEG,2,18,-107,0,BREAK,UP,52277,1,55,0
2026-07-20 12:20:00,Call Wall 0DTE,Gamma,52300,NEG,4,2,-81,1,REJECT,DOWN,52287,1,0,40
2026-07-20 12:40:00,Pivot,Session,52235,NEG,3,-8.67,-138,0,BREAK,UP,52272,1,37,0
2026-07-20 12:50:00,PWL,PriorWeek,52174,NEG,2,-9,-139,0,BREAK,UP,52278,1,112,0
2026-07-20 12:50:00,ONM,Overnight,52180,NEG,2,-9,-139,0,BREAK,UP,52278,1,106,0
2026-07-20 14:05:00,PWL,PriorWeek,52174,NEG,3,-7.33,-197,0,BREAK,UP,52206,2,50,19
2026-07-20 14:05:00,ONM,Overnight,52180,NEG,3,-7.33,-197,1,BREAK,UP,52206,2,44,25
2026-07-20 14:25:00,Pivot,Session,52235,NEG,4,12.33,-141,1,BREAK,DOWN,52170,1,5,66
2026-07-20 14:55:00,ONL,Overnight,52035,NEG,1,-48.33,-328,0,BREAK,UP,52072,1,45,0
2026-07-20 15:25:00,Put Wall 0DTE,Gamma,52000,NEG,1,-18,-345,0,BREAK,UP,52063,1,71,0
2026-07-20 15:25:00,Put Wall,Gamma,52000,NEG,1,-18,-345,0,BREAK,UP,52063,1,71,0
2026-07-20 18:10:00,ONL,Overnight,52035,NEG,2,12.33,-298,0,BREAK,UP,52070,1,41,0
2026-07-20 20:25:00,ONL,Overnight,52035,NEG,3,-13.33,-293,0,BREAK,UP,52070,1,48,0
2026-07-20 23:55:00,PWL,PriorWeek,52174,NEG,4,4.33,-204,1,HOLD,NONE,52181,6,8,11
2026-07-21 00:00:00,ONM,Overnight,52180,NEG,4,-0.67,-199,1,BREAK,UP,52200,2,21,7
2026-07-21 00:05:00,ONM,Overnight,52180,NEG,1,5,-175,0,BREAK,UP,52212,1,37,0
2026-07-21 01:10:00,Pivot,Session,52235,NEG,1,3.67,-138,0,BREAK,DOWN,52219,6,2,23
2026-07-21 01:45:00,Pivot,Session,52235,NEG,2,10.67,-145,1,BREAK,UP,52261,1,26,1
2026-07-21 03:10:00,Call Wall 0DTE,Gamma,52300,NEG,1,-1.67,-84,1,BREAK,DOWN,52274,1,0,27
2026-07-21 03:10:00,ONH,Overnight,52326,NEG,1,-1.67,-84,1,BREAK,DOWN,52274,1,0,53
2026-07-21 03:10:00,Y-Mid,Session,52316,NEG,1,-1.67,-84,1,BREAK,DOWN,52274,1,0,43
2026-07-21 03:10:00,Pivot,Session,52235,NEG,3,-1.67,-84,0,BREAK,UP,52274,1,65,0
2026-07-21 04:10:00,Pivot,Session,52235,NEG,4,0.33,-171,1,REJECT,DOWN,52234,1,0,35
2026-07-21 05:35:00,Pivot,Session,52235,NEG,5,-8,-140,1,BREAK,UP,52254,1,26,7
2026-07-21 06:35:00,Pivot,Session,52235,NEG,6,6.33,-130,0,BREAK,UP,52308,1,81,0
2026-07-21 06:40:00,Call Wall 0DTE,Gamma,52300,NEG,2,0.67,-67,0,REJECT,UP,52301,1,26,0
2026-07-21 06:40:00,Y-Mid,Session,52316,NEG,2,0.67,-67,1,BREAK,DOWN,52301,1,10,15
2026-07-21 06:45:00,ONH,Overnight,52326,NEG,2,21,-74,1,BREAK,DOWN,52308,1,0,37
2026-07-21 07:45:00,Pivot,Session,52235,NEG,7,-10.33,-163,1,BREAK,DOWN,52218,3,19,19
2026-07-21 08:10:00,ONM,Overnight,52180,NEG,2,-6.67,-187,0,BREAK,UP,52204,1,40,0
2026-07-21 08:25:00,PWL,PriorWeek,52174,NEG,1,3.67,-200,0,BREAK,UP,52195,1,25,8
2026-07-21 09:10:00,ONM,Overnight,52180,NEG,3,17,-176,0,BREAK,UP,52199,1,36,0
2026-07-21 09:25:00,Pivot,Session,52235,NEG,8,7.33,-134,0,BREAK,UP,52260,1,25,2
2026-07-21 09:40:00,Call Wall 0DTE,Gamma,52300,NEG,3,10.33,-93,1,BREAK,DOWN,52199,1,0,106
2026-07-21 09:50:00,PWL,PriorWeek,52174,NEG,2,-20.33,-268,1,REJECT,UP,52187,1,29,67
2026-07-21 10:10:00,ONH,Overnight,52326,NEG,3,37,-51,1,REJECT,UP,52333,1,46,38
2026-07-21 10:10:00,Y-Mid,Session,52316,NEG,3,37,-51,0,BREAK,UP,52333,1,56,28
2026-07-21 10:20:00,PWC,PriorWeek,52375,NEG,1,45.67,-42,1,REJECT,DOWN,52367,2,14,58
2026-07-21 10:45:00,Call Wall 0DTE,Gamma,52300,NEG,4,7.67,-69,0,BREAK,UP,52317,1,32,19
2026-07-21 11:10:00,ONH,Overnight,52326,NEG,4,1.33,-56,1,BREAK,UP,52344,1,28,17
2026-07-21 11:10:00,Y-Mid,Session,52316,NEG,4,1.33,-56,0,BREAK,UP,52344,1,38,7
2026-07-21 11:25:00,PWC,PriorWeek,52375,NEG,2,11.67,27,0,REJECT,UP,52384,1,66,0
2026-07-21 12:20:00,R1,Session,52471,NEG,1,8.67,97,0,BREAK,UP,52494,1,32,0
2026-07-21 13:40:00,R1,Session,52471,NEG,2,-12,102,0,BREAK,UP,52496,1,36,0
2026-07-21 21:30:00,PWC,PriorWeek,52375,NEG,3,-7,2,0,BREAK,UP,52390,1,22,0
2026-07-22 08:30:00,ONH,Overnight,52326,NEG,1,3,-53,1,BREAK,UP,52348,1,22,11
2026-07-22 08:30:00,Y-Mid,Session,52316,NEG,1,3,-53,0,BREAK,UP,52348,1,32,1
2026-07-22 08:40:00,PWC,PriorWeek,52375,NEG,1,-25.33,10,0,BREAK,UP,52390,1,22,0
2026-07-22 09:05:00,Call Wall 0DTE,Gamma,52300,NEG,1,-6.67,-33,0,BREAK,UP,52368,1,68,0
2026-07-22 09:40:00,PWC,PriorWeek,52375,NEG,2,27.33,145,0,BREAK,UP,52519,1,186,0
2026-07-22 09:40:00,R1,Session,52471,NEG,1,27.33,145,0,BREAK,UP,52519,1,90,0
2026-07-22 10:05:00,PMC,PriorMonth,52670,NEG,1,27.33,269,1,BREAK,UP,52688,1,27,44
2026-07-22 10:05:00,PWM,PriorWeek,52644,NEG,1,27.33,269,1,BREAK,UP,52688,1,53,18
2026-07-22 10:50:00,R1,Session,52471,NEG,2,-13.33,103,0,BREAK,UP,52503,1,46,0
2026-07-22 12:15:00,PWM,PriorWeek,52644,NEG,2,6.33,258,1,BREAK,DOWN,52610,1,0,35
2026-07-22 15:00:00,R1,Session,52471,NEG,3,-4,122,0,BREAK,UP,52493,1,32,0
2026-07-22 16:05:00,R1,Session,52471,NEG,4,7.33,51,1,BREAK,DOWN,52445,1,65,43
2026-07-22 18:05:00,R1,Session,52471,NEG,5,1,95,1,BREAK,DOWN,52400,1,0,85
2026-07-22 18:40:00,PWC,PriorWeek,52375,NEG,3,-8.67,2,0,BREAK,DOWN,52357,1,6,21
2026-07-16 20:15:00,PMC,PriorMonth,52670,NEG,1,-1.67,295,1,BREAK,DOWN,52646,2,5,27
2026-07-16 20:20:00,PWM,PriorWeek,52644,NEG,1,-15.67,271,0,REJECT,UP,52655,1,24,0
2026-07-16 23:05:00,R1,Session,52471,NEG,1,-4,116,0,BREAK,UP,52496,1,33,0
2026-07-17 00:50:00,PWC,PriorWeek,52375,NEG,1,-10.67,0,1,BREAK,UP,52407,3,37,15
2026-07-17 01:40:00,PWC,PriorWeek,52375,NEG,2,-1.33,-13,1,BREAK,DOWN,52335,1,0,52
2026-07-17 01:45:00,ONH,Overnight,52326,NEG,1,-8,-40,0,BREAK,UP,52358,1,32,0
2026-07-17 02:35:00,R1,Session,52471,NEG,1,17.33,92,1,BREAK,UP,52488,1,18,8
2026-07-17 03:35:00,R1,Session,52471,NEG,2,1,126,0,BREAK,UP,52494,1,44,0
2026-07-17 04:35:00,R1,Session,52471,NEG,3,-22.33,100,0,BREAK,DOWN,52441,1,27,33
2026-07-17 05:10:00,PWC,PriorWeek,52375,NEG,3,0.33,17,0,BREAK,UP,52390,1,28,0
2026-07-17 06:25:00,R1,Session,52471,NEG,4,9,86,1,BREAK,DOWN,52455,1,0,34
2026-07-17 07:25:00,R1,Session,52471,NEG,5,-22.67,99,0,BREAK,DOWN,52455,1,2,21
2026-07-17 08:25:00,R1,Session,52471,NEG,6,-10,84,1,REJECT,DOWN,52469,1,6,22
2026-07-17 09:05:00,PWC,PriorWeek,52375,NEG,4,-22,-6,1,BREAK,DOWN,52306,1,0,72
2026-07-17 09:10:00,Call Wall 0DTE,Gamma,52300,NEG,1,-25.67,-69,0,BREAK,DOWN,52281,1,16,38
2026-07-17 09:10:00,ONH,Overnight,52326,NEG,2,-25.67,-69,1,BREAK,DOWN,52281,1,0,64
2026-07-17 09:10:00,Y-Mid,Session,52316,NEG,1,-25.67,-69,1,BREAK,DOWN,52281,1,0,54
2026-07-17 09:30:00,Pivot,Session,52235,NEG,1,-10.33,-123,0,REJECT,UP,52242,1,76,7
2026-07-17 09:40:00,PWL,PriorWeek,52174,NEG,1,-10.33,-104,0,BREAK,UP,52459,1,299,0
2026-07-17 09:40:00,ONM,Overnight,52180,NEG,1,-10.33,-104,0,BREAK,UP,52459,1,293,0
2026-07-17 09:45:00,R1,Session,52471,NEG,7,-1.33,84,1,BREAK,UP,52562,1,145,24
2026-07-17 09:55:00,PMC,PriorMonth,52670,NEG,1,106.67,346,0,BREAK,DOWN,52644,1,62,26
2026-07-17 10:00:00,PWM,PriorWeek,52644,NEG,1,106.67,346,0,BREAK,UP,52710,2,88,7
2026-07-17 11:10:00,PMC,PriorMonth,52670,NEG,2,12,306,0,BREAK,UP,52696,1,49,0
2026-07-17 11:20:00,PWM,PriorWeek,52644,NEG,2,-10.67,279,0,REJECT,UP,52654,1,31,31
2026-07-17 12:10:00,PMC,PriorMonth,52670,NEG,3,11.67,268,1,REJECT,DOWN,52662,1,0,55
2026-07-17 12:30:00,PWM,PriorWeek,52644,NEG,3,7.33,228,1,BREAK,DOWN,52629,1,9,47
2026-07-17 14:05:00,R1,Session,52471,NEG,8,-21.33,103,0,REJECT,UP,52476,1,33,5
2026-07-17 15:20:00,PWC,PriorWeek,52375,NEG,5,-22.33,-4,1,REJECT,UP,52382,1,23,11
2026-07-17 16:10:00,ONH,Overnight,52326,NEG,3,-14.67,-41,0,BREAK,UP,52342,1,24,0
2026-07-17 16:20:00,Y-Mid,Session,52316,NEG,2,-22.33,-42,0,BREAK,UP,52340,1,29,0
2026-07-19 18:05:00,PWC,PriorWeek,52375,NEG,6,8.67,-10,1,BREAK,DOWN,52284,5,18,101
2026-07-19 18:10:00,Call Wall 0DTE,Gamma,52300,NEG,1,-1.33,-91,1,REJECT,DOWN,52290,1,0,62
2026-07-19 18:15:00,Pivot,Session,52235,NEG,1,-31,-85,0,BREAK,UP,52287,1,59,0
2026-07-19 18:30:00,ONH,Overnight,52326,NEG,1,7.67,-71,1,BREAK,DOWN,52281,1,0,46
2026-07-19 18:30:00,Y-Mid,Session,52316,NEG,1,7.67,-71,1,BREAK,DOWN,52281,1,0,36
2026-07-19 19:30:00,Y-Mid,Session,52316,NEG,2,0.33,-60,1,REJECT,UP,52318,1,24,3
2026-07-19 19:40:00,ONH,Overnight,52326,NEG,2,0.33,-60,1,REJECT,UP,52334,3,23,18
2026-07-19 20:15:00,PWC,PriorWeek,52375,NEG,1,11,14,0,REJECT,UP,52383,1,24,0
2026-07-19 21:25:00,PWC,PriorWeek,52375,NEG,2,6.67,17,0,REJECT,UP,52385,3,23,17
2026-07-19 21:55:00,ONH,Overnight,52326,NEG,3,-11,-52,1,BREAK,DOWN,52283,2,4,43
2026-07-19 21:55:00,Y-Mid,Session,52316,NEG,3,-11,-52,0,BREAK,DOWN,52283,2,14,33
2026-07-19 22:05:00,Call Wall 0DTE,Gamma,52300,NEG,2,-11.67,-92,1,BREAK,UP,52341,2,46,18
2026-07-19 22:50:00,ONH,Overnight,52326,NEG,4,11.67,-29,0,BREAK,UP,52345,1,28,0
2026-07-19 23:20:00,Y-Mid,Session,52316,NEG,4,-3,-54,0,BREAK,UP,52333,2,23,3
2026-07-20 00:25:00,Y-Mid,Session,52316,NEG,1,-7,-51,0,BREAK,UP,52339,1,23,0
2026-07-20 00:30:00,ONH,Overnight,52326,NEG,1,-5.67,-45,0,BREAK,UP,52362,4,36,14
2026-07-20 00:50:00,PWC,PriorWeek,52375,NEG,1,13.67,1,0,BREAK,UP,52396,2,21,0
2026-07-20 01:55:00,ONH,Overnight,52326,NEG,2,-12.33,-41,0,HOLD,NONE,52315,6,16,11
2026-07-20 02:20:00,Call Wall 0DTE,Gamma,52300,NEG,1,-3,-51,0,REJECT,UP,52304,2,21,0
2026-07-20 02:20:00,Y-Mid,Session,52316,NEG,2,-1,-50,0,HOLD,NONE,52304,6,14,14
2026-07-20 03:20:00,ONH,Overnight,52326,NEG,3,-0.33,-54,1,REJECT,DOWN,52313,3,0,26
2026-07-20 03:25:00,Call Wall 0DTE,Gamma,52300,NEG,2,6,-62,0,BREAK,UP,52354,1,67,0
2026-07-20 03:25:00,Y-Mid,Session,52316,NEG,3,-0.33,-54,0,BREAK,UP,52354,4,51,16
2026-07-20 03:35:00,PWC,PriorWeek,52375,NEG,2,12,6,0,BREAK,UP,52435,1,65,0
2026-07-20 03:55:00,R1,Session,52471,NEG,1,26,49,1,BREAK,DOWN,52410,1,0,67
2026-07-20 05:25:00,R1,Session,52471,NEG,2,2.33,86,1,BREAK,UP,52500,4,33,16
2026-07-20 06:30:00,R1,Session,52471,NEG,3,-12,91,1,BREAK,UP,52486,2,17,6
2026-07-20 07:35:00,R1,Session,52471,NEG,4,-5,100,0,BREAK,UP,52598,1,151,0
2026-07-20 08:40:00,R1,Session,52471,NEG,5,-14.67,120,0,REJECT,UP,52481,2,33,9
2026-07-20 09:35:00,R1,Session,52471,NEG,6,8.67,116,0,BREAK,UP,52512,1,162,0
2026-07-20 10:00:00,PWC,PriorWeek,52375,NEG,3,-30,-33,1,BREAK,DOWN,52319,1,0,56
2026-07-20 10:05:00,ONH,Overnight,52326,NEG,4,-58,-56,1,REJECT,DOWN,52320,1,52,26
2026-07-20 10:05:00,Y-Mid,Session,52316,NEG,4,-58,-56,0,REJECT,UP,52320,1,62,16
2026-07-20 10:10:00,Call Wall 0DTE,Gamma,52300,NEG,3,-52,-55,0,BREAK,DOWN,52264,1,35,41
2026-07-20 10:30:00,Pivot,Session,52235,NEG,1,-22,-134,0,REJECT,UP,52245,1,22,15
2026-07-20 10:45:00,PWL,PriorWeek,52174,NEG,1,-17.33,-147,0,BREAK,UP,52198,1,75,0
2026-07-20 10:45:00,ONM,Overnight,52180,NEG,1,-17.33,-147,0,BREAK,UP,52198,1,69,0
2026-07-20 11:30:00,Pivot,Session,52235,NEG,2,18,-107,0,BREAK,UP,52277,1,55,0
2026-07-20 12:20:00,Call Wall 0DTE,Gamma,52300,NEG,4,2,-81,1,REJECT,DOWN,52287,1,0,40
2026-07-20 12:40:00,Pivot,Session,52235,NEG,3,-8.67,-138,0,BREAK,UP,52272,1,37,0
2026-07-20 12:50:00,PWL,PriorWeek,52174,NEG,2,-9,-139,0,BREAK,UP,52278,1,112,0
2026-07-20 12:50:00,ONM,Overnight,52180,NEG,2,-9,-139,0,BREAK,UP,52278,1,106,0
2026-07-20 14:05:00,PWL,PriorWeek,52174,NEG,3,-7.33,-197,0,BREAK,UP,52206,2,50,19
2026-07-20 14:05:00,ONM,Overnight,52180,NEG,3,-7.33,-197,1,BREAK,UP,52206,2,44,25
2026-07-20 14:25:00,Pivot,Session,52235,NEG,4,12.33,-141,1,BREAK,DOWN,52170,1,5,66
2026-07-20 14:55:00,ONL,Overnight,52035,NEG,1,-48.33,-328,0,BREAK,UP,52072,1,45,0
2026-07-20 15:25:00,Put Wall 0DTE,Gamma,52000,NEG,1,-18,-345,0,BREAK,UP,52063,1,71,0
2026-07-20 15:25:00,Put Wall,Gamma,52000,NEG,1,-18,-345,0,BREAK,UP,52063,1,71,0
2026-07-20 18:10:00,ONL,Overnight,52035,NEG,2,12.33,-298,0,BREAK,UP,52070,1,41,0
2026-07-20 20:25:00,ONL,Overnight,52035,NEG,3,-13.33,-293,0,BREAK,UP,52070,1,48,0
2026-07-20 23:55:00,PWL,PriorWeek,52174,NEG,4,4.33,-204,1,HOLD,NONE,52181,6,8,11
2026-07-21 00:00:00,ONM,Overnight,52180,NEG,4,-0.67,-199,1,BREAK,UP,52200,2,21,7
2026-07-21 00:05:00,ONM,Overnight,52180,NEG,1,5,-175,0,BREAK,UP,52212,1,37,0
2026-07-21 01:10:00,Pivot,Session,52235,NEG,1,3.67,-138,0,BREAK,DOWN,52219,6,2,23
2026-07-21 01:45:00,Pivot,Session,52235,NEG,2,10.67,-145,1,BREAK,UP,52261,1,26,1
2026-07-21 03:10:00,Call Wall 0DTE,Gamma,52300,NEG,1,-1.67,-84,1,BREAK,DOWN,52274,1,0,27
2026-07-21 03:10:00,ONH,Overnight,52326,NEG,1,-1.67,-84,1,BREAK,DOWN,52274,1,0,53
2026-07-21 03:10:00,Y-Mid,Session,52316,NEG,1,-1.67,-84,1,BREAK,DOWN,52274,1,0,43
2026-07-21 03:10:00,Pivot,Session,52235,NEG,3,-1.67,-84,0,BREAK,UP,52274,1,65,0
2026-07-21 04:10:00,Pivot,Session,52235,NEG,4,0.33,-171,1,REJECT,DOWN,52234,1,0,35
2026-07-21 05:35:00,Pivot,Session,52235,NEG,5,-8,-140,1,BREAK,UP,52254,1,26,7
2026-07-21 06:35:00,Pivot,Session,52235,NEG,6,6.33,-130,0,BREAK,UP,52308,1,81,0
2026-07-21 06:40:00,Call Wall 0DTE,Gamma,52300,NEG,2,0.67,-67,0,REJECT,UP,52301,1,26,0
2026-07-21 06:40:00,Y-Mid,Session,52316,NEG,2,0.67,-67,1,BREAK,DOWN,52301,1,10,15
2026-07-21 06:45:00,ONH,Overnight,52326,NEG,2,21,-74,1,BREAK,DOWN,52308,1,0,37
2026-07-21 07:45:00,Pivot,Session,52235,NEG,7,-10.33,-163,1,BREAK,DOWN,52218,3,19,19
2026-07-21 08:10:00,ONM,Overnight,52180,NEG,2,-6.67,-187,0,BREAK,UP,52204,1,40,0
2026-07-21 08:25:00,PWL,PriorWeek,52174,NEG,1,3.67,-200,0,BREAK,UP,52195,1,25,8
2026-07-21 09:10:00,ONM,Overnight,52180,NEG,3,17,-176,0,BREAK,UP,52199,1,36,0
2026-07-21 09:25:00,Pivot,Session,52235,NEG,8,7.33,-134,0,BREAK,UP,52260,1,25,2
2026-07-21 09:40:00,Call Wall 0DTE,Gamma,52300,NEG,3,10.33,-93,1,BREAK,DOWN,52199,1,0,106
2026-07-21 09:50:00,PWL,PriorWeek,52174,NEG,2,-20.33,-268,1,REJECT,UP,52187,1,29,67
2026-07-21 10:10:00,ONH,Overnight,52326,NEG,3,37,-51,1,REJECT,UP,52333,1,46,38
2026-07-21 10:10:00,Y-Mid,Session,52316,NEG,3,37,-51,0,BREAK,UP,52333,1,56,28
2026-07-21 10:20:00,PWC,PriorWeek,52375,NEG,1,45.67,-42,1,REJECT,DOWN,52367,2,14,58
2026-07-21 10:45:00,Call Wall 0DTE,Gamma,52300,NEG,4,7.67,-69,0,BREAK,UP,52317,1,32,19
2026-07-21 11:10:00,ONH,Overnight,52326,NEG,4,1.33,-56,1,BREAK,UP,52344,1,28,17
2026-07-21 11:10:00,Y-Mid,Session,52316,NEG,4,1.33,-56,0,BREAK,UP,52344,1,38,7
2026-07-21 11:25:00,PWC,PriorWeek,52375,NEG,2,11.67,27,0,REJECT,UP,52384,1,66,0
2026-07-21 12:20:00,R1,Session,52471,NEG,1,8.67,97,0,BREAK,UP,52494,1,32,0
2026-07-21 13:40:00,R1,Session,52471,NEG,2,-12,102,0,BREAK,UP,52496,1,36,0
2026-07-21 21:30:00,PWC,PriorWeek,52375,NEG,3,-7,2,0,BREAK,UP,52390,1,22,0
2026-07-22 08:30:00,ONH,Overnight,52326,NEG,1,3,-53,1,BREAK,UP,52348,1,22,11
2026-07-22 08:30:00,Y-Mid,Session,52316,NEG,1,3,-53,0,BREAK,UP,52348,1,32,1
2026-07-22 08:40:00,PWC,PriorWeek,52375,NEG,1,-25.33,10,0,BREAK,UP,52390,1,22,0
2026-07-22 09:05:00,Call Wall 0DTE,Gamma,52300,NEG,1,-6.67,-33,0,BREAK,UP,52368,1,68,0
2026-07-22 09:40:00,PWC,PriorWeek,52375,NEG,2,27.33,145,0,BREAK,UP,52519,1,186,0
2026-07-22 09:40:00,R1,Session,52471,NEG,1,27.33,145,0,BREAK,UP,52519,1,90,0
2026-07-22 10:05:00,PMC,PriorMonth,52670,NEG,1,27.33,269,1,BREAK,UP,52688,1,27,44
2026-07-22 10:05:00,PWM,PriorWeek,52644,NEG,1,27.33,269,1,BREAK,UP,52688,1,53,18
2026-07-22 10:50:00,R1,Session,52471,NEG,2,-13.33,103,0,BREAK,UP,52503,1,46,0
2026-07-22 12:15:00,PWM,PriorWeek,52644,NEG,2,6.33,258,1,BREAK,DOWN,52610,1,0,35
2026-07-22 15:00:00,R1,Session,52471,NEG,3,-4,122,0,BREAK,UP,52493,1,32,0
2026-07-22 16:05:00,R1,Session,52471,NEG,4,7.33,51,1,BREAK,DOWN,52445,1,65,43
2026-07-22 18:05:00,R1,Session,52471,NEG,5,1,95,1,BREAK,DOWN,52400,1,0,85
2026-07-22 18:40:00,PWC,PriorWeek,52375,NEG,3,-8.67,2,0,BREAK,DOWN,52357,1,6,21
2026-07-16 20:15:00,PMC,PriorMonth,52670,NEG,1,-1.67,295,1,BREAK,DOWN,52646,2,5,27
2026-07-16 20:20:00,PWM,PriorWeek,52644,NEG,1,-15.67,271,0,REJECT,UP,52655,1,24,0
2026-07-16 23:05:00,R1,Session,52471,NEG,1,-4,116,0,BREAK,UP,52496,1,33,0
2026-07-17 00:50:00,PWC,PriorWeek,52375,NEG,1,-10.67,0,1,BREAK,UP,52407,3,37,15
2026-07-17 01:40:00,PWC,PriorWeek,52375,NEG,2,-1.33,-13,1,BREAK,DOWN,52335,1,0,52
2026-07-17 01:45:00,ONH,Overnight,52326,NEG,1,-8,-40,0,BREAK,UP,52358,1,32,0
2026-07-17 02:35:00,R1,Session,52471,NEG,1,17.33,92,1,BREAK,UP,52488,1,18,8
2026-07-17 03:35:00,R1,Session,52471,NEG,2,1,126,0,BREAK,UP,52494,1,44,0
2026-07-17 04:35:00,R1,Session,52471,NEG,3,-22.33,100,0,BREAK,DOWN,52441,1,27,33
2026-07-17 05:10:00,PWC,PriorWeek,52375,NEG,3,0.33,17,0,BREAK,UP,52390,1,28,0
2026-07-17 06:25:00,R1,Session,52471,NEG,4,9,86,1,BREAK,DOWN,52455,1,0,34
2026-07-17 07:25:00,R1,Session,52471,NEG,5,-22.67,99,0,BREAK,DOWN,52455,1,2,21
2026-07-17 08:25:00,R1,Session,52471,NEG,6,-10,84,1,REJECT,DOWN,52469,1,6,22
2026-07-17 09:05:00,PWC,PriorWeek,52375,NEG,4,-22,-6,1,BREAK,DOWN,52306,1,0,72
2026-07-17 09:10:00,Call Wall 0DTE,Gamma,52300,NEG,1,-25.67,-69,0,BREAK,DOWN,52281,1,16,38
2026-07-17 09:10:00,ONH,Overnight,52326,NEG,2,-25.67,-69,1,BREAK,DOWN,52281,1,0,64
2026-07-17 09:10:00,Y-Mid,Session,52316,NEG,1,-25.67,-69,1,BREAK,DOWN,52281,1,0,54
2026-07-17 09:30:00,Pivot,Session,52235,NEG,1,-10.33,-123,0,REJECT,UP,52242,1,76,7
2026-07-17 09:40:00,PWL,PriorWeek,52174,NEG,1,-10.33,-104,0,BREAK,UP,52459,1,299,0
2026-07-17 09:40:00,ONM,Overnight,52180,NEG,1,-10.33,-104,0,BREAK,UP,52459,1,293,0
2026-07-17 09:45:00,R1,Session,52471,NEG,7,-1.33,84,1,BREAK,UP,52562,1,145,24
2026-07-17 09:55:00,PMC,PriorMonth,52670,NEG,1,106.67,346,0,BREAK,DOWN,52644,1,62,26
2026-07-17 10:00:00,PWM,PriorWeek,52644,NEG,1,106.67,346,0,BREAK,UP,52710,2,88,7
2026-07-17 11:10:00,PMC,PriorMonth,52670,NEG,2,12,306,0,BREAK,UP,52696,1,49,0
2026-07-17 11:20:00,PWM,PriorWeek,52644,NEG,2,-10.67,279,0,REJECT,UP,52654,1,31,31
2026-07-17 12:10:00,PMC,PriorMonth,52670,NEG,3,11.67,268,1,REJECT,DOWN,52662,1,0,55
2026-07-17 12:30:00,PWM,PriorWeek,52644,NEG,3,7.33,228,1,BREAK,DOWN,52629,1,9,47
2026-07-17 14:05:00,R1,Session,52471,NEG,8,-21.33,103,0,REJECT,UP,52476,1,33,5
2026-07-17 15:20:00,PWC,PriorWeek,52375,NEG,5,-22.33,-4,1,REJECT,UP,52382,1,23,11
2026-07-17 16:10:00,ONH,Overnight,52326,NEG,3,-14.67,-41,0,BREAK,UP,52342,1,24,0
2026-07-17 16:20:00,Y-Mid,Session,52316,NEG,2,-22.33,-42,0,BREAK,UP,52340,1,29,0
2026-07-19 18:05:00,PWC,PriorWeek,52375,NEG,6,8.67,-10,1,BREAK,DOWN,52284,5,18,101
2026-07-19 18:10:00,Call Wall 0DTE,Gamma,52300,NEG,1,-1.33,-91,1,REJECT,DOWN,52290,1,0,62
2026-07-19 18:15:00,Pivot,Session,52235,NEG,1,-31,-85,0,BREAK,UP,52287,1,59,0
2026-07-19 18:30:00,ONH,Overnight,52326,NEG,1,7.67,-71,1,BREAK,DOWN,52281,1,0,46
2026-07-19 18:30:00,Y-Mid,Session,52316,NEG,1,7.67,-71,1,BREAK,DOWN,52281,1,0,36
2026-07-19 19:30:00,Y-Mid,Session,52316,NEG,2,0.33,-60,1,REJECT,UP,52318,1,24,3
2026-07-19 19:40:00,ONH,Overnight,52326,NEG,2,0.33,-60,1,REJECT,UP,52334,3,23,18
2026-07-19 20:15:00,PWC,PriorWeek,52375,NEG,1,11,14,0,REJECT,UP,52383,1,24,0
2026-07-19 21:25:00,PWC,PriorWeek,52375,NEG,2,6.67,17,0,REJECT,UP,52385,3,23,17
2026-07-19 21:55:00,ONH,Overnight,52326,NEG,3,-11,-52,1,BREAK,DOWN,52283,2,4,43
2026-07-19 21:55:00,Y-Mid,Session,52316,NEG,3,-11,-52,0,BREAK,DOWN,52283,2,14,33
2026-07-19 22:05:00,Call Wall 0DTE,Gamma,52300,NEG,2,-11.67,-92,1,BREAK,UP,52341,2,46,18
2026-07-19 22:50:00,ONH,Overnight,52326,NEG,4,11.67,-29,0,BREAK,UP,52345,1,28,0
2026-07-19 23:20:00,Y-Mid,Session,52316,NEG,4,-3,-54,0,BREAK,UP,52333,2,23,3
2026-07-20 00:25:00,Y-Mid,Session,52316,NEG,1,-7,-51,0,BREAK,UP,52339,1,23,0
2026-07-20 00:30:00,ONH,Overnight,52326,NEG,1,-5.67,-45,0,BREAK,UP,52362,4,36,14
2026-07-20 00:50:00,PWC,PriorWeek,52375,NEG,1,13.67,1,0,BREAK,UP,52396,2,21,0
2026-07-20 01:55:00,ONH,Overnight,52326,NEG,2,-12.33,-41,0,HOLD,NONE,52315,6,16,11
2026-07-20 02:20:00,Call Wall 0DTE,Gamma,52300,NEG,1,-3,-51,0,REJECT,UP,52304,2,21,0
2026-07-20 02:20:00,Y-Mid,Session,52316,NEG,2,-1,-50,0,HOLD,NONE,52304,6,14,14
2026-07-20 03:20:00,ONH,Overnight,52326,NEG,3,-0.33,-54,1,REJECT,DOWN,52313,3,0,26
2026-07-20 03:25:00,Call Wall 0DTE,Gamma,52300,NEG,2,6,-62,0,BREAK,UP,52354,1,67,0
2026-07-20 03:25:00,Y-Mid,Session,52316,NEG,3,-0.33,-54,0,BREAK,UP,52354,4,51,16
2026-07-20 03:35:00,PWC,PriorWeek,52375,NEG,2,12,6,0,BREAK,UP,52435,1,65,0
2026-07-20 03:55:00,R1,Session,52471,NEG,1,26,49,1,BREAK,DOWN,52410,1,0,67
2026-07-20 05:25:00,R1,Session,52471,NEG,2,2.33,86,1,BREAK,UP,52500,4,33,16
2026-07-20 06:30:00,R1,Session,52471,NEG,3,-12,91,1,BREAK,UP,52486,2,17,6
2026-07-20 07:35:00,R1,Session,52471,NEG,4,-5,100,0,BREAK,UP,52598,1,151,0
2026-07-20 08:40:00,R1,Session,52471,NEG,5,-14.67,120,0,REJECT,UP,52481,2,33,9
2026-07-20 09:35:00,R1,Session,52471,NEG,6,8.67,116,0,BREAK,UP,52512,1,162,0
2026-07-20 10:00:00,PWC,PriorWeek,52375,NEG,3,-30,-33,1,BREAK,DOWN,52319,1,0,56
2026-07-20 10:05:00,ONH,Overnight,52326,NEG,4,-58,-56,1,REJECT,DOWN,52320,1,52,26
2026-07-20 10:05:00,Y-Mid,Session,52316,NEG,4,-58,-56,0,REJECT,UP,52320,1,62,16
2026-07-20 10:10:00,Call Wall 0DTE,Gamma,52300,NEG,3,-52,-55,0,BREAK,DOWN,52264,1,35,41
2026-07-20 10:30:00,Pivot,Session,52235,NEG,1,-22,-134,0,REJECT,UP,52245,1,22,15
2026-07-20 10:45:00,PWL,PriorWeek,52174,NEG,1,-17.33,-147,0,BREAK,UP,52198,1,75,0
2026-07-20 10:45:00,ONM,Overnight,52180,NEG,1,-17.33,-147,0,BREAK,UP,52198,1,69,0
2026-07-20 11:30:00,Pivot,Session,52235,NEG,2,18,-107,0,BREAK,UP,52277,1,55,0
2026-07-20 12:20:00,Call Wall 0DTE,Gamma,52300,NEG,4,2,-81,1,REJECT,DOWN,52287,1,0,40
2026-07-20 12:40:00,Pivot,Session,52235,NEG,3,-8.67,-138,0,BREAK,UP,52272,1,37,0
2026-07-20 12:50:00,PWL,PriorWeek,52174,NEG,2,-9,-139,0,BREAK,UP,52278,1,112,0
2026-07-20 12:50:00,ONM,Overnight,52180,NEG,2,-9,-139,0,BREAK,UP,52278,1,106,0
2026-07-20 14:05:00,PWL,PriorWeek,52174,NEG,3,-7.33,-197,0,BREAK,UP,52206,2,50,19
2026-07-20 14:05:00,ONM,Overnight,52180,NEG,3,-7.33,-197,1,BREAK,UP,52206,2,44,25
2026-07-20 14:25:00,Pivot,Session,52235,NEG,4,12.33,-141,1,BREAK,DOWN,52170,1,5,66
2026-07-20 14:55:00,ONL,Overnight,52035,NEG,1,-48.33,-328,0,BREAK,UP,52072,1,45,0
2026-07-20 15:25:00,Put Wall 0DTE,Gamma,52000,NEG,1,-18,-345,0,BREAK,UP,52063,1,71,0
2026-07-20 15:25:00,Put Wall,Gamma,52000,NEG,1,-18,-345,0,BREAK,UP,52063,1,71,0
2026-07-20 18:10:00,ONL,Overnight,52035,NEG,2,12.33,-298,0,BREAK,UP,52070,1,41,0
2026-07-20 20:25:00,ONL,Overnight,52035,NEG,3,-13.33,-293,0,BREAK,UP,52070,1,48,0
2026-07-20 23:55:00,PWL,PriorWeek,52174,NEG,4,4.33,-204,1,HOLD,NONE,52181,6,8,11
2026-07-21 00:00:00,ONM,Overnight,52180,NEG,4,-0.67,-199,1,BREAK,UP,52200,2,21,7
2026-07-21 00:05:00,ONM,Overnight,52180,NEG,1,5,-175,0,BREAK,UP,52212,1,37,0
2026-07-21 01:10:00,Pivot,Session,52235,NEG,1,3.67,-138,0,BREAK,DOWN,52219,6,2,23
2026-07-21 01:45:00,Pivot,Session,52235,NEG,2,10.67,-145,1,BREAK,UP,52261,1,26,1
2026-07-21 03:10:00,Call Wall 0DTE,Gamma,52300,NEG,1,-1.67,-84,1,BREAK,DOWN,52274,1,0,27
2026-07-21 03:10:00,ONH,Overnight,52326,NEG,1,-1.67,-84,1,BREAK,DOWN,52274,1,0,53
2026-07-21 03:10:00,Y-Mid,Session,52316,NEG,1,-1.67,-84,1,BREAK,DOWN,52274,1,0,43
2026-07-21 03:10:00,Pivot,Session,52235,NEG,3,-1.67,-84,0,BREAK,UP,52274,1,65,0
2026-07-21 04:10:00,Pivot,Session,52235,NEG,4,0.33,-171,1,REJECT,DOWN,52234,1,0,35
2026-07-21 05:35:00,Pivot,Session,52235,NEG,5,-8,-140,1,BREAK,UP,52254,1,26,7
2026-07-21 06:35:00,Pivot,Session,52235,NEG,6,6.33,-130,0,BREAK,UP,52308,1,81,0
2026-07-21 06:40:00,Call Wall 0DTE,Gamma,52300,NEG,2,0.67,-67,0,REJECT,UP,52301,1,26,0
2026-07-21 06:40:00,Y-Mid,Session,52316,NEG,2,0.67,-67,1,BREAK,DOWN,52301,1,10,15
2026-07-21 06:45:00,ONH,Overnight,52326,NEG,2,21,-74,1,BREAK,DOWN,52308,1,0,37
2026-07-21 07:45:00,Pivot,Session,52235,NEG,7,-10.33,-163,1,BREAK,DOWN,52218,3,19,19
2026-07-21 08:10:00,ONM,Overnight,52180,NEG,2,-6.67,-187,0,BREAK,UP,52204,1,40,0
2026-07-21 08:25:00,PWL,PriorWeek,52174,NEG,1,3.67,-200,0,BREAK,UP,52195,1,25,8
2026-07-21 09:10:00,ONM,Overnight,52180,NEG,3,17,-176,0,BREAK,UP,52199,1,36,0
2026-07-21 09:25:00,Pivot,Session,52235,NEG,8,7.33,-134,0,BREAK,UP,52260,1,25,2
2026-07-21 09:40:00,Call Wall 0DTE,Gamma,52300,NEG,3,10.33,-93,1,BREAK,DOWN,52199,1,0,106
2026-07-21 09:50:00,PWL,PriorWeek,52174,NEG,2,-20.33,-268,1,REJECT,UP,52187,1,29,67
2026-07-21 10:10:00,ONH,Overnight,52326,NEG,3,37,-51,1,REJECT,UP,52333,1,46,38
2026-07-21 10:10:00,Y-Mid,Session,52316,NEG,3,37,-51,0,BREAK,UP,52333,1,56,28
2026-07-21 10:20:00,PWC,PriorWeek,52375,NEG,1,45.67,-42,1,REJECT,DOWN,52367,2,14,58
2026-07-21 10:45:00,Call Wall 0DTE,Gamma,52300,NEG,4,7.67,-69,0,BREAK,UP,52317,1,32,19
2026-07-21 11:10:00,ONH,Overnight,52326,NEG,4,1.33,-56,1,BREAK,UP,52344,1,28,17
2026-07-21 11:10:00,Y-Mid,Session,52316,NEG,4,1.33,-56,0,BREAK,UP,52344,1,38,7
2026-07-21 11:25:00,PWC,PriorWeek,52375,NEG,2,11.67,27,0,REJECT,UP,52384,1,66,0
2026-07-21 12:20:00,R1,Session,52471,NEG,1,8.67,97,0,BREAK,UP,52494,1,32,0
2026-07-21 13:40:00,R1,Session,52471,NEG,2,-12,102,0,BREAK,UP,52496,1,36,0
2026-07-21 21:30:00,PWC,PriorWeek,52375,NEG,3,-7,2,0,BREAK,UP,52390,1,22,0
2026-07-22 08:30:00,ONH,Overnight,52326,NEG,1,3,-53,1,BREAK,UP,52348,1,22,11
2026-07-22 08:30:00,Y-Mid,Session,52316,NEG,1,3,-53,0,BREAK,UP,52348,1,32,1
2026-07-22 08:40:00,PWC,PriorWeek,52375,NEG,1,-25.33,10,0,BREAK,UP,52390,1,22,0
2026-07-22 09:05:00,Call Wall 0DTE,Gamma,52300,NEG,1,-6.67,-33,0,BREAK,UP,52368,1,68,0
2026-07-22 09:40:00,PWC,PriorWeek,52375,NEG,2,27.33,145,0,BREAK,UP,52519,1,186,0
2026-07-22 09:40:00,R1,Session,52471,NEG,1,27.33,145,0,BREAK,UP,52519,1,90,0
2026-07-22 10:05:00,PMC,PriorMonth,52670,NEG,1,27.33,269,1,BREAK,UP,52688,1,27,44
2026-07-22 10:05:00,PWM,PriorWeek,52644,NEG,1,27.33,269,1,BREAK,UP,52688,1,53,18
2026-07-22 10:50:00,R1,Session,52471,NEG,2,-13.33,103,0,BREAK,UP,52503,1,46,0
2026-07-22 12:15:00,PWM,PriorWeek,52644,NEG,2,6.33,258,1,BREAK,DOWN,52610,1,0,35
2026-07-22 15:00:00,R1,Session,52471,NEG,3,-4,122,0,BREAK,UP,52493,1,32,0
2026-07-22 16:05:00,R1,Session,52471,NEG,4,7.33,51,1,BREAK,DOWN,52445,1,65,43
2026-07-22 18:05:00,R1,Session,52471,NEG,5,1,95,1,BREAK,DOWN,52400,1,0,85
2026-07-22 18:40:00,PWC,PriorWeek,52375,NEG,3,-8.67,2,0,BREAK,DOWN,52357,1,6,21
2026-07-10 04:15:00,R2,Session,52869,NEG,1,7.67,474,1,BREAK,DOWN,52850,1,0,27
2026-07-10 06:35:00,R2,Session,52869,NEG,2,12,491,1,BREAK,UP,52887,3,26,11
2026-07-10 07:30:00,R2,Session,52869,NEG,3,-6,498,0,BREAK,DOWN,52851,2,15,18
2026-07-10 08:30:00,R2,Session,52869,NEG,4,23.67,499,0,REJECT,DOWN,52859,2,9,24
2026-07-10 09:40:00,R2,Session,52869,NEG,5,-9.67,426,1,REJECT,DOWN,52866,1,0,88
2026-07-10 10:40:00,PMC,PriorMonth,52670,NEG,1,36.67,324,0,BREAK,UP,52759,1,137,0
2026-07-10 10:40:00,PWM,PriorWeek,52644,NEG,1,36.67,324,0,BREAK,UP,52759,1,163,0
2026-07-10 11:25:00,R2,Session,52869,NEG,6,19.67,512,0,BREAK,UP,52896,1,40,21
2026-07-10 12:25:00,R2,Session,52869,NEG,7,0.33,483,1,BREAK,DOWN,52833,1,0,45
2026-07-12 18:10:00,R2,Session,52869,NEG,1,-1.33,439,1,BREAK,DOWN,52800,1,0,91
2026-07-13 01:10:00,PMC,PriorMonth,52670,NEG,1,1.33,299,0,BREAK,UP,52702,1,35,1
2026-07-13 03:15:00,R2,Session,52869,NEG,1,13,489,1,BREAK,UP,52890,2,23,9
2026-07-13 04:10:00,R2,Session,52869,NEG,2,5.67,510,0,BREAK,UP,52907,1,57,0
2026-07-13 07:30:00,R2,Session,52869,NEG,3,4.67,498,0,BREAK,UP,52893,3,27,15
2026-07-13 08:20:00,R2,Session,52869,NEG,4,4.33,441,1,BREAK,DOWN,52836,1,0,48
2026-07-13 09:25:00,R2,Session,52869,NEG,5,3,494,1,REJECT,UP,52883,2,22,13
2026-07-13 10:00:00,PMH,PriorMonth,53097,NEG,1,1.33,715,1,REJECT,DOWN,53086,1,14,37
2026-07-13 10:05:00,PWH,PriorWeek,53113,NEG,1,29,711,1,BREAK,DOWN,52995,1,0,122
2026-07-13 10:05:00,R3,Session,53105,NEG,1,29,711,1,BREAK,DOWN,52995,1,8,114
2026-07-13 10:25:00,R2,Session,52869,NEG,6,-27.67,528,0,BREAK,UP,52946,1,81,22
2026-07-13 12:35:00,PMC,PriorMonth,52670,NEG,2,-17,278,1,BREAK,DOWN,52629,1,0,46
2026-07-13 12:35:00,PWM,PriorWeek,52644,NEG,1,-17,278,0,BREAK,DOWN,52629,1,15,20
2026-07-13 19:35:00,PMC,PriorMonth,52670,NEG,3,-7.67,301,0,HOLD,NONE,52667,6,19,13
2026-07-13 19:55:00,PWM,PriorWeek,52644,NEG,2,-3.33,272,0,BREAK,UP,52667,2,24,3
2026-07-13 20:10:00,PMC,PriorMonth,52670,NEG,4,15.33,266,1,BREAK,DOWN,52637,1,0,53
2026-07-13 21:20:00,PWM,PriorWeek,52644,NEG,3,9.33,268,1,BREAK,UP,52668,4,26,17
2026-07-13 21:30:00,PMC,PriorMonth,52670,NEG,5,1.67,293,1,BREAK,DOWN,52652,2,7,18
2026-07-13 22:15:00,PWM,PriorWeek,52644,NEG,4,-3.33,269,1,BREAK,DOWN,52621,1,2,28
2026-07-14 00:45:00,PWM,PriorWeek,52644,NEG,1,14.67,300,0,BREAK,UP,52672,1,36,0
2026-07-14 00:50:00,PMC,PriorMonth,52670,NEG,1,14.67,300,0,REJECT,UP,52681,2,23,11
2026-07-14 02:50:00,PMC,PriorMonth,52670,NEG,2,-13.33,297,0,BREAK,DOWN,52642,2,2,35
2026-07-14 03:10:00,PWM,PriorWeek,52644,NEG,2,-10.67,267,1,BREAK,UP,52679,4,49,34
2026-07-14 04:00:00,PWM,PriorWeek,52644,NEG,3,-0.67,261,1,REJECT,DOWN,52632,1,0,28
2026-07-14 05:20:00,PWM,PriorWeek,52644,NEG,4,5.33,274,0,BREAK,DOWN,52623,1,5,31
2026-07-14 05:55:00,PMC,PriorMonth,52670,NEG,3,8.33,290,1,BREAK,DOWN,52647,1,0,27
2026-07-14 06:40:00,PWM,PriorWeek,52644,NEG,5,8,249,1,REJECT,DOWN,52633,5,123,68
2026-07-14 07:10:00,PWC,PriorWeek,52375,NEG,1,-5,-9,1,BREAK,DOWN,52281,1,9,101
2026-07-14 07:10:00,R1,Session,52471,NEG,1,-5,-9,1,BREAK,DOWN,52281,1,0,197
2026-07-14 07:15:00,Call Wall 0DTE,Gamma,52300,NEG,1,-84.67,-94,1,BREAK,UP,52323,1,27,45
2026-07-14 07:15:00,ONH,Overnight,52326,NEG,1,-84.67,-94,1,REJECT,DOWN,52323,1,1,71
2026-07-14 07:20:00,Y-Mid,Session,52316,NEG,1,-84.67,-94,1,REJECT,UP,52328,2,24,61
2026-07-14 08:10:00,R1,Session,52471,NEG,2,20,93,1,BREAK,DOWN,52451,1,13,26
2026-07-14 08:40:00,PMC,PriorMonth,52670,NEG,4,10.33,352,0,BREAK,UP,52696,1,75,0
2026-07-14 08:40:00,PWM,PriorWeek,52644,NEG,6,10.33,352,0,BREAK,UP,52696,1,101,0
2026-07-14 08:40:00,R2,Session,52869,NEG,1,10.33,352,1,BREAK,DOWN,52696,1,0,189
2026-07-14 09:40:00,PMC,PriorMonth,52670,NEG,5,-9,286,1,BREAK,UP,52784,1,120,35
2026-07-14 09:40:00,PWM,PriorWeek,52644,NEG,7,-9,286,0,BREAK,UP,52784,1,146,9
2026-07-14 09:50:00,R2,Session,52869,NEG,2,26.67,502,0,BREAK,DOWN,52787,1,6,115
2026-07-14 10:50:00,R2,Session,52869,NEG,3,6.33,435,1,BREAK,DOWN,52781,1,0,90
2026-07-14 11:45:00,PMC,PriorMonth,52670,NEG,6,5.67,297,0,REJECT,DOWN,52665,1,4,90
2026-07-14 11:50:00,PWM,PriorWeek,52644,NEG,8,-30,290,0,BREAK,UP,52667,1,53,0
2026-07-14 12:45:00,PMC,PriorMonth,52670,NEG,7,1,280,1,BREAK,DOWN,52646,1,6,30
2026-07-14 12:50:00,PWM,PriorWeek,52644,NEG,9,10.33,271,0,REJECT,DOWN,52642,1,10,34
2026-07-14 13:50:00,PMC,PriorMonth,52670,NEG,8,4.33,310,0,BREAK,UP,52687,2,25,12
2026-07-14 20:10:00,R2,Session,52869,NEG,4,3.33,484,1,REJECT,DOWN,52856,2,0,21
2026-05-28 10:20:00,S3,Session,51203,NEG,1,-30.33,-1248,1,BREAK,DOWN,51144,1,0,133
2026-05-29 05:20:00,S3,Session,51203,NEG,1,-3,-1175,1,BREAK,UP,51238,3,40,9
2026-05-29 06:10:00,S3,Session,51203,NEG,2,-2,-1190,1,BREAK,DOWN,51182,1,0,21
2026-05-29 09:30:00,S3,Session,51203,NEG,3,-12.67,-1177,1,BREAK,DOWN,51179,2,11,33
2026-05-29 11:05:00,PMM,PriorMonth,51428,NEG,1,26.67,-964,1,REJECT,UP,51433,1,20,18
2026-05-29 12:25:00,PMM,PriorMonth,51428,NEG,2,-17.33,-953,1,REJECT,DOWN,51426,1,5,22
2026-05-29 13:25:00,PMM,PriorMonth,51428,NEG,3,-4.33,-927,0,BREAK,UP,51450,1,41,22
2026-05-29 14:40:00,PMM,PriorMonth,51428,NEG,4,4.33,-929,0,BREAK,UP,51456,1,35,0
2026-05-29 16:05:00,PMM,PriorMonth,51428,NEG,5,-18.33,-914,0,BREAK,UP,51465,1,49,0
2026-05-31 18:05:00,PMM,PriorMonth,51428,NEG,6,2,-944,0,BREAK,DOWN,51384,1,78,49
2026-05-31 18:10:00,PMM,PriorMonth,51428,NEG,1,2.67,-991,1,BREAK,DOWN,51402,1,0,51
2026-06-01 05:10:00,S2,Session,51601,NEG,1,12.33,-781,1,BREAK,DOWN,51573,2,9,31
2026-06-01 08:20:00,S2,Session,51601,NEG,2,-23.67,-766,0,REJECT,UP,51605,1,24,4
2026-06-01 09:20:00,PMM,PriorMonth,51428,NEG,1,-0.67,-952,1,REJECT,UP,51437,1,78,14
2026-06-01 09:20:00,S2,Session,51601,NEG,3,-0.67,-952,1,BREAK,DOWN,51437,1,0,187
2026-06-01 11:00:00,S3,Session,51203,NEG,1,-11.67,-1154,0,BREAK,UP,51264,1,61,0
2026-06-01 14:05:00,PMM,PriorMonth,51428,NEG,2,13.33,-938,0,BREAK,UP,51448,4,30,14
2026-06-01 18:15:00,PMM,PriorMonth,51428,NEG,3,-9.67,-936,0,REJECT,DOWN,51424,2,19,22
2026-06-02 09:40:00,S3,Session,51203,NEG,1,-6,-1161,0,BREAK,UP,51250,1,92,3
2026-06-02 11:05:00,S3,Session,51203,NEG,2,34.67,-1160,0,BREAK,UP,51231,1,37,5
2026-06-02 15:40:00,PMM,PriorMonth,51428,NEG,1,16,-960,1,BREAK,DOWN,51407,1,0,24
2026-06-02 18:05:00,PMM,PriorMonth,51428,NEG,2,-0.33,-951,1,BREAK,DOWN,51403,4,9,32
2026-06-03 06:05:00,S3,Session,51203,NEG,1,-11.33,-1164,0,HOLD,NONE,51203,6,16,13
2026-06-03 06:50:00,S3,Session,51203,NEG,2,-3.33,-1188,1,BREAK,DOWN,51178,1,0,29
2026-06-03 08:35:00,S3,Session,51203,NEG,3,-2,-1170,0,BREAK,DOWN,51176,2,8,34
2026-06-03 09:40:00,S3,Session,51203,NEG,4,-27,-1156,0,BREAK,DOWN,51167,1,61,42
2026-05-28 10:20:00,S3,Session,51203,NEG,1,-30.33,-1248,1,BREAK,DOWN,51144,1,0,133
2026-05-29 05:20:00,S3,Session,51203,NEG,1,-3,-1175,1,BREAK,UP,51238,3,40,9
2026-05-29 06:10:00,S3,Session,51203,NEG,2,-2,-1190,1,BREAK,DOWN,51182,1,0,21
2026-05-29 09:30:00,S3,Session,51203,NEG,3,-12.67,-1177,1,BREAK,DOWN,51179,2,11,33
2026-05-29 11:05:00,PMM,PriorMonth,51428,NEG,1,26.67,-964,1,REJECT,UP,51433,1,20,18
2026-05-29 12:25:00,PMM,PriorMonth,51428,NEG,2,-17.33,-953,1,REJECT,DOWN,51426,1,5,22
2026-05-29 13:25:00,PMM,PriorMonth,51428,NEG,3,-4.33,-927,0,BREAK,UP,51450,1,41,22
2026-05-29 14:40:00,PMM,PriorMonth,51428,NEG,4,4.33,-929,0,BREAK,UP,51456,1,35,0
2026-05-29 16:05:00,PMM,PriorMonth,51428,NEG,5,-18.33,-914,0,BREAK,UP,51465,1,49,0
2026-05-31 18:05:00,PMM,PriorMonth,51428,NEG,6,2,-944,0,BREAK,DOWN,51384,1,78,49
2026-05-31 18:10:00,PMM,PriorMonth,51428,NEG,1,2.67,-991,1,BREAK,DOWN,51402,1,0,51
2026-06-01 05:10:00,S2,Session,51601,NEG,1,12.33,-781,1,BREAK,DOWN,51573,2,9,31
2026-06-01 08:20:00,S2,Session,51601,NEG,2,-23.67,-766,0,REJECT,UP,51605,1,24,4
2026-06-01 09:20:00,PMM,PriorMonth,51428,NEG,1,-0.67,-952,1,REJECT,UP,51437,1,78,14
2026-06-01 09:20:00,S2,Session,51601,NEG,3,-0.67,-952,1,BREAK,DOWN,51437,1,0,187
2026-06-01 11:00:00,S3,Session,51203,NEG,1,-11.67,-1154,0,BREAK,UP,51264,1,61,0
2026-06-01 14:05:00,PMM,PriorMonth,51428,NEG,2,13.33,-938,0,BREAK,UP,51448,4,30,14
2026-06-01 18:15:00,PMM,PriorMonth,51428,NEG,3,-9.67,-936,0,REJECT,DOWN,51424,2,19,22
2026-06-02 09:40:00,S3,Session,51203,NEG,1,-6,-1161,0,BREAK,UP,51250,1,92,3
2026-06-02 11:05:00,S3,Session,51203,NEG,2,34.67,-1160,0,BREAK,UP,51231,1,37,5
2026-06-02 15:40:00,PMM,PriorMonth,51428,NEG,1,16,-960,1,BREAK,DOWN,51407,1,0,24
2026-06-02 18:05:00,PMM,PriorMonth,51428,NEG,2,-0.33,-951,1,BREAK,DOWN,51403,4,9,32
2026-06-03 06:05:00,S3,Session,51203,NEG,1,-11.33,-1164,0,HOLD,NONE,51203,6,16,13
2026-06-03 06:50:00,S3,Session,51203,NEG,2,-3.33,-1188,1,BREAK,DOWN,51178,1,0,29
2026-06-03 08:35:00,S3,Session,51203,NEG,3,-2,-1170,0,BREAK,DOWN,51176,2,8,34
2026-06-03 09:40:00,S3,Session,51203,NEG,4,-27,-1156,0,BREAK,DOWN,51167,1,61,42
2026-06-04 08:05:00,S3,Session,51203,NEG,1,11.33,-1161,0,REJECT,UP,51212,2,26,13
2026-06-04 09:55:00,PMM,PriorMonth,51428,NEG,1,14,-914,0,BREAK,UP,51489,1,83,0
2026-06-04 11:15:00,S2,Session,51601,NEG,1,35.33,-762,0,REJECT,UP,51615,1,27,5
2026-06-04 13:25:00,S2,Session,51601,NEG,2,-22,-785,1,REJECT,DOWN,51589,2,19,26
2026-06-04 14:25:00,S2,Session,51601,NEG,3,-11.67,-777,1,BREAK,UP,51643,1,54,4
2026-06-04 20:10:00,S2,Session,51601,NEG,4,-9,-763,0,BREAK,UP,51619,1,25,0
2026-06-04 22:00:00,S2,Session,51601,NEG,5,-9,-778,1,BREAK,UP,51618,6,21,16
2026-06-04 23:05:00,S2,Session,51601,NEG,6,-7.33,-774,1,HOLD,NONE,51601,6,5,16
2026-06-05 00:05:00,S2,Session,51601,NEG,7,-2.33,-765,0,HOLD,NONE,51605,6,19,4
2026-06-05 00:20:00,S2,Session,51601,NEG,1,-3,-770,0,BREAK,UP,51618,3,17,0
2026-06-05 08:40:00,S1,Session,51837,NEG,1,-3.67,-730,1,BREAK,DOWN,51686,1,0,205
2026-06-05 09:45:00,S2,Session,51601,NEG,2,-15.67,-836,1,BREAK,DOWN,51463,1,0,151
2026-06-05 10:10:00,PMM,PriorMonth,51428,NEG,1,2.67,-823,0,BREAK,UP,51543,1,156,0
2026-06-05 11:30:00,PMM,PriorMonth,51428,NEG,2,-11,-936,0,REJECT,UP,51434,1,40,0
2026-06-05 12:40:00,S3,Session,51203,NEG,1,-11.67,-1161,0,BREAK,UP,51237,1,38,11
2026-06-05 13:40:00,S3,Session,51203,NEG,2,7.67,-1153,0,BREAK,UP,51259,1,63,0
2026-06-08 09:40:00,S3,Session,51203,NEG,1,14,-1206,1,BREAK,DOWN,51015,1,0,193
2026-06-09 09:40:00,S3,Session,51203,NEG,1,17.67,-1225,1,BREAK,DOWN,51186,1,0,102
2026-06-10 19:25:00,PML,PriorMonth,49758,NEG,1,-14.33,-2524,0,BREAK,UP,49829,1,145,0
2026-06-12 04:25:00,S3,Session,51203,NEG,1,47,-1211,1,BREAK,DOWN,51176,1,11,55
2026-06-12 05:30:00,S3,Session,51203,NEG,2,16.33,-1139,0,BREAK,UP,51241,2,50,11
2026-06-12 06:25:00,S3,Session,51203,NEG,3,-21.67,-1195,1,BREAK,DOWN,51167,1,0,57
2026-06-12 07:30:00,S3,Session,51203,NEG,4,10,-1157,0,REJECT,UP,51217,1,25,0
2026-06-12 09:35:00,S3,Session,51203,NEG,5,38.33,-1210,1,BREAK,DOWN,51159,2,57,94
2026-06-12 11:00:00,S3,Session,51203,NEG,6,-17.67,-1057,0,BREAK,UP,51352,1,176,0
2026-06-12 11:30:00,PMM,PriorMonth,51428,NEG,1,3.67,-935,0,BREAK,DOWN,51407,1,11,33
2026-06-12 12:00:00,S3,Session,51203,NEG,7,-54,-1137,0,BREAK,DOWN,51134,1,37,86
2026-06-12 13:00:00,S3,Session,51203,NEG,8,14.33,-1171,0,BREAK,UP,51222,1,24,43
2026-06-12 14:15:00,S3,Session,51203,NEG,9,-11.33,-1147,0,BREAK,UP,51239,1,79,0
2026-06-12 15:40:00,S3,Session,51203,NEG,10,-1,-1179,1,REJECT,UP,51211,1,58,31
2026-05-28 10:20:00,S3,Session,51203,NEG,1,-30.33,-1248,1,BREAK,DOWN,51144,1,0,133
2026-05-29 05:20:00,S3,Session,51203,NEG,1,-3,-1175,1,BREAK,UP,51238,3,40,9
2026-05-29 06:10:00,S3,Session,51203,NEG,2,-2,-1190,1,BREAK,DOWN,51182,1,0,21
2026-05-29 09:30:00,S3,Session,51203,NEG,3,-12.67,-1177,1,BREAK,DOWN,51179,2,11,33
2026-05-29 11:05:00,PMM,PriorMonth,51428,NEG,1,26.67,-964,1,REJECT,UP,51433,1,20,18
2026-05-29 12:25:00,PMM,PriorMonth,51428,NEG,2,-17.33,-953,1,REJECT,DOWN,51426,1,5,22
2026-05-29 13:25:00,PMM,PriorMonth,51428,NEG,3,-4.33,-927,0,BREAK,UP,51450,1,41,22
2026-05-29 14:40:00,PMM,PriorMonth,51428,NEG,4,4.33,-929,0,BREAK,UP,51456,1,35,0
2026-05-29 16:05:00,PMM,PriorMonth,51428,NEG,5,-18.33,-914,0,BREAK,UP,51465,1,49,0
2026-05-31 18:05:00,PMM,PriorMonth,51428,NEG,6,2,-944,0,BREAK,DOWN,51384,1,78,49
2026-05-31 18:10:00,PMM,PriorMonth,51428,NEG,1,2.67,-991,1,BREAK,DOWN,51402,1,0,51
2026-06-01 05:10:00,S2,Session,51601,NEG,1,12.33,-781,1,BREAK,DOWN,51573,2,9,31
2026-06-01 08:20:00,S2,Session,51601,NEG,2,-23.67,-766,0,REJECT,UP,51605,1,24,4
2026-06-01 09:20:00,PMM,PriorMonth,51428,NEG,1,-0.67,-952,1,REJECT,UP,51437,1,78,14
2026-06-01 09:20:00,S2,Session,51601,NEG,3,-0.67,-952,1,BREAK,DOWN,51437,1,0,187
2026-06-01 11:00:00,S3,Session,51203,NEG,1,-11.67,-1154,0,BREAK,UP,51264,1,61,0
2026-06-01 14:05:00,PMM,PriorMonth,51428,NEG,2,13.33,-938,0,BREAK,UP,51448,4,30,14
2026-06-01 18:15:00,PMM,PriorMonth,51428,NEG,3,-9.67,-936,0,REJECT,DOWN,51424,2,19,22
2026-06-02 03:55:00,PMM,PriorMonth,51428,NEG,1,3,-953,1,BREAK,UP,51451,2,25,5
2026-06-02 09:40:00,PMM,PriorMonth,51428,NEG,2,-6,-783,0,BREAK,UP,51628,1,245,0
2026-06-02 09:40:00,S2,Session,51601,NEG,1,-6,-783,1,BREAK,UP,51628,1,72,23
2026-06-02 10:40:00,PMM,PriorMonth,51428,NEG,3,1,-914,0,BREAK,UP,51455,1,54,0
2026-06-02 11:10:00,S2,Session,51601,NEG,2,34.67,-782,1,BREAK,UP,51675,2,86,25
2026-06-02 12:15:00,S2,Session,51601,NEG,3,-17.33,-760,0,BREAK,UP,51641,1,57,0
2026-06-02 21:25:00,PMM,PriorMonth,51428,NEG,4,-3.67,-1001,1,BREAK,DOWN,51369,1,0,61
2026-06-02 21:25:00,S2,Session,51601,NEG,4,-3.67,-1001,1,BREAK,DOWN,51369,1,0,234
2026-06-03 06:05:00,S3,Session,51203,NEG,1,-11.33,-1164,0,HOLD,NONE,51203,6,16,13
2026-06-03 06:50:00,S3,Session,51203,NEG,2,-3.33,-1188,1,BREAK,DOWN,51178,1,0,29
2026-06-03 08:35:00,S3,Session,51203,NEG,3,-2,-1170,0,BREAK,DOWN,51176,2,8,34
2026-06-03 09:40:00,S3,Session,51203,NEG,4,-27,-1156,0,BREAK,DOWN,51167,1,61,42
2026-05-28 10:20:00,S3,Session,51203,NEG,1,-30.33,-1248,1,BREAK,DOWN,51144,1,0,133
2026-05-29 05:20:00,S3,Session,51203,NEG,1,-3,-1175,1,BREAK,UP,51238,3,40,9
2026-05-29 06:10:00,S3,Session,51203,NEG,2,-2,-1190,1,BREAK,DOWN,51182,1,0,21
2026-05-29 09:30:00,S3,Session,51203,NEG,3,-12.67,-1177,1,BREAK,DOWN,51179,2,11,33
2026-05-29 11:05:00,PMM,PriorMonth,51428,NEG,1,26.67,-964,1,REJECT,UP,51433,1,20,18
2026-05-29 12:25:00,PMM,PriorMonth,51428,NEG,2,-17.33,-953,1,REJECT,DOWN,51426,1,5,22
2026-05-29 13:25:00,PMM,PriorMonth,51428,NEG,3,-4.33,-927,0,BREAK,UP,51450,1,41,22
2026-05-29 14:40:00,PMM,PriorMonth,51428,NEG,4,4.33,-929,0,BREAK,UP,51456,1,35,0
2026-05-29 16:05:00,PMM,PriorMonth,51428,NEG,5,-18.33,-914,0,BREAK,UP,51465,1,49,0
2026-05-31 18:05:00,PMM,PriorMonth,51428,NEG,6,2,-944,0,BREAK,DOWN,51384,1,78,49
2026-05-31 18:10:00,PMM,PriorMonth,51428,NEG,1,2.67,-991,1,BREAK,DOWN,51402,1,0,51
2026-06-01 05:10:00,S2,Session,51601,NEG,1,12.33,-781,1,BREAK,DOWN,51573,2,9,31
2026-06-01 08:20:00,S2,Session,51601,NEG,2,-23.67,-766,0,REJECT,UP,51605,1,24,4
2026-06-01 09:20:00,PMM,PriorMonth,51428,NEG,1,-0.67,-952,1,REJECT,UP,51437,1,78,14
2026-06-01 09:20:00,S2,Session,51601,NEG,3,-0.67,-952,1,BREAK,DOWN,51437,1,0,187
2026-06-01 11:00:00,S3,Session,51203,NEG,1,-11.67,-1154,0,BREAK,UP,51264,1,61,0
2026-06-01 14:05:00,PMM,PriorMonth,51428,NEG,2,13.33,-938,0,BREAK,UP,51448,4,30,14
2026-06-01 18:15:00,PMM,PriorMonth,51428,NEG,3,-9.67,-936,0,REJECT,DOWN,51424,2,19,22
2026-06-02 03:55:00,PMM,PriorMonth,51428,NEG,1,3,-953,1,BREAK,UP,51451,2,25,5
2026-06-02 09:40:00,PMM,PriorMonth,51428,NEG,2,-6,-783,0,BREAK,UP,51628,1,245,0
2026-06-02 09:40:00,S2,Session,51601,NEG,1,-6,-783,1,BREAK,UP,51628,1,72,23
2026-06-02 10:40:00,PMM,PriorMonth,51428,NEG,3,1,-914,0,BREAK,UP,51455,1,54,0
2026-06-02 11:10:00,S2,Session,51601,NEG,2,34.67,-782,1,BREAK,UP,51675,2,86,25
2026-06-02 12:15:00,S2,Session,51601,NEG,3,-17.33,-760,0,BREAK,UP,51641,1,57,0
2026-06-02 20:05:00,PMM,PriorMonth,51428,NEG,4,11.67,-973,1,BREAK,DOWN,51409,1,0,32
2026-06-02 20:05:00,S2,Session,51601,NEG,4,11.67,-973,1,BREAK,DOWN,51409,1,0,205
2026-06-03 06:05:00,S3,Session,51203,NEG,1,-11.33,-1164,0,HOLD,NONE,51203,6,16,13
2026-06-03 06:50:00,S3,Session,51203,NEG,2,-3.33,-1188,1,BREAK,DOWN,51178,1,0,29
2026-06-03 08:35:00,S3,Session,51203,NEG,3,-2,-1170,0,BREAK,DOWN,51176,2,8,34
2026-06-03 09:40:00,S3,Session,51203,NEG,4,-27,-1156,0,BREAK,DOWN,51167,1,61,42
2026-06-04 08:05:00,S3,Session,51203,NEG,1,11.33,-1161,0,REJECT,UP,51212,2,26,13
2026-06-04 09:55:00,PMM,PriorMonth,51428,NEG,1,14,-914,0,BREAK,UP,51489,1,83,0
2026-06-04 11:15:00,S2,Session,51601,NEG,1,35.33,-762,0,REJECT,UP,51615,1,27,5
2026-06-04 13:25:00,S2,Session,51601,NEG,2,-22,-785,1,REJECT,DOWN,51589,2,19,26
2026-06-04 14:25:00,S2,Session,51601,NEG,3,-11.67,-777,1,BREAK,UP,51643,1,54,4
2026-06-04 20:10:00,S2,Session,51601,NEG,4,-9,-763,0,BREAK,UP,51619,1,25,0
2026-06-04 22:00:00,S2,Session,51601,NEG,5,-9,-778,1,BREAK,UP,51618,6,21,16
2026-06-04 23:05:00,S2,Session,51601,NEG,6,-7.33,-774,1,HOLD,NONE,51601,6,5,16
2026-06-05 00:05:00,S2,Session,51601,NEG,7,-2.33,-765,0,HOLD,NONE,51605,6,19,4
2026-06-05 00:20:00,S2,Session,51601,NEG,1,-3,-770,0,BREAK,UP,51618,3,17,0
2026-06-05 08:40:00,S1,Session,51837,NEG,1,-3.67,-730,1,BREAK,DOWN,51686,1,0,205
2026-06-05 09:45:00,S2,Session,51601,NEG,2,-15.67,-836,1,BREAK,DOWN,51463,1,0,151
2026-06-05 10:10:00,PMM,PriorMonth,51428,NEG,1,2.67,-823,0,BREAK,UP,51543,1,156,0
2026-06-05 11:30:00,PMM,PriorMonth,51428,NEG,2,-11,-936,0,REJECT,UP,51434,1,40,0
2026-06-05 12:40:00,S3,Session,51203,NEG,1,-11.67,-1161,0,BREAK,UP,51237,1,38,11
2026-06-05 13:40:00,S3,Session,51203,NEG,2,7.67,-1153,0,BREAK,UP,51259,1,63,0
2026-07-16 20:15:00,PMC,PriorMonth,52670,NEG,1,-1.67,295,1,BREAK,DOWN,52646,2,5,27
2026-07-16 20:20:00,PWM,PriorWeek,52644,NEG,1,-15.67,271,0,REJECT,UP,52655,1,24,0
2026-07-16 23:05:00,R1,Session,52471,NEG,1,-4,116,0,BREAK,UP,52496,1,33,0
2026-07-17 00:50:00,PWC,PriorWeek,52375,NEG,1,-10.67,0,1,BREAK,UP,52407,3,37,15
2026-07-17 01:40:00,PWC,PriorWeek,52375,NEG,2,-1.33,-13,1,BREAK,DOWN,52335,1,0,52
2026-07-17 01:45:00,ONH,Overnight,52326,NEG,1,-8,-40,0,BREAK,UP,52358,1,32,0
2026-07-17 02:35:00,R1,Session,52471,NEG,1,17.33,92,1,BREAK,UP,52488,1,18,8
2026-07-17 03:35:00,R1,Session,52471,NEG,2,1,126,0,BREAK,UP,52494,1,44,0
2026-07-17 04:35:00,R1,Session,52471,NEG,3,-22.33,100,0,BREAK,DOWN,52441,1,27,33
2026-07-17 05:10:00,PWC,PriorWeek,52375,NEG,3,0.33,17,0,BREAK,UP,52390,1,28,0
2026-07-17 06:25:00,R1,Session,52471,NEG,4,9,86,1,BREAK,DOWN,52455,1,0,34
2026-07-17 07:25:00,R1,Session,52471,NEG,5,-22.67,99,0,BREAK,DOWN,52455,1,2,21
2026-07-17 08:25:00,R1,Session,52471,NEG,6,-10,84,1,REJECT,DOWN,52469,1,6,22
2026-07-17 09:05:00,PWC,PriorWeek,52375,NEG,4,-22,-6,1,BREAK,DOWN,52306,1,0,72
2026-07-17 09:10:00,Call Wall 0DTE,Gamma,52300,NEG,1,-25.67,-69,0,BREAK,DOWN,52281,1,16,38
2026-07-17 09:10:00,ONH,Overnight,52326,NEG,2,-25.67,-69,1,BREAK,DOWN,52281,1,0,64
2026-07-17 09:10:00,Y-Mid,Session,52316,NEG,1,-25.67,-69,1,BREAK,DOWN,52281,1,0,54
2026-07-17 09:30:00,Pivot,Session,52235,NEG,1,-10.33,-123,0,REJECT,UP,52242,1,76,7
2026-07-17 09:40:00,PWL,PriorWeek,52174,NEG,1,-10.33,-104,0,BREAK,UP,52459,1,299,0
2026-07-17 09:40:00,ONM,Overnight,52180,NEG,1,-10.33,-104,0,BREAK,UP,52459,1,293,0
2026-07-17 09:45:00,R1,Session,52471,NEG,7,-1.33,84,1,BREAK,UP,52562,1,145,24
2026-07-17 09:55:00,PMC,PriorMonth,52670,NEG,1,106.67,346,0,BREAK,DOWN,52644,1,62,26
2026-07-17 10:00:00,PWM,PriorWeek,52644,NEG,1,106.67,346,0,BREAK,UP,52710,2,88,7
2026-07-17 11:10:00,PMC,PriorMonth,52670,NEG,2,12,306,0,BREAK,UP,52696,1,49,0
2026-07-17 11:20:00,PWM,PriorWeek,52644,NEG,2,-10.67,279,0,REJECT,UP,52654,1,31,31
2026-07-17 12:10:00,PMC,PriorMonth,52670,NEG,3,11.67,268,1,REJECT,DOWN,52662,1,0,55
2026-07-17 12:30:00,PWM,PriorWeek,52644,NEG,3,7.33,228,1,BREAK,DOWN,52629,1,9,47
2026-07-17 14:05:00,R1,Session,52471,NEG,8,-21.33,103,0,REJECT,UP,52476,1,33,5
2026-07-17 15:20:00,PWC,PriorWeek,52375,NEG,5,-22.33,-4,1,REJECT,UP,52382,1,23,11
2026-07-17 16:10:00,ONH,Overnight,52326,NEG,3,-14.67,-41,0,BREAK,UP,52342,1,24,0
2026-07-17 16:20:00,Y-Mid,Session,52316,NEG,2,-22.33,-42,0,BREAK,UP,52340,1,29,0
2026-07-19 18:05:00,PWC,PriorWeek,52375,NEG,6,8.67,-10,1,BREAK,DOWN,52284,5,18,101
2026-07-19 18:10:00,Call Wall 0DTE,Gamma,52300,NEG,1,-1.33,-91,1,REJECT,DOWN,52290,1,0,62
2026-07-19 18:15:00,Pivot,Session,52235,NEG,1,-31,-85,0,BREAK,UP,52287,1,59,0
2026-07-19 18:30:00,ONH,Overnight,52326,NEG,1,7.67,-71,1,BREAK,DOWN,52281,1,0,46
2026-07-19 18:30:00,Y-Mid,Session,52316,NEG,1,7.67,-71,1,BREAK,DOWN,52281,1,0,36
2026-07-19 19:30:00,Y-Mid,Session,52316,NEG,2,0.33,-60,1,REJECT,UP,52318,1,24,3
2026-07-19 19:40:00,ONH,Overnight,52326,NEG,2,0.33,-60,1,REJECT,UP,52334,3,23,18
2026-07-19 20:15:00,PWC,PriorWeek,52375,NEG,1,11,14,0,REJECT,UP,52383,1,24,0
2026-07-19 21:25:00,PWC,PriorWeek,52375,NEG,2,6.67,17,0,REJECT,UP,52385,3,23,17
2026-07-19 21:55:00,ONH,Overnight,52326,NEG,3,-11,-52,1,BREAK,DOWN,52283,2,4,43
2026-07-19 21:55:00,Y-Mid,Session,52316,NEG,3,-11,-52,0,BREAK,DOWN,52283,2,14,33
2026-07-19 22:05:00,Call Wall 0DTE,Gamma,52300,NEG,2,-11.67,-92,1,BREAK,UP,52341,2,46,18
2026-07-19 22:50:00,ONH,Overnight,52326,NEG,4,11.67,-29,0,BREAK,UP,52345,1,28,0
2026-07-19 23:20:00,Y-Mid,Session,52316,NEG,4,-3,-54,0,BREAK,UP,52333,2,23,3
2026-07-20 00:25:00,Y-Mid,Session,52316,NEG,1,-7,-51,0,BREAK,UP,52339,1,23,0
2026-07-20 00:30:00,ONH,Overnight,52326,NEG,1,-5.67,-45,0,BREAK,UP,52362,4,36,14
2026-07-20 00:50:00,PWC,PriorWeek,52375,NEG,1,13.67,1,0,BREAK,UP,52396,2,21,0
2026-07-20 01:55:00,ONH,Overnight,52326,NEG,2,-12.33,-41,0,HOLD,NONE,52315,6,16,11
2026-07-20 02:20:00,Call Wall 0DTE,Gamma,52300,NEG,1,-3,-51,0,REJECT,UP,52304,2,21,0
2026-07-20 02:20:00,Y-Mid,Session,52316,NEG,2,-1,-50,0,HOLD,NONE,52304,6,14,14
2026-07-20 03:20:00,ONH,Overnight,52326,NEG,3,-0.33,-54,1,REJECT,DOWN,52313,3,0,26
2026-07-20 03:25:00,Call Wall 0DTE,Gamma,52300,NEG,2,6,-62,0,BREAK,UP,52354,1,67,0
2026-07-20 03:25:00,Y-Mid,Session,52316,NEG,3,-0.33,-54,0,BREAK,UP,52354,4,51,16
2026-07-20 03:35:00,PWC,PriorWeek,52375,NEG,2,12,6,0,BREAK,UP,52435,1,65,0
2026-07-20 03:55:00,R1,Session,52471,NEG,1,26,49,1,BREAK,DOWN,52410,1,0,67
2026-07-20 05:25:00,R1,Session,52471,NEG,2,2.33,86,1,BREAK,UP,52500,4,33,16
2026-07-20 06:30:00,R1,Session,52471,NEG,3,-12,91,1,BREAK,UP,52486,2,17,6
2026-07-20 07:35:00,R1,Session,52471,NEG,4,-5,100,0,BREAK,UP,52598,1,151,0
2026-07-20 08:40:00,R1,Session,52471,NEG,5,-14.67,120,0,REJECT,UP,52481,2,33,9
2026-07-20 09:35:00,R1,Session,52471,NEG,6,8.67,116,0,BREAK,UP,52512,1,162,0
2026-07-20 10:00:00,PWC,PriorWeek,52375,NEG,3,-30,-33,1,BREAK,DOWN,52319,1,0,56
2026-07-20 10:05:00,ONH,Overnight,52326,NEG,4,-58,-56,1,REJECT,DOWN,52320,1,52,26
2026-07-20 10:05:00,Y-Mid,Session,52316,NEG,4,-58,-56,0,REJECT,UP,52320,1,62,16
2026-07-20 10:10:00,Call Wall 0DTE,Gamma,52300,NEG,3,-52,-55,0,BREAK,DOWN,52264,1,35,41
2026-07-20 10:30:00,Pivot,Session,52235,NEG,1,-22,-134,0,REJECT,UP,52245,1,22,15
2026-07-20 10:45:00,PWL,PriorWeek,52174,NEG,1,-17.33,-147,0,BREAK,UP,52198,1,75,0
2026-07-20 10:45:00,ONM,Overnight,52180,NEG,1,-17.33,-147,0,BREAK,UP,52198,1,69,0
2026-07-20 11:30:00,Pivot,Session,52235,NEG,2,18,-107,0,BREAK,UP,52277,1,55,0
2026-07-20 12:20:00,Call Wall 0DTE,Gamma,52300,NEG,4,2,-81,1,REJECT,DOWN,52287,1,0,40
2026-07-20 12:40:00,Pivot,Session,52235,NEG,3,-8.67,-138,0,BREAK,UP,52272,1,37,0
2026-07-20 12:50:00,PWL,PriorWeek,52174,NEG,2,-9,-139,0,BREAK,UP,52278,1,112,0
2026-07-20 12:50:00,ONM,Overnight,52180,NEG,2,-9,-139,0,BREAK,UP,52278,1,106,0
2026-07-20 14:05:00,PWL,PriorWeek,52174,NEG,3,-7.33,-197,0,BREAK,UP,52206,2,50,19
2026-07-20 14:05:00,ONM,Overnight,52180,NEG,3,-7.33,-197,1,BREAK,UP,52206,2,44,25
2026-07-20 14:25:00,Pivot,Session,52235,NEG,4,12.33,-141,1,BREAK,DOWN,52170,1,5,66
2026-07-20 14:55:00,ONL,Overnight,52035,NEG,1,-48.33,-328,0,BREAK,UP,52072,1,45,0
2026-07-20 15:25:00,Put Wall 0DTE,Gamma,52000,NEG,1,-18,-345,0,BREAK,UP,52063,1,71,0
2026-07-20 15:25:00,Put Wall,Gamma,52000,NEG,1,-18,-345,0,BREAK,UP,52063,1,71,0
2026-07-20 18:10:00,ONL,Overnight,52035,NEG,2,12.33,-298,0,BREAK,UP,52070,1,41,0
2026-07-20 20:25:00,ONL,Overnight,52035,NEG,3,-13.33,-293,0,BREAK,UP,52070,1,48,0
2026-07-20 23:55:00,PWL,PriorWeek,52174,NEG,4,4.33,-204,1,HOLD,NONE,52181,6,8,11
2026-07-21 00:00:00,ONM,Overnight,52180,NEG,4,-0.67,-199,1,BREAK,UP,52200,2,21,7
2026-07-21 00:05:00,ONM,Overnight,52180,NEG,1,5,-175,0,BREAK,UP,52212,1,37,0
2026-07-21 01:10:00,Pivot,Session,52235,NEG,1,3.67,-138,0,BREAK,DOWN,52219,6,2,23
2026-07-21 01:45:00,Pivot,Session,52235,NEG,2,10.67,-145,1,BREAK,UP,52261,1,26,1
2026-07-21 03:10:00,Call Wall 0DTE,Gamma,52300,NEG,1,-1.67,-84,1,BREAK,DOWN,52274,1,0,27
2026-07-21 03:10:00,ONH,Overnight,52326,NEG,1,-1.67,-84,1,BREAK,DOWN,52274,1,0,53
2026-07-21 03:10:00,Y-Mid,Session,52316,NEG,1,-1.67,-84,1,BREAK,DOWN,52274,1,0,43
2026-07-21 03:10:00,Pivot,Session,52235,NEG,3,-1.67,-84,0,BREAK,UP,52274,1,65,0
2026-07-21 04:10:00,Pivot,Session,52235,NEG,4,0.33,-171,1,REJECT,DOWN,52234,1,0,35
2026-07-21 05:35:00,Pivot,Session,52235,NEG,5,-8,-140,1,BREAK,UP,52254,1,26,7
2026-07-21 06:35:00,Pivot,Session,52235,NEG,6,6.33,-130,0,BREAK,UP,52308,1,81,0
2026-07-21 06:40:00,Call Wall 0DTE,Gamma,52300,NEG,2,0.67,-67,0,REJECT,UP,52301,1,26,0
2026-07-21 06:40:00,Y-Mid,Session,52316,NEG,2,0.67,-67,1,BREAK,DOWN,52301,1,10,15
2026-07-21 06:45:00,ONH,Overnight,52326,NEG,2,21,-74,1,BREAK,DOWN,52308,1,0,37
2026-07-21 07:45:00,Pivot,Session,52235,NEG,7,-10.33,-163,1,BREAK,DOWN,52218,3,19,19
2026-07-21 08:10:00,ONM,Overnight,52180,NEG,2,-6.67,-187,0,BREAK,UP,52204,1,40,0
2026-07-21 08:25:00,PWL,PriorWeek,52174,NEG,1,3.67,-200,0,BREAK,UP,52195,1,25,8
2026-07-21 09:10:00,ONM,Overnight,52180,NEG,3,17,-176,0,BREAK,UP,52199,1,36,0
2026-07-21 09:25:00,Pivot,Session,52235,NEG,8,7.33,-134,0,BREAK,UP,52260,1,25,2
2026-07-21 09:40:00,Call Wall 0DTE,Gamma,52300,NEG,3,10.33,-93,1,BREAK,DOWN,52199,1,0,106
2026-07-21 09:50:00,PWL,PriorWeek,52174,NEG,2,-20.33,-268,1,REJECT,UP,52187,1,29,67
2026-07-21 10:10:00,ONH,Overnight,52326,NEG,3,37,-51,1,REJECT,UP,52333,1,46,38
2026-07-21 10:10:00,Y-Mid,Session,52316,NEG,3,37,-51,0,BREAK,UP,52333,1,56,28
2026-07-21 10:20:00,PWC,PriorWeek,52375,NEG,1,45.67,-42,1,REJECT,DOWN,52367,2,14,58
2026-07-21 10:45:00,Call Wall 0DTE,Gamma,52300,NEG,4,7.67,-69,0,BREAK,UP,52317,1,32,19
2026-07-21 11:10:00,ONH,Overnight,52326,NEG,4,1.33,-56,1,BREAK,UP,52344,1,28,17
2026-07-21 11:10:00,Y-Mid,Session,52316,NEG,4,1.33,-56,0,BREAK,UP,52344,1,38,7
2026-07-21 11:25:00,PWC,PriorWeek,52375,NEG,2,11.67,27,0,REJECT,UP,52384,1,66,0
2026-07-21 12:20:00,R1,Session,52471,NEG,1,8.67,97,0,BREAK,UP,52494,1,32,0
2026-07-21 13:40:00,R1,Session,52471,NEG,2,-12,102,0,BREAK,UP,52496,1,36,0
2026-07-21 21:30:00,PWC,PriorWeek,52375,NEG,3,-7,2,0,BREAK,UP,52390,1,22,0
2026-07-22 02:30:00,PWC,PriorWeek,52375,NEG,1,-10.33,-13,1,BREAK,DOWN,52350,1,0,28
2026-07-22 02:55:00,ONH,Overnight,52326,NEG,1,-1,-52,1,BREAK,UP,52346,1,25,2
2026-07-22 02:55:00,Y-Mid,Session,52316,NEG,1,-1,-52,0,BREAK,UP,52346,1,35,0
2026-07-22 03:10:00,Call Wall 0DTE,Gamma,52300,NEG,1,-9,-86,1,REJECT,DOWN,52287,1,0,30
2026-07-22 03:35:00,PWC,PriorWeek,52375,NEG,2,15.33,-20,1,BREAK,DOWN,52321,1,0,54
2026-07-22 04:10:00,ONH,Overnight,52326,NEG,2,6.33,12,0,BREAK,UP,52364,1,67,0
2026-07-22 04:10:00,Y-Mid,Session,52316,NEG,2,6.33,12,0,BREAK,UP,52364,1,77,0
2026-07-22 04:35:00,PWC,PriorWeek,52375,NEG,3,5,36,0,BREAK,UP,52428,1,59,0
2026-07-22 06:00:00,PWC,PriorWeek,52375,NEG,4,5,-1,1,BREAK,UP,52401,1,29,0
2026-07-22 06:30:00,R1,Session,52471,NEG,1,-3,92,1,REJECT,DOWN,52470,1,6,24
2026-07-22 07:15:00,PWC,PriorWeek,52375,NEG,5,-7,29,0,REJECT,UP,52377,1,46,7
2026-07-22 07:50:00,Call Wall 0DTE,Gamma,52300,NEG,2,1.67,-55,0,BREAK,UP,52361,1,64,0
2026-07-22 07:50:00,ONH,Overnight,52326,NEG,3,1.67,-55,1,BREAK,UP,52361,1,38,13
2026-07-22 07:50:00,Y-Mid,Session,52316,NEG,3,1.67,-55,0,BREAK,UP,52361,1,48,3
2026-07-22 08:40:00,PWC,PriorWeek,52375,NEG,6,-0.33,10,0,BREAK,UP,52390,1,22,0
2026-07-22 09:05:00,Call Wall 0DTE,Gamma,52300,NEG,3,-6.67,-33,0,BREAK,UP,52368,1,68,0
2026-07-22 09:05:00,ONH,Overnight,52326,NEG,4,-6.67,-33,0,BREAK,UP,52368,1,42,0
2026-07-22 09:05:00,Y-Mid,Session,52316,NEG,4,-6.67,-33,0,BREAK,UP,52368,1,52,0
2026-07-22 09:40:00,PWC,PriorWeek,52375,NEG,7,27.33,145,0,BREAK,UP,52519,1,186,0
2026-07-22 09:40:00,R1,Session,52471,NEG,2,27.33,145,0,BREAK,UP,52519,1,90,0
2026-07-22 10:05:00,PMC,PriorMonth,52670,NEG,1,27.33,269,1,BREAK,UP,52688,1,27,44
2026-07-22 10:05:00,PWM,PriorWeek,52644,NEG,1,27.33,269,1,BREAK,UP,52688,1,53,18
2026-07-22 10:50:00,R1,Session,52471,NEG,3,-13.33,103,0,BREAK,UP,52503,1,46,0
2026-07-22 12:15:00,PWM,PriorWeek,52644,NEG,2,6.33,258,1,BREAK,DOWN,52610,1,0,35
2026-07-22 15:00:00,R1,Session,52471,NEG,4,-4,122,0,BREAK,UP,52493,1,32,0
2026-07-22 16:05:00,R1,Session,52471,NEG,5,7.33,51,1,BREAK,DOWN,52445,1,65,43
2026-07-22 18:05:00,R1,Session,52471,NEG,6,1,95,1,BREAK,DOWN,52400,1,0,85
2026-07-22 18:40:00,PWC,PriorWeek,52375,NEG,8,-8.67,2,0,BREAK,DOWN,52357,1,6,21
2026-07-22 19:50:00,PWC,PriorWeek,52375,NEG,9,-4,6,0,BREAK,UP,52399,3,30,0
2026-07-22 20:45:00,R1,Session,52471,NEG,7,12.33,79,1,BREAK,UP,52488,3,19,17
2026-07-16 20:15:00,PMC,PriorMonth,52670,NEG,1,-1.67,295,1,BREAK,DOWN,52646,2,5,27
2026-07-16 20:20:00,PWM,PriorWeek,52644,NEG,1,-15.67,271,0,REJECT,UP,52655,1,24,0
2026-07-16 23:05:00,R1,Session,52471,NEG,1,-4,116,0,BREAK,UP,52496,1,33,0
2026-07-17 00:50:00,PWC,PriorWeek,52375,NEG,1,-10.67,0,1,BREAK,UP,52407,3,37,15
2026-07-17 01:40:00,PWC,PriorWeek,52375,NEG,2,-1.33,-13,1,BREAK,DOWN,52335,1,0,52
2026-07-17 01:45:00,ONH,Overnight,52326,NEG,1,-8,-40,0,BREAK,UP,52358,1,32,0
2026-07-17 02:35:00,R1,Session,52471,NEG,1,17.33,92,1,BREAK,UP,52488,1,18,8
2026-07-17 03:35:00,R1,Session,52471,NEG,2,1,126,0,BREAK,UP,52494,1,44,0
2026-07-17 04:35:00,R1,Session,52471,NEG,3,-22.33,100,0,BREAK,DOWN,52441,1,27,33
2026-07-17 05:10:00,PWC,PriorWeek,52375,NEG,3,0.33,17,0,BREAK,UP,52390,1,28,0
2026-07-17 06:25:00,R1,Session,52471,NEG,4,9,86,1,BREAK,DOWN,52455,1,0,34
2026-07-17 07:25:00,R1,Session,52471,NEG,5,-22.67,99,0,BREAK,DOWN,52455,1,2,21
2026-07-17 08:25:00,R1,Session,52471,NEG,6,-10,84,1,REJECT,DOWN,52469,1,6,22
2026-07-17 09:05:00,PWC,PriorWeek,52375,NEG,4,-22,-6,1,BREAK,DOWN,52306,1,0,72
2026-07-17 09:10:00,Call Wall 0DTE,Gamma,52300,NEG,1,-25.67,-69,0,BREAK,DOWN,52281,1,16,38
2026-07-17 09:10:00,ONH,Overnight,52326,NEG,2,-25.67,-69,1,BREAK,DOWN,52281,1,0,64
2026-07-17 09:10:00,Y-Mid,Session,52316,NEG,1,-25.67,-69,1,BREAK,DOWN,52281,1,0,54
2026-07-17 09:30:00,Pivot,Session,52235,NEG,1,-10.33,-123,0,REJECT,UP,52242,1,76,7
2026-07-17 09:40:00,PWL,PriorWeek,52174,NEG,1,-10.33,-104,0,BREAK,UP,52459,1,299,0
2026-07-17 09:40:00,ONM,Overnight,52180,NEG,1,-10.33,-104,0,BREAK,UP,52459,1,293,0
2026-07-17 09:45:00,R1,Session,52471,NEG,7,-1.33,84,1,BREAK,UP,52562,1,145,24
2026-07-17 09:55:00,PMC,PriorMonth,52670,NEG,1,106.67,346,0,BREAK,DOWN,52644,1,62,26
2026-07-17 10:00:00,PWM,PriorWeek,52644,NEG,1,106.67,346,0,BREAK,UP,52710,2,88,7
2026-07-17 11:10:00,PMC,PriorMonth,52670,NEG,2,12,306,0,BREAK,UP,52696,1,49,0
2026-07-17 11:20:00,PWM,PriorWeek,52644,NEG,2,-10.67,279,0,REJECT,UP,52654,1,31,31
2026-07-17 12:10:00,PMC,PriorMonth,52670,NEG,3,11.67,268,1,REJECT,DOWN,52662,1,0,55
2026-07-17 12:30:00,PWM,PriorWeek,52644,NEG,3,7.33,228,1,BREAK,DOWN,52629,1,9,47
2026-07-17 14:05:00,R1,Session,52471,NEG,8,-21.33,103,0,REJECT,UP,52476,1,33,5
2026-07-17 15:20:00,PWC,PriorWeek,52375,NEG,5,-22.33,-4,1,REJECT,UP,52382,1,23,11
2026-07-17 16:10:00,ONH,Overnight,52326,NEG,3,-14.67,-41,0,BREAK,UP,52342,1,24,0
2026-07-17 16:20:00,Y-Mid,Session,52316,NEG,2,-22.33,-42,0,BREAK,UP,52340,1,29,0
2026-07-19 18:05:00,PWC,PriorWeek,52375,NEG,6,8.67,-10,1,BREAK,DOWN,52284,5,18,101
2026-07-19 18:10:00,Call Wall 0DTE,Gamma,52300,NEG,1,-1.33,-91,1,REJECT,DOWN,52290,1,0,62
2026-07-19 18:15:00,Pivot,Session,52235,NEG,1,-31,-85,0,BREAK,UP,52287,1,59,0
2026-07-19 18:30:00,ONH,Overnight,52326,NEG,1,7.67,-71,1,BREAK,DOWN,52281,1,0,46
2026-07-19 18:30:00,Y-Mid,Session,52316,NEG,1,7.67,-71,1,BREAK,DOWN,52281,1,0,36
2026-07-19 19:30:00,Y-Mid,Session,52316,NEG,2,0.33,-60,1,REJECT,UP,52318,1,24,3
2026-07-19 19:40:00,ONH,Overnight,52326,NEG,2,0.33,-60,1,REJECT,UP,52334,3,23,18
2026-07-19 20:15:00,PWC,PriorWeek,52375,NEG,1,11,14,0,REJECT,UP,52383,1,24,0
2026-07-19 21:25:00,PWC,PriorWeek,52375,NEG,2,6.67,17,0,REJECT,UP,52385,3,23,17
2026-07-19 21:55:00,ONH,Overnight,52326,NEG,3,-11,-52,1,BREAK,DOWN,52283,2,4,43
2026-07-19 21:55:00,Y-Mid,Session,52316,NEG,3,-11,-52,0,BREAK,DOWN,52283,2,14,33
2026-07-19 22:05:00,Call Wall 0DTE,Gamma,52300,NEG,2,-11.67,-92,1,BREAK,UP,52341,2,46,18
2026-07-19 22:50:00,ONH,Overnight,52326,NEG,4,11.67,-29,0,BREAK,UP,52345,1,28,0
2026-07-19 23:20:00,Y-Mid,Session,52316,NEG,4,-3,-54,0,BREAK,UP,52333,2,23,3
2026-07-20 00:25:00,Y-Mid,Session,52316,NEG,1,-7,-51,0,BREAK,UP,52339,1,23,0
2026-07-20 00:30:00,ONH,Overnight,52326,NEG,1,-5.67,-45,0,BREAK,UP,52362,4,36,14
2026-07-20 00:50:00,PWC,PriorWeek,52375,NEG,1,13.67,1,0,BREAK,UP,52396,2,21,0
2026-07-20 01:55:00,ONH,Overnight,52326,NEG,2,-12.33,-41,0,HOLD,NONE,52315,6,16,11
2026-07-20 02:20:00,Call Wall 0DTE,Gamma,52300,NEG,1,-3,-51,0,REJECT,UP,52304,2,21,0
2026-07-20 02:20:00,Y-Mid,Session,52316,NEG,2,-1,-50,0,HOLD,NONE,52304,6,14,14
2026-07-20 03:20:00,ONH,Overnight,52326,NEG,3,-0.33,-54,1,REJECT,DOWN,52313,3,0,26
2026-07-20 03:25:00,Call Wall 0DTE,Gamma,52300,NEG,2,6,-62,0,BREAK,UP,52354,1,67,0
2026-07-20 03:25:00,Y-Mid,Session,52316,NEG,3,-0.33,-54,0,BREAK,UP,52354,4,51,16
2026-07-20 03:35:00,PWC,PriorWeek,52375,NEG,2,12,6,0,BREAK,UP,52435,1,65,0
2026-07-20 03:55:00,R1,Session,52471,NEG,1,26,49,1,BREAK,DOWN,52410,1,0,67
2026-07-20 05:25:00,R1,Session,52471,NEG,2,2.33,86,1,BREAK,UP,52500,4,33,16
2026-07-20 06:30:00,R1,Session,52471,NEG,3,-12,91,1,BREAK,UP,52486,2,17,6
2026-07-20 07:35:00,R1,Session,52471,NEG,4,-5,100,0,BREAK,UP,52598,1,151,0
2026-07-20 08:40:00,R1,Session,52471,NEG,5,-14.67,120,0,REJECT,UP,52481,2,33,9
2026-07-20 09:35:00,R1,Session,52471,NEG,6,8.67,116,0,BREAK,UP,52512,1,162,0
2026-07-20 10:00:00,PWC,PriorWeek,52375,NEG,3,-30,-33,1,BREAK,DOWN,52319,1,0,56
2026-07-20 10:05:00,ONH,Overnight,52326,NEG,4,-58,-56,1,REJECT,DOWN,52320,1,52,26
2026-07-20 10:05:00,Y-Mid,Session,52316,NEG,4,-58,-56,0,REJECT,UP,52320,1,62,16
2026-07-20 10:10:00,Call Wall 0DTE,Gamma,52300,NEG,3,-52,-55,0,BREAK,DOWN,52264,1,35,41
2026-07-20 10:30:00,Pivot,Session,52235,NEG,1,-22,-134,0,REJECT,UP,52245,1,22,15
2026-07-20 10:45:00,PWL,PriorWeek,52174,NEG,1,-17.33,-147,0,BREAK,UP,52198,1,75,0
2026-07-20 10:45:00,ONM,Overnight,52180,NEG,1,-17.33,-147,0,BREAK,UP,52198,1,69,0
2026-07-20 11:30:00,Pivot,Session,52235,NEG,2,18,-107,0,BREAK,UP,52277,1,55,0
2026-07-20 12:20:00,Call Wall 0DTE,Gamma,52300,NEG,4,2,-81,1,REJECT,DOWN,52287,1,0,40
2026-07-20 12:40:00,Pivot,Session,52235,NEG,3,-8.67,-138,0,BREAK,UP,52272,1,37,0
2026-07-20 12:50:00,PWL,PriorWeek,52174,NEG,2,-9,-139,0,BREAK,UP,52278,1,112,0
2026-07-20 12:50:00,ONM,Overnight,52180,NEG,2,-9,-139,0,BREAK,UP,52278,1,106,0
2026-07-20 14:05:00,PWL,PriorWeek,52174,NEG,3,-7.33,-197,0,BREAK,UP,52206,2,50,19
2026-07-20 14:05:00,ONM,Overnight,52180,NEG,3,-7.33,-197,1,BREAK,UP,52206,2,44,25
2026-07-20 14:25:00,Pivot,Session,52235,NEG,4,12.33,-141,1,BREAK,DOWN,52170,1,5,66
2026-07-20 14:55:00,ONL,Overnight,52035,NEG,1,-48.33,-328,0,BREAK,UP,52072,1,45,0
2026-07-20 15:25:00,Put Wall 0DTE,Gamma,52000,NEG,1,-18,-345,0,BREAK,UP,52063,1,71,0
2026-07-20 15:25:00,Put Wall,Gamma,52000,NEG,1,-18,-345,0,BREAK,UP,52063,1,71,0
2026-07-20 18:10:00,ONL,Overnight,52035,NEG,2,12.33,-298,0,BREAK,UP,52070,1,41,0
2026-07-20 20:25:00,ONL,Overnight,52035,NEG,3,-13.33,-293,0,BREAK,UP,52070,1,48,0
2026-07-20 23:55:00,PWL,PriorWeek,52174,NEG,4,4.33,-204,1,HOLD,NONE,52181,6,8,11
2026-07-21 00:00:00,ONM,Overnight,52180,NEG,4,-0.67,-199,1,BREAK,UP,52200,2,21,7
2026-07-21 00:05:00,ONM,Overnight,52180,NEG,1,5,-175,0,BREAK,UP,52212,1,37,0
2026-07-21 01:10:00,Pivot,Session,52235,NEG,1,3.67,-138,0,BREAK,DOWN,52219,6,2,23
2026-07-21 01:45:00,Pivot,Session,52235,NEG,2,10.67,-145,1,BREAK,UP,52261,1,26,1
2026-07-21 03:10:00,Call Wall 0DTE,Gamma,52300,NEG,1,-1.67,-84,1,BREAK,DOWN,52274,1,0,27
2026-07-21 03:10:00,ONH,Overnight,52326,NEG,1,-1.67,-84,1,BREAK,DOWN,52274,1,0,53
2026-07-21 03:10:00,Y-Mid,Session,52316,NEG,1,-1.67,-84,1,BREAK,DOWN,52274,1,0,43
2026-07-21 03:10:00,Pivot,Session,52235,NEG,3,-1.67,-84,0,BREAK,UP,52274,1,65,0
2026-07-21 04:10:00,Pivot,Session,52235,NEG,4,0.33,-171,1,REJECT,DOWN,52234,1,0,35
2026-07-21 05:35:00,Pivot,Session,52235,NEG,5,-8,-140,1,BREAK,UP,52254,1,26,7
2026-07-21 06:35:00,Pivot,Session,52235,NEG,6,6.33,-130,0,BREAK,UP,52308,1,81,0
2026-07-21 06:40:00,Call Wall 0DTE,Gamma,52300,NEG,2,0.67,-67,0,REJECT,UP,52301,1,26,0
2026-07-21 06:40:00,Y-Mid,Session,52316,NEG,2,0.67,-67,1,BREAK,DOWN,52301,1,10,15
2026-07-21 06:45:00,ONH,Overnight,52326,NEG,2,21,-74,1,BREAK,DOWN,52308,1,0,37
2026-07-21 07:45:00,Pivot,Session,52235,NEG,7,-10.33,-163,1,BREAK,DOWN,52218,3,19,19
2026-07-21 08:10:00,ONM,Overnight,52180,NEG,2,-6.67,-187,0,BREAK,UP,52204,1,40,0
2026-07-21 08:25:00,PWL,PriorWeek,52174,NEG,1,3.67,-200,0,BREAK,UP,52195,1,25,8
2026-07-21 09:10:00,ONM,Overnight,52180,NEG,3,17,-176,0,BREAK,UP,52199,1,36,0
2026-07-21 09:25:00,Pivot,Session,52235,NEG,8,7.33,-134,0,BREAK,UP,52260,1,25,2
2026-07-21 09:40:00,Call Wall 0DTE,Gamma,52300,NEG,3,10.33,-93,1,BREAK,DOWN,52199,1,0,106
2026-07-21 09:50:00,PWL,PriorWeek,52174,NEG,2,-20.33,-268,1,REJECT,UP,52187,1,29,67
2026-07-21 10:10:00,ONH,Overnight,52326,NEG,3,37,-51,1,REJECT,UP,52333,1,46,38
2026-07-21 10:10:00,Y-Mid,Session,52316,NEG,3,37,-51,0,BREAK,UP,52333,1,56,28
2026-07-21 10:20:00,PWC,PriorWeek,52375,NEG,1,45.67,-42,1,REJECT,DOWN,52367,2,14,58
2026-07-21 10:45:00,Call Wall 0DTE,Gamma,52300,NEG,4,7.67,-69,0,BREAK,UP,52317,1,32,19
2026-07-21 11:10:00,ONH,Overnight,52326,NEG,4,1.33,-56,1,BREAK,UP,52344,1,28,17
2026-07-21 11:10:00,Y-Mid,Session,52316,NEG,4,1.33,-56,0,BREAK,UP,52344,1,38,7
2026-07-21 11:25:00,PWC,PriorWeek,52375,NEG,2,11.67,27,0,REJECT,UP,52384,1,66,0
2026-07-21 12:20:00,R1,Session,52471,NEG,1,8.67,97,0,BREAK,UP,52494,1,32,0
2026-07-21 13:40:00,R1,Session,52471,NEG,2,-12,102,0,BREAK,UP,52496,1,36,0
2026-07-21 21:30:00,PWC,PriorWeek,52375,NEG,3,-7,2,0,BREAK,UP,52390,1,22,0
2026-07-22 02:30:00,PWC,PriorWeek,52375,NEG,1,-10.33,-13,1,BREAK,DOWN,52350,1,0,28
2026-07-22 02:55:00,ONH,Overnight,52326,NEG,1,-1,-52,1,BREAK,UP,52346,1,25,2
2026-07-22 02:55:00,Y-Mid,Session,52316,NEG,1,-1,-52,0,BREAK,UP,52346,1,35,0
2026-07-22 03:10:00,Call Wall 0DTE,Gamma,52300,NEG,1,-9,-86,1,REJECT,DOWN,52287,1,0,30
2026-07-22 03:35:00,PWC,PriorWeek,52375,NEG,2,15.33,-20,1,BREAK,DOWN,52321,1,0,54
2026-07-22 04:10:00,ONH,Overnight,52326,NEG,2,6.33,12,0,BREAK,UP,52364,1,67,0
2026-07-22 04:10:00,Y-Mid,Session,52316,NEG,2,6.33,12,0,BREAK,UP,52364,1,77,0
2026-07-22 04:35:00,PWC,PriorWeek,52375,NEG,3,5,36,0,BREAK,UP,52428,1,59,0
2026-07-22 06:00:00,PWC,PriorWeek,52375,NEG,4,5,-1,1,BREAK,UP,52401,1,29,0
2026-07-22 06:30:00,R1,Session,52471,NEG,1,-3,92,1,REJECT,DOWN,52470,1,6,24
2026-07-22 07:15:00,PWC,PriorWeek,52375,NEG,5,-7,29,0,REJECT,UP,52377,1,46,7
2026-07-22 07:50:00,Call Wall 0DTE,Gamma,52300,NEG,2,1.67,-55,0,BREAK,UP,52361,1,64,0
2026-07-22 07:50:00,ONH,Overnight,52326,NEG,3,1.67,-55,1,BREAK,UP,52361,1,38,13
2026-07-22 07:50:00,Y-Mid,Session,52316,NEG,3,1.67,-55,0,BREAK,UP,52361,1,48,3
2026-07-22 08:40:00,PWC,PriorWeek,52375,NEG,6,-0.33,10,0,BREAK,UP,52390,1,22,0
2026-07-22 09:05:00,Call Wall 0DTE,Gamma,52300,NEG,3,-6.67,-33,0,BREAK,UP,52368,1,68,0
2026-07-22 09:05:00,ONH,Overnight,52326,NEG,4,-6.67,-33,0,BREAK,UP,52368,1,42,0
2026-07-22 09:05:00,Y-Mid,Session,52316,NEG,4,-6.67,-33,0,BREAK,UP,52368,1,52,0
2026-07-22 09:40:00,PWC,PriorWeek,52375,NEG,7,27.33,145,0,BREAK,UP,52519,1,186,0
2026-07-22 09:40:00,R1,Session,52471,NEG,2,27.33,145,0,BREAK,UP,52519,1,90,0
2026-07-22 10:05:00,PMC,PriorMonth,52670,NEG,1,27.33,269,1,BREAK,UP,52688,1,27,44
2026-07-22 10:05:00,PWM,PriorWeek,52644,NEG,1,27.33,269,1,BREAK,UP,52688,1,53,18
2026-07-22 10:50:00,R1,Session,52471,NEG,3,-13.33,103,0,BREAK,UP,52503,1,46,0
2026-07-22 12:15:00,PWM,PriorWeek,52644,NEG,2,6.33,258,1,BREAK,DOWN,52610,1,0,35
2026-07-22 15:00:00,R1,Session,52471,NEG,4,-4,122,0,BREAK,UP,52493,1,32,0
2026-07-22 16:05:00,R1,Session,52471,NEG,5,7.33,51,1,BREAK,DOWN,52445,1,65,43
2026-07-22 18:05:00,R1,Session,52471,NEG,6,1,95,1,BREAK,DOWN,52400,1,0,85
2026-07-22 18:40:00,PWC,PriorWeek,52375,NEG,8,-8.67,2,0,BREAK,DOWN,52357,1,6,21
2026-07-22 19:50:00,PWC,PriorWeek,52375,NEG,9,-4,6,0,BREAK,UP,52399,3,30,0
2026-07-22 20:45:00,R1,Session,52471,NEG,7,12.33,79,1,BREAK,UP,52488,3,19,17
2026-07-22 21:40:00,R1,Session,52471,NEG,8,-2.33,118,0,REJECT,UP,52478,1,21,0
2026-07-16 20:15:00,PMC,PriorMonth,52670,NEG,1,-1.67,295,1,BREAK,DOWN,52646,2,5,27
2026-07-16 20:20:00,PWM,PriorWeek,52644,NEG,1,-15.67,271,0,REJECT,UP,52655,1,24,0
2026-07-16 23:05:00,R1,Session,52471,NEG,1,-4,116,0,BREAK,UP,52496,1,33,0
2026-07-17 00:50:00,PWC,PriorWeek,52375,NEG,1,-10.67,0,1,BREAK,UP,52407,3,37,15
2026-07-17 01:40:00,PWC,PriorWeek,52375,NEG,2,-1.33,-13,1,BREAK,DOWN,52335,1,0,52
2026-07-17 01:45:00,ONH,Overnight,52326,NEG,1,-8,-40,0,BREAK,UP,52358,1,32,0
2026-07-17 02:35:00,R1,Session,52471,NEG,1,17.33,92,1,BREAK,UP,52488,1,18,8
2026-07-17 03:35:00,R1,Session,52471,NEG,2,1,126,0,BREAK,UP,52494,1,44,0
2026-07-17 04:35:00,R1,Session,52471,NEG,3,-22.33,100,0,BREAK,DOWN,52441,1,27,33
2026-07-17 05:10:00,PWC,PriorWeek,52375,NEG,3,0.33,17,0,BREAK,UP,52390,1,28,0
2026-07-17 06:25:00,R1,Session,52471,NEG,4,9,86,1,BREAK,DOWN,52455,1,0,34
2026-07-17 07:25:00,R1,Session,52471,NEG,5,-22.67,99,0,BREAK,DOWN,52455,1,2,21
2026-07-17 08:25:00,R1,Session,52471,NEG,6,-10,84,1,REJECT,DOWN,52469,1,6,22
2026-07-17 09:05:00,PWC,PriorWeek,52375,NEG,4,-22,-6,1,BREAK,DOWN,52306,1,0,72
2026-07-17 09:10:00,Call Wall 0DTE,Gamma,52300,NEG,1,-25.67,-69,0,BREAK,DOWN,52281,1,16,38
2026-07-17 09:10:00,ONH,Overnight,52326,NEG,2,-25.67,-69,1,BREAK,DOWN,52281,1,0,64
2026-07-17 09:10:00,Y-Mid,Session,52316,NEG,1,-25.67,-69,1,BREAK,DOWN,52281,1,0,54
2026-07-17 09:30:00,Pivot,Session,52235,NEG,1,-10.33,-123,0,REJECT,UP,52242,1,76,7
2026-07-17 09:40:00,PWL,PriorWeek,52174,NEG,1,-10.33,-104,0,BREAK,UP,52459,1,299,0
2026-07-17 09:40:00,ONM,Overnight,52180,NEG,1,-10.33,-104,0,BREAK,UP,52459,1,293,0
2026-07-17 09:45:00,R1,Session,52471,NEG,7,-1.33,84,1,BREAK,UP,52562,1,145,24
2026-07-17 09:55:00,PMC,PriorMonth,52670,NEG,1,106.67,346,0,BREAK,DOWN,52644,1,62,26
2026-07-17 10:00:00,PWM,PriorWeek,52644,NEG,1,106.67,346,0,BREAK,UP,52710,2,88,7
2026-07-17 11:10:00,PMC,PriorMonth,52670,NEG,2,12,306,0,BREAK,UP,52696,1,49,0
2026-07-17 11:20:00,PWM,PriorWeek,52644,NEG,2,-10.67,279,0,REJECT,UP,52654,1,31,31
2026-07-17 12:10:00,PMC,PriorMonth,52670,NEG,3,11.67,268,1,REJECT,DOWN,52662,1,0,55
2026-07-17 12:30:00,PWM,PriorWeek,52644,NEG,3,7.33,228,1,BREAK,DOWN,52629,1,9,47
2026-07-17 14:05:00,R1,Session,52471,NEG,8,-21.33,103,0,REJECT,UP,52476,1,33,5
2026-07-17 15:20:00,PWC,PriorWeek,52375,NEG,5,-22.33,-4,1,REJECT,UP,52382,1,23,11
2026-07-17 16:10:00,ONH,Overnight,52326,NEG,3,-14.67,-41,0,BREAK,UP,52342,1,24,0
2026-07-17 16:20:00,Y-Mid,Session,52316,NEG,2,-22.33,-42,0,BREAK,UP,52340,1,29,0
2026-07-19 18:05:00,PWC,PriorWeek,52375,NEG,6,8.67,-10,1,BREAK,DOWN,52284,5,18,101
2026-07-19 18:10:00,Call Wall 0DTE,Gamma,52300,NEG,1,-1.33,-91,1,REJECT,DOWN,52290,1,0,62
2026-07-19 18:15:00,Pivot,Session,52235,NEG,1,-31,-85,0,BREAK,UP,52287,1,59,0
2026-07-19 18:30:00,ONH,Overnight,52326,NEG,1,7.67,-71,1,BREAK,DOWN,52281,1,0,46
2026-07-19 18:30:00,Y-Mid,Session,52316,NEG,1,7.67,-71,1,BREAK,DOWN,52281,1,0,36
2026-07-19 19:30:00,Y-Mid,Session,52316,NEG,2,0.33,-60,1,REJECT,UP,52318,1,24,3
2026-07-19 19:40:00,ONH,Overnight,52326,NEG,2,0.33,-60,1,REJECT,UP,52334,3,23,18
2026-07-19 20:15:00,PWC,PriorWeek,52375,NEG,1,11,14,0,REJECT,UP,52383,1,24,0
2026-07-19 21:25:00,PWC,PriorWeek,52375,NEG,2,6.67,17,0,REJECT,UP,52385,3,23,17
2026-07-19 21:55:00,ONH,Overnight,52326,NEG,3,-11,-52,1,BREAK,DOWN,52283,2,4,43
2026-07-19 21:55:00,Y-Mid,Session,52316,NEG,3,-11,-52,0,BREAK,DOWN,52283,2,14,33
2026-07-19 22:05:00,Call Wall 0DTE,Gamma,52300,NEG,2,-11.67,-92,1,BREAK,UP,52341,2,46,18
2026-07-19 22:50:00,ONH,Overnight,52326,NEG,4,11.67,-29,0,BREAK,UP,52345,1,28,0
2026-07-19 23:20:00,Y-Mid,Session,52316,NEG,4,-3,-54,0,BREAK,UP,52333,2,23,3
2026-07-20 00:25:00,Y-Mid,Session,52316,NEG,1,-7,-51,0,BREAK,UP,52339,1,23,0
2026-07-20 00:30:00,ONH,Overnight,52326,NEG,1,-5.67,-45,0,BREAK,UP,52362,4,36,14
2026-07-20 00:50:00,PWC,PriorWeek,52375,NEG,1,13.67,1,0,BREAK,UP,52396,2,21,0
2026-07-20 01:55:00,ONH,Overnight,52326,NEG,2,-12.33,-41,0,HOLD,NONE,52315,6,16,11
2026-07-20 02:20:00,Call Wall 0DTE,Gamma,52300,NEG,1,-3,-51,0,REJECT,UP,52304,2,21,0
2026-07-20 02:20:00,Y-Mid,Session,52316,NEG,2,-1,-50,0,HOLD,NONE,52304,6,14,14
2026-07-20 03:20:00,ONH,Overnight,52326,NEG,3,-0.33,-54,1,REJECT,DOWN,52313,3,0,26
2026-07-20 03:25:00,Call Wall 0DTE,Gamma,52300,NEG,2,6,-62,0,BREAK,UP,52354,1,67,0
2026-07-20 03:25:00,Y-Mid,Session,52316,NEG,3,-0.33,-54,0,BREAK,UP,52354,4,51,16
2026-07-20 03:35:00,PWC,PriorWeek,52375,NEG,2,12,6,0,BREAK,UP,52435,1,65,0
2026-07-20 03:55:00,R1,Session,52471,NEG,1,26,49,1,BREAK,DOWN,52410,1,0,67
2026-07-20 05:25:00,R1,Session,52471,NEG,2,2.33,86,1,BREAK,UP,52500,4,33,16
2026-07-20 06:30:00,R1,Session,52471,NEG,3,-12,91,1,BREAK,UP,52486,2,17,6
2026-07-20 07:35:00,R1,Session,52471,NEG,4,-5,100,0,BREAK,UP,52598,1,151,0
2026-07-20 08:40:00,R1,Session,52471,NEG,5,-14.67,120,0,REJECT,UP,52481,2,33,9
2026-07-20 09:35:00,R1,Session,52471,NEG,6,8.67,116,0,BREAK,UP,52512,1,162,0
2026-07-20 10:00:00,PWC,PriorWeek,52375,NEG,3,-30,-33,1,BREAK,DOWN,52319,1,0,56
2026-07-20 10:05:00,ONH,Overnight,52326,NEG,4,-58,-56,1,REJECT,DOWN,52320,1,52,26
2026-07-20 10:05:00,Y-Mid,Session,52316,NEG,4,-58,-56,0,REJECT,UP,52320,1,62,16
2026-07-20 10:10:00,Call Wall 0DTE,Gamma,52300,NEG,3,-52,-55,0,BREAK,DOWN,52264,1,35,41
2026-07-20 10:30:00,Pivot,Session,52235,NEG,1,-22,-134,0,REJECT,UP,52245,1,22,15
2026-07-20 10:45:00,PWL,PriorWeek,52174,NEG,1,-17.33,-147,0,BREAK,UP,52198,1,75,0
2026-07-20 10:45:00,ONM,Overnight,52180,NEG,1,-17.33,-147,0,BREAK,UP,52198,1,69,0
2026-07-20 11:30:00,Pivot,Session,52235,NEG,2,18,-107,0,BREAK,UP,52277,1,55,0
2026-07-20 12:20:00,Call Wall 0DTE,Gamma,52300,NEG,4,2,-81,1,REJECT,DOWN,52287,1,0,40
2026-07-20 12:40:00,Pivot,Session,52235,NEG,3,-8.67,-138,0,BREAK,UP,52272,1,37,0
2026-07-20 12:50:00,PWL,PriorWeek,52174,NEG,2,-9,-139,0,BREAK,UP,52278,1,112,0
2026-07-20 12:50:00,ONM,Overnight,52180,NEG,2,-9,-139,0,BREAK,UP,52278,1,106,0
2026-07-20 14:05:00,PWL,PriorWeek,52174,NEG,3,-7.33,-197,0,BREAK,UP,52206,2,50,19
2026-07-20 14:05:00,ONM,Overnight,52180,NEG,3,-7.33,-197,1,BREAK,UP,52206,2,44,25
2026-07-20 14:25:00,Pivot,Session,52235,NEG,4,12.33,-141,1,BREAK,DOWN,52170,1,5,66
2026-07-20 14:55:00,ONL,Overnight,52035,NEG,1,-48.33,-328,0,BREAK,UP,52072,1,45,0
2026-07-20 15:25:00,Put Wall 0DTE,Gamma,52000,NEG,1,-18,-345,0,BREAK,UP,52063,1,71,0
2026-07-20 15:25:00,Put Wall,Gamma,52000,NEG,1,-18,-345,0,BREAK,UP,52063,1,71,0
2026-07-20 18:10:00,ONL,Overnight,52035,NEG,2,12.33,-298,0,BREAK,UP,52070,1,41,0
2026-07-20 20:25:00,ONL,Overnight,52035,NEG,3,-13.33,-293,0,BREAK,UP,52070,1,48,0
2026-07-20 23:55:00,PWL,PriorWeek,52174,NEG,4,4.33,-204,1,HOLD,NONE,52181,6,8,11
2026-07-21 00:00:00,ONM,Overnight,52180,NEG,4,-0.67,-199,1,BREAK,UP,52200,2,21,7
2026-07-21 00:05:00,ONM,Overnight,52180,NEG,1,5,-175,0,BREAK,UP,52212,1,37,0
2026-07-21 01:10:00,Pivot,Session,52235,NEG,1,3.67,-138,0,BREAK,DOWN,52219,6,2,23
2026-07-21 01:45:00,Pivot,Session,52235,NEG,2,10.67,-145,1,BREAK,UP,52261,1,26,1
2026-07-21 03:10:00,Call Wall 0DTE,Gamma,52300,NEG,1,-1.67,-84,1,BREAK,DOWN,52274,1,0,27
2026-07-21 03:10:00,ONH,Overnight,52326,NEG,1,-1.67,-84,1,BREAK,DOWN,52274,1,0,53
2026-07-21 03:10:00,Y-Mid,Session,52316,NEG,1,-1.67,-84,1,BREAK,DOWN,52274,1,0,43
2026-07-21 03:10:00,Pivot,Session,52235,NEG,3,-1.67,-84,0,BREAK,UP,52274,1,65,0
2026-07-21 04:10:00,Pivot,Session,52235,NEG,4,0.33,-171,1,REJECT,DOWN,52234,1,0,35
2026-07-21 05:35:00,Pivot,Session,52235,NEG,5,-8,-140,1,BREAK,UP,52254,1,26,7
2026-07-21 06:35:00,Pivot,Session,52235,NEG,6,6.33,-130,0,BREAK,UP,52308,1,81,0
2026-07-21 06:40:00,Call Wall 0DTE,Gamma,52300,NEG,2,0.67,-67,0,REJECT,UP,52301,1,26,0
2026-07-21 06:40:00,Y-Mid,Session,52316,NEG,2,0.67,-67,1,BREAK,DOWN,52301,1,10,15
2026-07-21 06:45:00,ONH,Overnight,52326,NEG,2,21,-74,1,BREAK,DOWN,52308,1,0,37
2026-07-21 07:45:00,Pivot,Session,52235,NEG,7,-10.33,-163,1,BREAK,DOWN,52218,3,19,19
2026-07-21 08:10:00,ONM,Overnight,52180,NEG,2,-6.67,-187,0,BREAK,UP,52204,1,40,0
2026-07-21 08:25:00,PWL,PriorWeek,52174,NEG,1,3.67,-200,0,BREAK,UP,52195,1,25,8
2026-07-21 09:10:00,ONM,Overnight,52180,NEG,3,17,-176,0,BREAK,UP,52199,1,36,0
2026-07-21 09:25:00,Pivot,Session,52235,NEG,8,7.33,-134,0,BREAK,UP,52260,1,25,2
2026-07-21 09:40:00,Call Wall 0DTE,Gamma,52300,NEG,3,10.33,-93,1,BREAK,DOWN,52199,1,0,106
2026-07-21 09:50:00,PWL,PriorWeek,52174,NEG,2,-20.33,-268,1,REJECT,UP,52187,1,29,67
2026-07-21 10:10:00,ONH,Overnight,52326,NEG,3,37,-51,1,REJECT,UP,52333,1,46,38
2026-07-21 10:10:00,Y-Mid,Session,52316,NEG,3,37,-51,0,BREAK,UP,52333,1,56,28
2026-07-21 10:20:00,PWC,PriorWeek,52375,NEG,1,45.67,-42,1,REJECT,DOWN,52367,2,14,58
2026-07-21 10:45:00,Call Wall 0DTE,Gamma,52300,NEG,4,7.67,-69,0,BREAK,UP,52317,1,32,19
2026-07-21 11:10:00,ONH,Overnight,52326,NEG,4,1.33,-56,1,BREAK,UP,52344,1,28,17
2026-07-21 11:10:00,Y-Mid,Session,52316,NEG,4,1.33,-56,0,BREAK,UP,52344,1,38,7
2026-07-21 11:25:00,PWC,PriorWeek,52375,NEG,2,11.67,27,0,REJECT,UP,52384,1,66,0
2026-07-21 12:20:00,R1,Session,52471,NEG,1,8.67,97,0,BREAK,UP,52494,1,32,0
2026-07-21 13:40:00,R1,Session,52471,NEG,2,-12,102,0,BREAK,UP,52496,1,36,0
2026-07-21 21:30:00,PWC,PriorWeek,52375,NEG,3,-7,2,0,BREAK,UP,52390,1,22,0
2026-07-22 02:30:00,PWC,PriorWeek,52375,NEG,1,-10.33,-13,1,BREAK,DOWN,52350,1,0,28
2026-07-22 02:55:00,ONH,Overnight,52326,NEG,1,-1,-52,1,BREAK,UP,52346,1,25,2
2026-07-22 02:55:00,Y-Mid,Session,52316,NEG,1,-1,-52,0,BREAK,UP,52346,1,35,0
2026-07-22 03:10:00,Call Wall 0DTE,Gamma,52300,NEG,1,-9,-86,1,REJECT,DOWN,52287,1,0,30
2026-07-22 03:35:00,PWC,PriorWeek,52375,NEG,2,15.33,-20,1,BREAK,DOWN,52321,1,0,54
2026-07-22 04:10:00,ONH,Overnight,52326,NEG,2,6.33,12,0,BREAK,UP,52364,1,67,0
2026-07-22 04:10:00,Y-Mid,Session,52316,NEG,2,6.33,12,0,BREAK,UP,52364,1,77,0
2026-07-22 04:35:00,PWC,PriorWeek,52375,NEG,3,5,36,0,BREAK,UP,52428,1,59,0
2026-07-22 06:00:00,PWC,PriorWeek,52375,NEG,4,5,-1,1,BREAK,UP,52401,1,29,0
2026-07-22 06:30:00,R1,Session,52471,NEG,1,-3,92,1,REJECT,DOWN,52470,1,6,24
2026-07-22 07:15:00,PWC,PriorWeek,52375,NEG,5,-7,29,0,REJECT,UP,52377,1,46,7
2026-07-22 07:50:00,Call Wall 0DTE,Gamma,52300,NEG,2,1.67,-55,0,BREAK,UP,52361,1,64,0
2026-07-22 07:50:00,ONH,Overnight,52326,NEG,3,1.67,-55,1,BREAK,UP,52361,1,38,13
2026-07-22 07:50:00,Y-Mid,Session,52316,NEG,3,1.67,-55,0,BREAK,UP,52361,1,48,3
2026-07-22 08:40:00,PWC,PriorWeek,52375,NEG,6,-0.33,10,0,BREAK,UP,52390,1,22,0
2026-07-22 09:05:00,Call Wall 0DTE,Gamma,52300,NEG,3,-6.67,-33,0,BREAK,UP,52368,1,68,0
2026-07-22 09:05:00,ONH,Overnight,52326,NEG,4,-6.67,-33,0,BREAK,UP,52368,1,42,0
2026-07-22 09:05:00,Y-Mid,Session,52316,NEG,4,-6.67,-33,0,BREAK,UP,52368,1,52,0
2026-07-22 09:40:00,PWC,PriorWeek,52375,NEG,7,27.33,145,0,BREAK,UP,52519,1,186,0
2026-07-22 09:40:00,R1,Session,52471,NEG,2,27.33,145,0,BREAK,UP,52519,1,90,0
2026-07-22 10:05:00,PMC,PriorMonth,52670,NEG,1,27.33,269,1,BREAK,UP,52688,1,27,44
2026-07-22 10:05:00,PWM,PriorWeek,52644,NEG,1,27.33,269,1,BREAK,UP,52688,1,53,18
2026-07-22 10:50:00,R1,Session,52471,NEG,3,-13.33,103,0,BREAK,UP,52503,1,46,0
2026-07-22 12:15:00,PWM,PriorWeek,52644,NEG,2,6.33,258,1,BREAK,DOWN,52610,1,0,35
2026-07-22 15:00:00,R1,Session,52471,NEG,4,-4,122,0,BREAK,UP,52493,1,32,0
2026-07-22 16:05:00,R1,Session,52471,NEG,5,7.33,51,1,BREAK,DOWN,52445,1,65,43
2026-07-22 18:05:00,R1,Session,52471,NEG,6,1,95,1,BREAK,DOWN,52400,1,0,85
2026-07-22 18:40:00,PWC,PriorWeek,52375,NEG,8,-8.67,2,0,BREAK,DOWN,52357,1,6,21
2026-07-22 19:50:00,PWC,PriorWeek,52375,NEG,9,-4,6,0,BREAK,UP,52399,3,30,0
2026-07-22 20:45:00,R1,Session,52471,NEG,7,12.33,79,1,BREAK,UP,52488,3,19,17
2026-07-22 21:40:00,R1,Session,52471,NEG,8,-2.33,118,0,REJECT,UP,52478,1,21,0
2026-07-16 20:15:00,PMC,PriorMonth,52670,NEG,1,-1.67,295,1,BREAK,DOWN,52646,2,5,27
2026-07-16 20:20:00,PWM,PriorWeek,52644,NEG,1,-15.67,271,0,REJECT,UP,52655,1,24,0
2026-07-16 23:05:00,R1,Session,52471,NEG,1,-4,116,0,BREAK,UP,52496,1,33,0
2026-07-17 00:50:00,PWC,PriorWeek,52375,NEG,1,-10.67,0,1,BREAK,UP,52407,3,37,15
2026-07-17 01:40:00,PWC,PriorWeek,52375,NEG,2,-1.33,-13,1,BREAK,DOWN,52335,1,0,52
2026-07-17 01:45:00,ONH,Overnight,52326,NEG,1,-8,-40,0,BREAK,UP,52358,1,32,0
2026-07-17 02:35:00,R1,Session,52471,NEG,1,17.33,92,1,BREAK,UP,52488,1,18,8
2026-07-17 03:35:00,R1,Session,52471,NEG,2,1,126,0,BREAK,UP,52494,1,44,0
2026-07-17 04:35:00,R1,Session,52471,NEG,3,-22.33,100,0,BREAK,DOWN,52441,1,27,33
2026-07-17 05:10:00,PWC,PriorWeek,52375,NEG,3,0.33,17,0,BREAK,UP,52390,1,28,0
2026-07-17 06:25:00,R1,Session,52471,NEG,4,9,86,1,BREAK,DOWN,52455,1,0,34
2026-07-17 07:25:00,R1,Session,52471,NEG,5,-22.67,99,0,BREAK,DOWN,52455,1,2,21
2026-07-17 08:25:00,R1,Session,52471,NEG,6,-10,84,1,REJECT,DOWN,52469,1,6,22
2026-07-17 09:05:00,PWC,PriorWeek,52375,NEG,4,-22,-6,1,BREAK,DOWN,52306,1,0,72
2026-07-17 09:10:00,Call Wall 0DTE,Gamma,52300,NEG,1,-25.67,-69,0,BREAK,DOWN,52281,1,16,38
2026-07-17 09:10:00,ONH,Overnight,52326,NEG,2,-25.67,-69,1,BREAK,DOWN,52281,1,0,64
2026-07-17 09:10:00,Y-Mid,Session,52316,NEG,1,-25.67,-69,1,BREAK,DOWN,52281,1,0,54
2026-07-17 09:30:00,Pivot,Session,52235,NEG,1,-10.33,-123,0,REJECT,UP,52242,1,76,7
2026-07-17 09:40:00,PWL,PriorWeek,52174,NEG,1,-10.33,-104,0,BREAK,UP,52459,1,299,0
2026-07-17 09:40:00,ONM,Overnight,52180,NEG,1,-10.33,-104,0,BREAK,UP,52459,1,293,0
2026-07-17 09:45:00,R1,Session,52471,NEG,7,-1.33,84,1,BREAK,UP,52562,1,145,24
2026-07-17 09:55:00,PMC,PriorMonth,52670,NEG,1,106.67,346,0,BREAK,DOWN,52644,1,62,26
2026-07-17 10:00:00,PWM,PriorWeek,52644,NEG,1,106.67,346,0,BREAK,UP,52710,2,88,7
2026-07-17 11:10:00,PMC,PriorMonth,52670,NEG,2,12,306,0,BREAK,UP,52696,1,49,0
2026-07-17 11:20:00,PWM,PriorWeek,52644,NEG,2,-10.67,279,0,REJECT,UP,52654,1,31,31
2026-07-17 12:10:00,PMC,PriorMonth,52670,NEG,3,11.67,268,1,REJECT,DOWN,52662,1,0,55
2026-07-17 12:30:00,PWM,PriorWeek,52644,NEG,3,7.33,228,1,BREAK,DOWN,52629,1,9,47
2026-07-17 14:05:00,R1,Session,52471,NEG,8,-21.33,103,0,REJECT,UP,52476,1,33,5
2026-07-17 15:20:00,PWC,PriorWeek,52375,NEG,5,-22.33,-4,1,REJECT,UP,52382,1,23,11
2026-07-17 16:10:00,ONH,Overnight,52326,NEG,3,-14.67,-41,0,BREAK,UP,52342,1,24,0
2026-07-17 16:20:00,Y-Mid,Session,52316,NEG,2,-22.33,-42,0,BREAK,UP,52340,1,29,0
2026-07-19 18:05:00,PWC,PriorWeek,52375,NEG,6,8.67,-10,1,BREAK,DOWN,52284,5,18,101
2026-07-19 18:10:00,Call Wall 0DTE,Gamma,52300,NEG,1,-1.33,-91,1,REJECT,DOWN,52290,1,0,62
2026-07-19 18:15:00,Pivot,Session,52235,NEG,1,-31,-85,0,BREAK,UP,52287,1,59,0
2026-07-19 18:30:00,ONH,Overnight,52326,NEG,1,7.67,-71,1,BREAK,DOWN,52281,1,0,46
2026-07-19 18:30:00,Y-Mid,Session,52316,NEG,1,7.67,-71,1,BREAK,DOWN,52281,1,0,36
2026-07-19 19:30:00,Y-Mid,Session,52316,NEG,2,0.33,-60,1,REJECT,UP,52318,1,24,3
2026-07-19 19:40:00,ONH,Overnight,52326,NEG,2,0.33,-60,1,REJECT,UP,52334,3,23,18
2026-07-19 20:15:00,PWC,PriorWeek,52375,NEG,1,11,14,0,REJECT,UP,52383,1,24,0
2026-07-19 21:25:00,PWC,PriorWeek,52375,NEG,2,6.67,17,0,REJECT,UP,52385,3,23,17
2026-07-19 21:55:00,ONH,Overnight,52326,NEG,3,-11,-52,1,BREAK,DOWN,52283,2,4,43
2026-07-19 21:55:00,Y-Mid,Session,52316,NEG,3,-11,-52,0,BREAK,DOWN,52283,2,14,33
2026-07-19 22:05:00,Call Wall 0DTE,Gamma,52300,NEG,2,-11.67,-92,1,BREAK,UP,52341,2,46,18
2026-07-19 22:50:00,ONH,Overnight,52326,NEG,4,11.67,-29,0,BREAK,UP,52345,1,28,0
2026-07-19 23:20:00,Y-Mid,Session,52316,NEG,4,-3,-54,0,BREAK,UP,52333,2,23,3
2026-07-20 00:25:00,Y-Mid,Session,52316,NEG,1,-7,-51,0,BREAK,UP,52339,1,23,0
2026-07-20 00:30:00,ONH,Overnight,52326,NEG,1,-5.67,-45,0,BREAK,UP,52362,4,36,14
2026-07-20 00:50:00,PWC,PriorWeek,52375,NEG,1,13.67,1,0,BREAK,UP,52396,2,21,0
2026-07-20 01:55:00,ONH,Overnight,52326,NEG,2,-12.33,-41,0,HOLD,NONE,52315,6,16,11
2026-07-20 02:20:00,Call Wall 0DTE,Gamma,52300,NEG,1,-3,-51,0,REJECT,UP,52304,2,21,0
2026-07-20 02:20:00,Y-Mid,Session,52316,NEG,2,-1,-50,0,HOLD,NONE,52304,6,14,14
2026-07-20 03:20:00,ONH,Overnight,52326,NEG,3,-0.33,-54,1,REJECT,DOWN,52313,3,0,26
2026-07-20 03:25:00,Call Wall 0DTE,Gamma,52300,NEG,2,6,-62,0,BREAK,UP,52354,1,67,0
2026-07-20 03:25:00,Y-Mid,Session,52316,NEG,3,-0.33,-54,0,BREAK,UP,52354,4,51,16
2026-07-20 03:35:00,PWC,PriorWeek,52375,NEG,2,12,6,0,BREAK,UP,52435,1,65,0
2026-07-20 03:55:00,R1,Session,52471,NEG,1,26,49,1,BREAK,DOWN,52410,1,0,67
2026-07-20 05:25:00,R1,Session,52471,NEG,2,2.33,86,1,BREAK,UP,52500,4,33,16
2026-07-20 06:30:00,R1,Session,52471,NEG,3,-12,91,1,BREAK,UP,52486,2,17,6
2026-07-20 07:35:00,R1,Session,52471,NEG,4,-5,100,0,BREAK,UP,52598,1,151,0
2026-07-20 08:40:00,R1,Session,52471,NEG,5,-14.67,120,0,REJECT,UP,52481,2,33,9
2026-07-20 09:35:00,R1,Session,52471,NEG,6,8.67,116,0,BREAK,UP,52512,1,162,0
2026-07-20 10:00:00,PWC,PriorWeek,52375,NEG,3,-30,-33,1,BREAK,DOWN,52319,1,0,56
2026-07-20 10:05:00,ONH,Overnight,52326,NEG,4,-58,-56,1,REJECT,DOWN,52320,1,52,26
2026-07-20 10:05:00,Y-Mid,Session,52316,NEG,4,-58,-56,0,REJECT,UP,52320,1,62,16
2026-07-20 10:10:00,Call Wall 0DTE,Gamma,52300,NEG,3,-52,-55,0,BREAK,DOWN,52264,1,35,41
2026-07-20 10:30:00,Pivot,Session,52235,NEG,1,-22,-134,0,REJECT,UP,52245,1,22,15
2026-07-20 10:45:00,PWL,PriorWeek,52174,NEG,1,-17.33,-147,0,BREAK,UP,52198,1,75,0
2026-07-20 10:45:00,ONM,Overnight,52180,NEG,1,-17.33,-147,0,BREAK,UP,52198,1,69,0
2026-07-20 11:30:00,Pivot,Session,52235,NEG,2,18,-107,0,BREAK,UP,52277,1,55,0
2026-07-20 12:20:00,Call Wall 0DTE,Gamma,52300,NEG,4,2,-81,1,REJECT,DOWN,52287,1,0,40
2026-07-20 12:40:00,Pivot,Session,52235,NEG,3,-8.67,-138,0,BREAK,UP,52272,1,37,0
2026-07-20 12:50:00,PWL,PriorWeek,52174,NEG,2,-9,-139,0,BREAK,UP,52278,1,112,0
2026-07-20 12:50:00,ONM,Overnight,52180,NEG,2,-9,-139,0,BREAK,UP,52278,1,106,0
2026-07-20 14:05:00,PWL,PriorWeek,52174,NEG,3,-7.33,-197,0,BREAK,UP,52206,2,50,19
2026-07-20 14:05:00,ONM,Overnight,52180,NEG,3,-7.33,-197,1,BREAK,UP,52206,2,44,25
2026-07-20 14:25:00,Pivot,Session,52235,NEG,4,12.33,-141,1,BREAK,DOWN,52170,1,5,66
2026-07-20 14:55:00,ONL,Overnight,52035,NEG,1,-48.33,-328,0,BREAK,UP,52072,1,45,0
2026-07-20 15:25:00,Put Wall 0DTE,Gamma,52000,NEG,1,-18,-345,0,BREAK,UP,52063,1,71,0
2026-07-20 15:25:00,Put Wall,Gamma,52000,NEG,1,-18,-345,0,BREAK,UP,52063,1,71,0
2026-07-20 18:10:00,ONL,Overnight,52035,NEG,2,12.33,-298,0,BREAK,UP,52070,1,41,0
2026-07-20 20:25:00,ONL,Overnight,52035,NEG,3,-13.33,-293,0,BREAK,UP,52070,1,48,0
2026-07-20 23:55:00,PWL,PriorWeek,52174,NEG,4,4.33,-204,1,HOLD,NONE,52181,6,8,11
2026-07-21 00:00:00,ONM,Overnight,52180,NEG,4,-0.67,-199,1,BREAK,UP,52200,2,21,7
2026-07-21 00:05:00,ONM,Overnight,52180,NEG,1,5,-175,0,BREAK,UP,52212,1,37,0
2026-07-21 01:10:00,Pivot,Session,52235,NEG,1,3.67,-138,0,BREAK,DOWN,52219,6,2,23
2026-07-21 01:45:00,Pivot,Session,52235,NEG,2,10.67,-145,1,BREAK,UP,52261,1,26,1
2026-07-21 03:10:00,Call Wall 0DTE,Gamma,52300,NEG,1,-1.67,-84,1,BREAK,DOWN,52274,1,0,27
2026-07-21 03:10:00,ONH,Overnight,52326,NEG,1,-1.67,-84,1,BREAK,DOWN,52274,1,0,53
2026-07-21 03:10:00,Y-Mid,Session,52316,NEG,1,-1.67,-84,1,BREAK,DOWN,52274,1,0,43
2026-07-21 03:10:00,Pivot,Session,52235,NEG,3,-1.67,-84,0,BREAK,UP,52274,1,65,0
2026-07-21 04:10:00,Pivot,Session,52235,NEG,4,0.33,-171,1,REJECT,DOWN,52234,1,0,35
2026-07-21 05:35:00,Pivot,Session,52235,NEG,5,-8,-140,1,BREAK,UP,52254,1,26,7
2026-07-21 06:35:00,Pivot,Session,52235,NEG,6,6.33,-130,0,BREAK,UP,52308,1,81,0
2026-07-21 06:40:00,Call Wall 0DTE,Gamma,52300,NEG,2,0.67,-67,0,REJECT,UP,52301,1,26,0
2026-07-21 06:40:00,Y-Mid,Session,52316,NEG,2,0.67,-67,1,BREAK,DOWN,52301,1,10,15
2026-07-21 06:45:00,ONH,Overnight,52326,NEG,2,21,-74,1,BREAK,DOWN,52308,1,0,37
2026-07-21 07:45:00,Pivot,Session,52235,NEG,7,-10.33,-163,1,BREAK,DOWN,52218,3,19,19
2026-07-21 08:10:00,ONM,Overnight,52180,NEG,2,-6.67,-187,0,BREAK,UP,52204,1,40,0
2026-07-21 08:25:00,PWL,PriorWeek,52174,NEG,1,3.67,-200,0,BREAK,UP,52195,1,25,8
2026-07-21 09:10:00,ONM,Overnight,52180,NEG,3,17,-176,0,BREAK,UP,52199,1,36,0
2026-07-21 09:25:00,Pivot,Session,52235,NEG,8,7.33,-134,0,BREAK,UP,52260,1,25,2
2026-07-21 09:40:00,Call Wall 0DTE,Gamma,52300,NEG,3,10.33,-93,1,BREAK,DOWN,52199,1,0,106
2026-07-21 09:50:00,PWL,PriorWeek,52174,NEG,2,-20.33,-268,1,REJECT,UP,52187,1,29,67
2026-07-21 10:10:00,ONH,Overnight,52326,NEG,3,37,-51,1,REJECT,UP,52333,1,46,38
2026-07-21 10:10:00,Y-Mid,Session,52316,NEG,3,37,-51,0,BREAK,UP,52333,1,56,28
2026-07-21 10:20:00,PWC,PriorWeek,52375,NEG,1,45.67,-42,1,REJECT,DOWN,52367,2,14,58
2026-07-21 10:45:00,Call Wall 0DTE,Gamma,52300,NEG,4,7.67,-69,0,BREAK,UP,52317,1,32,19
2026-07-21 11:10:00,ONH,Overnight,52326,NEG,4,1.33,-56,1,BREAK,UP,52344,1,28,17
2026-07-21 11:10:00,Y-Mid,Session,52316,NEG,4,1.33,-56,0,BREAK,UP,52344,1,38,7
2026-07-21 11:25:00,PWC,PriorWeek,52375,NEG,2,11.67,27,0,REJECT,UP,52384,1,66,0
2026-07-21 12:20:00,R1,Session,52471,NEG,1,8.67,97,0,BREAK,UP,52494,1,32,0
2026-07-21 13:40:00,R1,Session,52471,NEG,2,-12,102,0,BREAK,UP,52496,1,36,0
2026-07-21 21:30:00,PWC,PriorWeek,52375,NEG,3,-7,2,0,BREAK,UP,52390,1,22,0
2026-07-22 02:30:00,PWC,PriorWeek,52375,NEG,1,-10.33,-13,1,BREAK,DOWN,52350,1,0,28
2026-07-22 02:55:00,ONH,Overnight,52326,NEG,1,-1,-52,1,BREAK,UP,52346,1,25,2
2026-07-22 02:55:00,Y-Mid,Session,52316,NEG,1,-1,-52,0,BREAK,UP,52346,1,35,0
2026-07-22 03:10:00,Call Wall 0DTE,Gamma,52300,NEG,1,-9,-86,1,REJECT,DOWN,52287,1,0,30
2026-07-22 03:35:00,PWC,PriorWeek,52375,NEG,2,15.33,-20,1,BREAK,DOWN,52321,1,0,54
2026-07-22 04:10:00,ONH,Overnight,52326,NEG,2,6.33,12,0,BREAK,UP,52364,1,67,0
2026-07-22 04:10:00,Y-Mid,Session,52316,NEG,2,6.33,12,0,BREAK,UP,52364,1,77,0
2026-07-22 04:35:00,PWC,PriorWeek,52375,NEG,3,5,36,0,BREAK,UP,52428,1,59,0
2026-07-22 06:00:00,PWC,PriorWeek,52375,NEG,4,5,-1,1,BREAK,UP,52401,1,29,0
2026-07-22 06:30:00,R1,Session,52471,NEG,1,-3,92,1,REJECT,DOWN,52470,1,6,24
2026-07-22 07:15:00,PWC,PriorWeek,52375,NEG,5,-7,29,0,REJECT,UP,52377,1,46,7
2026-07-22 07:50:00,Call Wall 0DTE,Gamma,52300,NEG,2,1.67,-55,0,BREAK,UP,52361,1,64,0
2026-07-22 07:50:00,ONH,Overnight,52326,NEG,3,1.67,-55,1,BREAK,UP,52361,1,38,13
2026-07-22 07:50:00,Y-Mid,Session,52316,NEG,3,1.67,-55,0,BREAK,UP,52361,1,48,3
2026-07-22 08:40:00,PWC,PriorWeek,52375,NEG,6,-0.33,10,0,BREAK,UP,52390,1,22,0
2026-07-22 09:05:00,Call Wall 0DTE,Gamma,52300,NEG,3,-6.67,-33,0,BREAK,UP,52368,1,68,0
2026-07-22 09:05:00,ONH,Overnight,52326,NEG,4,-6.67,-33,0,BREAK,UP,52368,1,42,0
2026-07-22 09:05:00,Y-Mid,Session,52316,NEG,4,-6.67,-33,0,BREAK,UP,52368,1,52,0
2026-07-22 09:40:00,PWC,PriorWeek,52375,NEG,7,27.33,145,0,BREAK,UP,52519,1,186,0
2026-07-22 09:40:00,R1,Session,52471,NEG,2,27.33,145,0,BREAK,UP,52519,1,90,0
2026-07-22 10:05:00,PMC,PriorMonth,52670,NEG,1,27.33,269,1,BREAK,UP,52688,1,27,44
2026-07-22 10:05:00,PWM,PriorWeek,52644,NEG,1,27.33,269,1,BREAK,UP,52688,1,53,18
2026-07-22 10:50:00,R1,Session,52471,NEG,3,-13.33,103,0,BREAK,UP,52503,1,46,0
2026-07-22 12:15:00,PWM,PriorWeek,52644,NEG,2,6.33,258,1,BREAK,DOWN,52610,1,0,35
2026-07-22 15:00:00,R1,Session,52471,NEG,4,-4,122,0,BREAK,UP,52493,1,32,0
2026-07-22 16:05:00,R1,Session,52471,NEG,5,7.33,51,1,BREAK,DOWN,52445,1,65,43
2026-07-22 18:05:00,R1,Session,52471,NEG,6,1,95,1,BREAK,DOWN,52400,1,0,85
2026-07-22 18:40:00,PWC,PriorWeek,52375,NEG,8,-8.67,2,0,BREAK,DOWN,52357,1,6,21
2026-07-22 19:50:00,PWC,PriorWeek,52375,NEG,9,-4,6,0,BREAK,UP,52399,3,30,0
2026-07-22 20:45:00,R1,Session,52471,NEG,7,12.33,79,1,BREAK,UP,52488,3,19,17
2026-07-22 21:40:00,R1,Session,52471,NEG,8,-2.33,118,0,REJECT,UP,52478,1,21,0
2026-07-16 20:15:00,PMC,PriorMonth,52670,NEG,1,-1.67,295,1,BREAK,DOWN,52646,2,5,27
2026-07-16 20:20:00,PWM,PriorWeek,52644,NEG,1,-15.67,271,0,REJECT,UP,52655,1,24,0
2026-07-16 23:05:00,R1,Session,52471,NEG,1,-4,116,0,BREAK,UP,52496,1,33,0
2026-07-17 00:50:00,PWC,PriorWeek,52375,NEG,1,-10.67,0,1,BREAK,UP,52407,3,37,15
2026-07-17 01:40:00,PWC,PriorWeek,52375,NEG,2,-1.33,-13,1,BREAK,DOWN,52335,1,0,52
2026-07-17 01:45:00,ONH,Overnight,52326,NEG,1,-8,-40,0,BREAK,UP,52358,1,32,0
2026-07-17 02:35:00,R1,Session,52471,NEG,1,17.33,92,1,BREAK,UP,52488,1,18,8
2026-07-17 03:35:00,R1,Session,52471,NEG,2,1,126,0,BREAK,UP,52494,1,44,0
2026-07-17 04:35:00,R1,Session,52471,NEG,3,-22.33,100,0,BREAK,DOWN,52441,1,27,33
2026-07-17 05:10:00,PWC,PriorWeek,52375,NEG,3,0.33,17,0,BREAK,UP,52390,1,28,0
2026-07-17 06:25:00,R1,Session,52471,NEG,4,9,86,1,BREAK,DOWN,52455,1,0,34
2026-07-17 07:25:00,R1,Session,52471,NEG,5,-22.67,99,0,BREAK,DOWN,52455,1,2,21
2026-07-17 08:25:00,R1,Session,52471,NEG,6,-10,84,1,REJECT,DOWN,52469,1,6,22
2026-07-17 09:05:00,PWC,PriorWeek,52375,NEG,4,-22,-6,1,BREAK,DOWN,52306,1,0,72
2026-07-17 09:10:00,Call Wall 0DTE,Gamma,52300,NEG,1,-25.67,-69,0,BREAK,DOWN,52281,1,16,38
2026-07-17 09:10:00,ONH,Overnight,52326,NEG,2,-25.67,-69,1,BREAK,DOWN,52281,1,0,64
2026-07-17 09:10:00,Y-Mid,Session,52316,NEG,1,-25.67,-69,1,BREAK,DOWN,52281,1,0,54
2026-07-17 09:30:00,Pivot,Session,52235,NEG,1,-10.33,-123,0,REJECT,UP,52242,1,76,7
2026-07-17 09:40:00,PWL,PriorWeek,52174,NEG,1,-10.33,-104,0,BREAK,UP,52459,1,299,0
2026-07-17 09:40:00,ONM,Overnight,52180,NEG,1,-10.33,-104,0,BREAK,UP,52459,1,293,0
2026-07-17 09:45:00,R1,Session,52471,NEG,7,-1.33,84,1,BREAK,UP,52562,1,145,24
2026-07-17 09:55:00,PMC,PriorMonth,52670,NEG,1,106.67,346,0,BREAK,DOWN,52644,1,62,26
2026-07-17 10:00:00,PWM,PriorWeek,52644,NEG,1,106.67,346,0,BREAK,UP,52710,2,88,7
2026-07-17 11:10:00,PMC,PriorMonth,52670,NEG,2,12,306,0,BREAK,UP,52696,1,49,0
2026-07-17 11:20:00,PWM,PriorWeek,52644,NEG,2,-10.67,279,0,REJECT,UP,52654,1,31,31
2026-07-17 12:10:00,PMC,PriorMonth,52670,NEG,3,11.67,268,1,REJECT,DOWN,52662,1,0,55
2026-07-17 12:30:00,PWM,PriorWeek,52644,NEG,3,7.33,228,1,BREAK,DOWN,52629,1,9,47
2026-07-17 14:05:00,R1,Session,52471,NEG,8,-21.33,103,0,REJECT,UP,52476,1,33,5
2026-07-17 15:20:00,PWC,PriorWeek,52375,NEG,5,-22.33,-4,1,REJECT,UP,52382,1,23,11
2026-07-17 16:10:00,ONH,Overnight,52326,NEG,3,-14.67,-41,0,BREAK,UP,52342,1,24,0
2026-07-17 16:20:00,Y-Mid,Session,52316,NEG,2,-22.33,-42,0,BREAK,UP,52340,1,29,0
2026-07-19 18:05:00,PWC,PriorWeek,52375,NEG,6,8.67,-10,1,BREAK,DOWN,52284,5,18,101
2026-07-19 18:10:00,Call Wall 0DTE,Gamma,52300,NEG,1,-1.33,-91,1,REJECT,DOWN,52290,1,0,62
2026-07-19 18:15:00,Pivot,Session,52235,NEG,1,-31,-85,0,BREAK,UP,52287,1,59,0
2026-07-19 18:30:00,ONH,Overnight,52326,NEG,1,7.67,-71,1,BREAK,DOWN,52281,1,0,46
2026-07-19 18:30:00,Y-Mid,Session,52316,NEG,1,7.67,-71,1,BREAK,DOWN,52281,1,0,36
2026-07-19 19:30:00,Y-Mid,Session,52316,NEG,2,0.33,-60,1,REJECT,UP,52318,1,24,3
2026-07-19 19:40:00,ONH,Overnight,52326,NEG,2,0.33,-60,1,REJECT,UP,52334,3,23,18
2026-07-19 20:15:00,PWC,PriorWeek,52375,NEG,1,11,14,0,REJECT,UP,52383,1,24,0
2026-07-19 21:25:00,PWC,PriorWeek,52375,NEG,2,6.67,17,0,REJECT,UP,52385,3,23,17
2026-07-19 21:55:00,ONH,Overnight,52326,NEG,3,-11,-52,1,BREAK,DOWN,52283,2,4,43
2026-07-19 21:55:00,Y-Mid,Session,52316,NEG,3,-11,-52,0,BREAK,DOWN,52283,2,14,33
2026-07-19 22:05:00,Call Wall 0DTE,Gamma,52300,NEG,2,-11.67,-92,1,BREAK,UP,52341,2,46,18
2026-07-19 22:50:00,ONH,Overnight,52326,NEG,4,11.67,-29,0,BREAK,UP,52345,1,28,0
2026-07-19 23:20:00,Y-Mid,Session,52316,NEG,4,-3,-54,0,BREAK,UP,52333,2,23,3
2026-07-20 00:25:00,Y-Mid,Session,52316,NEG,1,-7,-51,0,BREAK,UP,52339,1,23,0
2026-07-20 00:30:00,ONH,Overnight,52326,NEG,1,-5.67,-45,0,BREAK,UP,52362,4,36,14
2026-07-20 00:50:00,PWC,PriorWeek,52375,NEG,1,13.67,1,0,BREAK,UP,52396,2,21,0
2026-07-20 01:55:00,ONH,Overnight,52326,NEG,2,-12.33,-41,0,HOLD,NONE,52315,6,16,11
2026-07-20 02:20:00,Call Wall 0DTE,Gamma,52300,NEG,1,-3,-51,0,REJECT,UP,52304,2,21,0
2026-07-20 02:20:00,Y-Mid,Session,52316,NEG,2,-1,-50,0,HOLD,NONE,52304,6,14,14
2026-07-20 03:20:00,ONH,Overnight,52326,NEG,3,-0.33,-54,1,REJECT,DOWN,52313,3,0,26
2026-07-20 03:25:00,Call Wall 0DTE,Gamma,52300,NEG,2,6,-62,0,BREAK,UP,52354,1,67,0
2026-07-20 03:25:00,Y-Mid,Session,52316,NEG,3,-0.33,-54,0,BREAK,UP,52354,4,51,16
2026-07-20 03:35:00,PWC,PriorWeek,52375,NEG,2,12,6,0,BREAK,UP,52435,1,65,0
2026-07-20 03:55:00,R1,Session,52471,NEG,1,26,49,1,BREAK,DOWN,52410,1,0,67
2026-07-20 05:25:00,R1,Session,52471,NEG,2,2.33,86,1,BREAK,UP,52500,4,33,16
2026-07-20 06:30:00,R1,Session,52471,NEG,3,-12,91,1,BREAK,UP,52486,2,17,6
2026-07-20 07:35:00,R1,Session,52471,NEG,4,-5,100,0,BREAK,UP,52598,1,151,0
2026-07-20 08:40:00,R1,Session,52471,NEG,5,-14.67,120,0,REJECT,UP,52481,2,33,9
2026-07-20 09:35:00,R1,Session,52471,NEG,6,8.67,116,0,BREAK,UP,52512,1,162,0
2026-07-20 10:00:00,PWC,PriorWeek,52375,NEG,3,-30,-33,1,BREAK,DOWN,52319,1,0,56
2026-07-20 10:05:00,ONH,Overnight,52326,NEG,4,-58,-56,1,REJECT,DOWN,52320,1,52,26
2026-07-20 10:05:00,Y-Mid,Session,52316,NEG,4,-58,-56,0,REJECT,UP,52320,1,62,16
2026-07-20 10:10:00,Call Wall 0DTE,Gamma,52300,NEG,3,-52,-55,0,BREAK,DOWN,52264,1,35,41
2026-07-20 10:30:00,Pivot,Session,52235,NEG,1,-22,-134,0,REJECT,UP,52245,1,22,15
2026-07-20 10:45:00,PWL,PriorWeek,52174,NEG,1,-17.33,-147,0,BREAK,UP,52198,1,75,0
2026-07-20 10:45:00,ONM,Overnight,52180,NEG,1,-17.33,-147,0,BREAK,UP,52198,1,69,0
2026-07-20 11:30:00,Pivot,Session,52235,NEG,2,18,-107,0,BREAK,UP,52277,1,55,0
2026-07-20 12:20:00,Call Wall 0DTE,Gamma,52300,NEG,4,2,-81,1,REJECT,DOWN,52287,1,0,40
2026-07-20 12:40:00,Pivot,Session,52235,NEG,3,-8.67,-138,0,BREAK,UP,52272,1,37,0
2026-07-20 12:50:00,PWL,PriorWeek,52174,NEG,2,-9,-139,0,BREAK,UP,52278,1,112,0
2026-07-20 12:50:00,ONM,Overnight,52180,NEG,2,-9,-139,0,BREAK,UP,52278,1,106,0
2026-07-20 14:05:00,PWL,PriorWeek,52174,NEG,3,-7.33,-197,0,BREAK,UP,52206,2,50,19
2026-07-20 14:05:00,ONM,Overnight,52180,NEG,3,-7.33,-197,1,BREAK,UP,52206,2,44,25
2026-07-20 14:25:00,Pivot,Session,52235,NEG,4,12.33,-141,1,BREAK,DOWN,52170,1,5,66
2026-07-20 14:55:00,ONL,Overnight,52035,NEG,1,-48.33,-328,0,BREAK,UP,52072,1,45,0
2026-07-20 15:25:00,Put Wall 0DTE,Gamma,52000,NEG,1,-18,-345,0,BREAK,UP,52063,1,71,0
2026-07-20 15:25:00,Put Wall,Gamma,52000,NEG,1,-18,-345,0,BREAK,UP,52063,1,71,0
2026-07-20 18:10:00,ONL,Overnight,52035,NEG,2,12.33,-298,0,BREAK,UP,52070,1,41,0
2026-07-20 20:25:00,ONL,Overnight,52035,NEG,3,-13.33,-293,0,BREAK,UP,52070,1,48,0
2026-07-20 23:55:00,PWL,PriorWeek,52174,NEG,4,4.33,-204,1,HOLD,NONE,52181,6,8,11
2026-07-21 00:00:00,ONM,Overnight,52180,NEG,4,-0.67,-199,1,BREAK,UP,52200,2,21,7
2026-07-21 00:05:00,ONM,Overnight,52180,NEG,1,5,-175,0,BREAK,UP,52212,1,37,0
2026-07-21 01:10:00,Pivot,Session,52235,NEG,1,3.67,-138,0,BREAK,DOWN,52219,6,2,23
2026-07-21 01:45:00,Pivot,Session,52235,NEG,2,10.67,-145,1,BREAK,UP,52261,1,26,1
2026-07-21 03:10:00,Call Wall 0DTE,Gamma,52300,NEG,1,-1.67,-84,1,BREAK,DOWN,52274,1,0,27
2026-07-21 03:10:00,ONH,Overnight,52326,NEG,1,-1.67,-84,1,BREAK,DOWN,52274,1,0,53
2026-07-21 03:10:00,Y-Mid,Session,52316,NEG,1,-1.67,-84,1,BREAK,DOWN,52274,1,0,43
2026-07-21 03:10:00,Pivot,Session,52235,NEG,3,-1.67,-84,0,BREAK,UP,52274,1,65,0
2026-07-21 04:10:00,Pivot,Session,52235,NEG,4,0.33,-171,1,REJECT,DOWN,52234,1,0,35
2026-07-21 05:35:00,Pivot,Session,52235,NEG,5,-8,-140,1,BREAK,UP,52254,1,26,7
2026-07-21 06:35:00,Pivot,Session,52235,NEG,6,6.33,-130,0,BREAK,UP,52308,1,81,0
2026-07-21 06:40:00,Call Wall 0DTE,Gamma,52300,NEG,2,0.67,-67,0,REJECT,UP,52301,1,26,0
2026-07-21 06:40:00,Y-Mid,Session,52316,NEG,2,0.67,-67,1,BREAK,DOWN,52301,1,10,15
2026-07-21 06:45:00,ONH,Overnight,52326,NEG,2,21,-74,1,BREAK,DOWN,52308,1,0,37
2026-07-21 07:45:00,Pivot,Session,52235,NEG,7,-10.33,-163,1,BREAK,DOWN,52218,3,19,19
2026-07-21 08:10:00,ONM,Overnight,52180,NEG,2,-6.67,-187,0,BREAK,UP,52204,1,40,0
2026-07-21 08:25:00,PWL,PriorWeek,52174,NEG,1,3.67,-200,0,BREAK,UP,52195,1,25,8
2026-07-21 09:10:00,ONM,Overnight,52180,NEG,3,17,-176,0,BREAK,UP,52199,1,36,0
2026-07-21 09:25:00,Pivot,Session,52235,NEG,8,7.33,-134,0,BREAK,UP,52260,1,25,2
2026-07-21 09:40:00,Call Wall 0DTE,Gamma,52300,NEG,3,10.33,-93,1,BREAK,DOWN,52199,1,0,106
2026-07-21 09:50:00,PWL,PriorWeek,52174,NEG,2,-20.33,-268,1,REJECT,UP,52187,1,29,67
2026-07-21 10:10:00,ONH,Overnight,52326,NEG,3,37,-51,1,REJECT,UP,52333,1,46,38
2026-07-21 10:10:00,Y-Mid,Session,52316,NEG,3,37,-51,0,BREAK,UP,52333,1,56,28
2026-07-21 10:20:00,PWC,PriorWeek,52375,NEG,1,45.67,-42,1,REJECT,DOWN,52367,2,14,58
2026-07-21 10:45:00,Call Wall 0DTE,Gamma,52300,NEG,4,7.67,-69,0,BREAK,UP,52317,1,32,19
2026-07-21 11:10:00,ONH,Overnight,52326,NEG,4,1.33,-56,1,BREAK,UP,52344,1,28,17
2026-07-21 11:10:00,Y-Mid,Session,52316,NEG,4,1.33,-56,0,BREAK,UP,52344,1,38,7
2026-07-21 11:25:00,PWC,PriorWeek,52375,NEG,2,11.67,27,0,REJECT,UP,52384,1,66,0
2026-07-21 12:20:00,R1,Session,52471,NEG,1,8.67,97,0,BREAK,UP,52494,1,32,0
2026-07-21 13:40:00,R1,Session,52471,NEG,2,-12,102,0,BREAK,UP,52496,1,36,0
2026-07-21 21:30:00,PWC,PriorWeek,52375,NEG,3,-7,2,0,BREAK,UP,52390,1,22,0
2026-07-22 02:30:00,PWC,PriorWeek,52375,NEG,1,-10.33,-13,1,BREAK,DOWN,52350,1,0,28
2026-07-22 02:55:00,ONH,Overnight,52326,NEG,1,-1,-52,1,BREAK,UP,52346,1,25,2
2026-07-22 02:55:00,Y-Mid,Session,52316,NEG,1,-1,-52,0,BREAK,UP,52346,1,35,0
2026-07-22 03:10:00,Call Wall 0DTE,Gamma,52300,NEG,1,-9,-86,1,REJECT,DOWN,52287,1,0,30
2026-07-22 03:35:00,PWC,PriorWeek,52375,NEG,2,15.33,-20,1,BREAK,DOWN,52321,1,0,54
2026-07-22 04:10:00,ONH,Overnight,52326,NEG,2,6.33,12,0,BREAK,UP,52364,1,67,0
2026-07-22 04:10:00,Y-Mid,Session,52316,NEG,2,6.33,12,0,BREAK,UP,52364,1,77,0
2026-07-22 04:35:00,PWC,PriorWeek,52375,NEG,3,5,36,0,BREAK,UP,52428,1,59,0
2026-07-22 06:00:00,PWC,PriorWeek,52375,NEG,4,5,-1,1,BREAK,UP,52401,1,29,0
2026-07-22 06:30:00,R1,Session,52471,NEG,1,-3,92,1,REJECT,DOWN,52470,1,6,24
2026-07-22 07:15:00,PWC,PriorWeek,52375,NEG,5,-7,29,0,REJECT,UP,52377,1,46,7
2026-07-22 07:50:00,Call Wall 0DTE,Gamma,52300,NEG,2,1.67,-55,0,BREAK,UP,52361,1,64,0
2026-07-22 07:50:00,ONH,Overnight,52326,NEG,3,1.67,-55,1,BREAK,UP,52361,1,38,13
2026-07-22 07:50:00,Y-Mid,Session,52316,NEG,3,1.67,-55,0,BREAK,UP,52361,1,48,3
2026-07-22 08:40:00,PWC,PriorWeek,52375,NEG,6,-0.33,10,0,BREAK,UP,52390,1,22,0
2026-07-22 09:05:00,Call Wall 0DTE,Gamma,52300,NEG,3,-6.67,-33,0,BREAK,UP,52368,1,68,0
2026-07-22 09:05:00,ONH,Overnight,52326,NEG,4,-6.67,-33,0,BREAK,UP,52368,1,42,0
2026-07-22 09:05:00,Y-Mid,Session,52316,NEG,4,-6.67,-33,0,BREAK,UP,52368,1,52,0
2026-07-22 09:40:00,PWC,PriorWeek,52375,NEG,7,27.33,145,0,BREAK,UP,52519,1,186,0
2026-07-22 09:40:00,R1,Session,52471,NEG,2,27.33,145,0,BREAK,UP,52519,1,90,0
2026-07-22 10:05:00,PMC,PriorMonth,52670,NEG,1,27.33,269,1,BREAK,UP,52688,1,27,44
2026-07-22 10:05:00,PWM,PriorWeek,52644,NEG,1,27.33,269,1,BREAK,UP,52688,1,53,18
2026-07-22 10:50:00,R1,Session,52471,NEG,3,-13.33,103,0,BREAK,UP,52503,1,46,0
2026-07-22 12:15:00,PWM,PriorWeek,52644,NEG,2,6.33,258,1,BREAK,DOWN,52610,1,0,35
2026-07-22 15:00:00,R1,Session,52471,NEG,4,-4,122,0,BREAK,UP,52493,1,32,0
2026-07-22 16:05:00,R1,Session,52471,NEG,5,7.33,51,1,BREAK,DOWN,52445,1,65,43
2026-07-22 18:05:00,R1,Session,52471,NEG,6,1,95,1,BREAK,DOWN,52400,1,0,85
2026-07-22 18:40:00,PWC,PriorWeek,52375,NEG,8,-8.67,2,0,BREAK,DOWN,52357,1,6,21
2026-07-22 19:50:00,PWC,PriorWeek,52375,NEG,9,-4,6,0,BREAK,UP,52399,3,30,0
2026-07-22 20:45:00,R1,Session,52471,NEG,7,12.33,79,1,BREAK,UP,52488,3,19,17
2026-07-22 21:40:00,R1,Session,52471,NEG,8,-2.33,118,0,REJECT,UP,52478,1,21,0
2026-07-22 23:35:00,PWC,PriorWeek,52375,NEG,10,-10.67,17,0,REJECT,UP,52389,1,29,0
2026-07-23 00:10:00,PWC,PriorWeek,52375,NEG,1,-7,-1,1,REJECT,DOWN,52373,1,5,25
2026-07-23 01:30:00,PWC,PriorWeek,52375,NEG,2,-5.33,-1,1,BREAK,UP,52400,5,25,13
2026-07-23 02:50:00,Y-Mid,Session,52316,NEG,1,-10.33,-62,1,REJECT,UP,52328,1,21,2
2026-07-23 02:55:00,ONH,Overnight,52326,NEG,1,0,-45,0,REJECT,DOWN,52314,4,11,21
2026-07-23 03:05:00,Call Wall 0DTE,Gamma,52300,NEG,1,-2.67,-74,0,BREAK,DOWN,52263,1,1,53
2026-07-23 03:15:00,Pivot,Session,52235,NEG,1,-21.67,-139,0,BREAK,DOWN,52190,1,2,104
2026-07-23 03:20:00,PWL,PriorWeek,52174,NEG,1,-26,-185,0,BREAK,UP,52209,1,45,0
2026-07-23 03:20:00,ONM,Overnight,52180,NEG,1,-26,-185,0,BREAK,UP,52209,1,39,0
2026-07-23 04:15:00,Pivot,Session,52235,NEG,2,11,-111,0,REJECT,UP,52244,1,33,0
2026-07-23 05:10:00,Call Wall 0DTE,Gamma,52300,NEG,2,24,-54,0,BREAK,DOWN,52268,1,14,32
2026-07-23 05:10:00,ONH,Overnight,52326,NEG,2,24,-54,1,BREAK,DOWN,52268,1,0,58
2026-07-23 05:10:00,Y-Mid,Session,52316,NEG,2,24,-54,0,BREAK,DOWN,52268,1,0,48
2026-07-23 05:30:00,Pivot,Session,52235,NEG,3,-25.67,-144,1,REJECT,DOWN,52223,1,3,20
2026-07-23 06:35:00,Pivot,Session,52235,NEG,4,-7,-145,1,BREAK,UP,52273,2,49,6
2026-07-23 06:55:00,Call Wall 0DTE,Gamma,52300,NEG,3,18,-86,1,BREAK,UP,52315,3,20,13
2026-07-23 07:00:00,Y-Mid,Session,52316,NEG,3,19,-64,1,BREAK,DOWN,52296,2,4,20
2026-07-23 07:30:00,Pivot,Session,52235,NEG,5,-11.67,-171,1,BREAK,DOWN,52201,1,0,45
2026-07-23 07:40:00,PWL,PriorWeek,52174,NEG,2,-19.33,-196,0,BREAK,DOWN,52119,1,8,72
2026-07-23 07:40:00,ONM,Overnight,52180,NEG,2,-19.33,-196,1,BREAK,DOWN,52119,1,2,78
2026-07-23 08:25:00,ONL,Overnight,52035,NEG,1,-26,-330,0,BREAK,DOWN,51987,1,7,53
2026-07-23 08:30:00,Put Wall 0DTE,Gamma,52000,NEG,1,-26.33,-388,1,BREAK,DOWN,51981,1,5,28
2026-07-23 08:30:00,Put Wall,Gamma,52000,NEG,1,-26.33,-388,1,BREAK,DOWN,51981,1,5,28
2026-07-16 20:15:00,PMC,PriorMonth,52670,NEG,1,-1.67,295,1,BREAK,DOWN,52646,2,5,27
2026-07-16 20:20:00,PWM,PriorWeek,52644,NEG,1,-15.67,271,0,REJECT,UP,52655,1,24,0
2026-07-16 23:05:00,R1,Session,52471,NEG,1,-4,116,0,BREAK,UP,52496,1,33,0
2026-07-17 00:50:00,PWC,PriorWeek,52375,NEG,1,-10.67,0,1,BREAK,UP,52407,3,37,15
2026-07-17 01:40:00,PWC,PriorWeek,52375,NEG,2,-1.33,-13,1,BREAK,DOWN,52335,1,0,52
2026-07-17 01:45:00,ONH,Overnight,52326,NEG,1,-8,-40,0,BREAK,UP,52358,1,32,0
2026-07-17 02:35:00,R1,Session,52471,NEG,1,17.33,92,1,BREAK,UP,52488,1,18,8
2026-07-17 03:35:00,R1,Session,52471,NEG,2,1,126,0,BREAK,UP,52494,1,44,0
2026-07-17 04:35:00,R1,Session,52471,NEG,3,-22.33,100,0,BREAK,DOWN,52441,1,27,33
2026-07-17 05:10:00,PWC,PriorWeek,52375,NEG,3,0.33,17,0,BREAK,UP,52390,1,28,0
2026-07-17 06:25:00,R1,Session,52471,NEG,4,9,86,1,BREAK,DOWN,52455,1,0,34
2026-07-17 07:25:00,R1,Session,52471,NEG,5,-22.67,99,0,BREAK,DOWN,52455,1,2,21
2026-07-17 08:25:00,R1,Session,52471,NEG,6,-10,84,1,REJECT,DOWN,52469,1,6,22
2026-07-17 09:05:00,PWC,PriorWeek,52375,NEG,4,-22,-6,1,BREAK,DOWN,52306,1,0,72
2026-07-17 09:10:00,Call Wall 0DTE,Gamma,52300,NEG,1,-25.67,-69,0,BREAK,DOWN,52281,1,16,38
2026-07-17 09:10:00,ONH,Overnight,52326,NEG,2,-25.67,-69,1,BREAK,DOWN,52281,1,0,64
2026-07-17 09:10:00,Y-Mid,Session,52316,NEG,1,-25.67,-69,1,BREAK,DOWN,52281,1,0,54
2026-07-17 09:30:00,Pivot,Session,52235,NEG,1,-10.33,-123,0,REJECT,UP,52242,1,76,7
2026-07-17 09:40:00,PWL,PriorWeek,52174,NEG,1,-10.33,-104,0,BREAK,UP,52459,1,299,0
2026-07-17 09:40:00,ONM,Overnight,52180,NEG,1,-10.33,-104,0,BREAK,UP,52459,1,293,0
2026-07-17 09:45:00,R1,Session,52471,NEG,7,-1.33,84,1,BREAK,UP,52562,1,145,24
2026-07-17 09:55:00,PMC,PriorMonth,52670,NEG,1,106.67,346,0,BREAK,DOWN,52644,1,62,26
2026-07-17 10:00:00,PWM,PriorWeek,52644,NEG,1,106.67,346,0,BREAK,UP,52710,2,88,7
2026-07-17 11:10:00,PMC,PriorMonth,52670,NEG,2,12,306,0,BREAK,UP,52696,1,49,0
2026-07-17 11:20:00,PWM,PriorWeek,52644,NEG,2,-10.67,279,0,REJECT,UP,52654,1,31,31
2026-07-17 12:10:00,PMC,PriorMonth,52670,NEG,3,11.67,268,1,REJECT,DOWN,52662,1,0,55
2026-07-17 12:30:00,PWM,PriorWeek,52644,NEG,3,7.33,228,1,BREAK,DOWN,52629,1,9,47
2026-07-17 14:05:00,R1,Session,52471,NEG,8,-21.33,103,0,REJECT,UP,52476,1,33,5
2026-07-17 15:20:00,PWC,PriorWeek,52375,NEG,5,-22.33,-4,1,REJECT,UP,52382,1,23,11
2026-07-17 16:10:00,ONH,Overnight,52326,NEG,3,-14.67,-41,0,BREAK,UP,52342,1,24,0
2026-07-17 16:20:00,Y-Mid,Session,52316,NEG,2,-22.33,-42,0,BREAK,UP,52340,1,29,0
2026-07-19 18:05:00,PWC,PriorWeek,52375,NEG,6,8.67,-10,1,BREAK,DOWN,52284,5,18,101
2026-07-19 18:10:00,Call Wall 0DTE,Gamma,52300,NEG,1,-1.33,-91,1,REJECT,DOWN,52290,1,0,62
2026-07-19 18:15:00,Pivot,Session,52235,NEG,1,-31,-85,0,BREAK,UP,52287,1,59,0
2026-07-19 18:30:00,ONH,Overnight,52326,NEG,1,7.67,-71,1,BREAK,DOWN,52281,1,0,46
2026-07-19 18:30:00,Y-Mid,Session,52316,NEG,1,7.67,-71,1,BREAK,DOWN,52281,1,0,36
2026-07-19 19:30:00,Y-Mid,Session,52316,NEG,2,0.33,-60,1,REJECT,UP,52318,1,24,3
2026-07-19 19:40:00,ONH,Overnight,52326,NEG,2,0.33,-60,1,REJECT,UP,52334,3,23,18
2026-07-19 20:15:00,PWC,PriorWeek,52375,NEG,1,11,14,0,REJECT,UP,52383,1,24,0
2026-07-19 21:25:00,PWC,PriorWeek,52375,NEG,2,6.67,17,0,REJECT,UP,52385,3,23,17
2026-07-19 21:55:00,ONH,Overnight,52326,NEG,3,-11,-52,1,BREAK,DOWN,52283,2,4,43
2026-07-19 21:55:00,Y-Mid,Session,52316,NEG,3,-11,-52,0,BREAK,DOWN,52283,2,14,33
2026-07-19 22:05:00,Call Wall 0DTE,Gamma,52300,NEG,2,-11.67,-92,1,BREAK,UP,52341,2,46,18
2026-07-19 22:50:00,ONH,Overnight,52326,NEG,4,11.67,-29,0,BREAK,UP,52345,1,28,0
2026-07-19 23:20:00,Y-Mid,Session,52316,NEG,4,-3,-54,0,BREAK,UP,52333,2,23,3
2026-07-20 00:25:00,Y-Mid,Session,52316,NEG,1,-7,-51,0,BREAK,UP,52339,1,23,0
2026-07-20 00:30:00,ONH,Overnight,52326,NEG,1,-5.67,-45,0,BREAK,UP,52362,4,36,14
2026-07-20 00:50:00,PWC,PriorWeek,52375,NEG,1,13.67,1,0,BREAK,UP,52396,2,21,0
2026-07-20 01:55:00,ONH,Overnight,52326,NEG,2,-12.33,-41,0,HOLD,NONE,52315,6,16,11
2026-07-20 02:20:00,Call Wall 0DTE,Gamma,52300,NEG,1,-3,-51,0,REJECT,UP,52304,2,21,0
2026-07-20 02:20:00,Y-Mid,Session,52316,NEG,2,-1,-50,0,HOLD,NONE,52304,6,14,14
2026-07-20 03:20:00,ONH,Overnight,52326,NEG,3,-0.33,-54,1,REJECT,DOWN,52313,3,0,26
2026-07-20 03:25:00,Call Wall 0DTE,Gamma,52300,NEG,2,6,-62,0,BREAK,UP,52354,1,67,0
2026-07-20 03:25:00,Y-Mid,Session,52316,NEG,3,-0.33,-54,0,BREAK,UP,52354,4,51,16
2026-07-20 03:35:00,PWC,PriorWeek,52375,NEG,2,12,6,0,BREAK,UP,52435,1,65,0
2026-07-20 03:55:00,R1,Session,52471,NEG,1,26,49,1,BREAK,DOWN,52410,1,0,67
2026-07-20 05:25:00,R1,Session,52471,NEG,2,2.33,86,1,BREAK,UP,52500,4,33,16
2026-07-20 06:30:00,R1,Session,52471,NEG,3,-12,91,1,BREAK,UP,52486,2,17,6
2026-07-20 07:35:00,R1,Session,52471,NEG,4,-5,100,0,BREAK,UP,52598,1,151,0
2026-07-20 08:40:00,R1,Session,52471,NEG,5,-14.67,120,0,REJECT,UP,52481,2,33,9
2026-07-20 09:35:00,R1,Session,52471,NEG,6,8.67,116,0,BREAK,UP,52512,1,162,0
2026-07-20 10:00:00,PWC,PriorWeek,52375,NEG,3,-30,-33,1,BREAK,DOWN,52319,1,0,56
2026-07-20 10:05:00,ONH,Overnight,52326,NEG,4,-58,-56,1,REJECT,DOWN,52320,1,52,26
2026-07-20 10:05:00,Y-Mid,Session,52316,NEG,4,-58,-56,0,REJECT,UP,52320,1,62,16
2026-07-20 10:10:00,Call Wall 0DTE,Gamma,52300,NEG,3,-52,-55,0,BREAK,DOWN,52264,1,35,41
2026-07-20 10:30:00,Pivot,Session,52235,NEG,1,-22,-134,0,REJECT,UP,52245,1,22,15
2026-07-20 10:45:00,PWL,PriorWeek,52174,NEG,1,-17.33,-147,0,BREAK,UP,52198,1,75,0
2026-07-20 10:45:00,ONM,Overnight,52180,NEG,1,-17.33,-147,0,BREAK,UP,52198,1,69,0
2026-07-20 11:30:00,Pivot,Session,52235,NEG,2,18,-107,0,BREAK,UP,52277,1,55,0
2026-07-20 12:20:00,Call Wall 0DTE,Gamma,52300,NEG,4,2,-81,1,REJECT,DOWN,52287,1,0,40
2026-07-20 12:40:00,Pivot,Session,52235,NEG,3,-8.67,-138,0,BREAK,UP,52272,1,37,0
2026-07-20 12:50:00,PWL,PriorWeek,52174,NEG,2,-9,-139,0,BREAK,UP,52278,1,112,0
2026-07-20 12:50:00,ONM,Overnight,52180,NEG,2,-9,-139,0,BREAK,UP,52278,1,106,0
2026-07-20 14:05:00,PWL,PriorWeek,52174,NEG,3,-7.33,-197,0,BREAK,UP,52206,2,50,19
2026-07-20 14:05:00,ONM,Overnight,52180,NEG,3,-7.33,-197,1,BREAK,UP,52206,2,44,25
2026-07-20 14:25:00,Pivot,Session,52235,NEG,4,12.33,-141,1,BREAK,DOWN,52170,1,5,66
2026-07-20 14:55:00,ONL,Overnight,52035,NEG,1,-48.33,-328,0,BREAK,UP,52072,1,45,0
2026-07-20 15:25:00,Put Wall 0DTE,Gamma,52000,NEG,1,-18,-345,0,BREAK,UP,52063,1,71,0
2026-07-20 15:25:00,Put Wall,Gamma,52000,NEG,1,-18,-345,0,BREAK,UP,52063,1,71,0
2026-07-20 18:10:00,ONL,Overnight,52035,NEG,2,12.33,-298,0,BREAK,UP,52070,1,41,0
2026-07-20 20:25:00,ONL,Overnight,52035,NEG,3,-13.33,-293,0,BREAK,UP,52070,1,48,0
2026-07-20 23:55:00,PWL,PriorWeek,52174,NEG,4,4.33,-204,1,HOLD,NONE,52181,6,8,11
2026-07-21 00:00:00,ONM,Overnight,52180,NEG,4,-0.67,-199,1,BREAK,UP,52200,2,21,7
2026-07-21 00:05:00,ONM,Overnight,52180,NEG,1,5,-175,0,BREAK,UP,52212,1,37,0
2026-07-21 01:10:00,Pivot,Session,52235,NEG,1,3.67,-138,0,BREAK,DOWN,52219,6,2,23
2026-07-21 01:45:00,Pivot,Session,52235,NEG,2,10.67,-145,1,BREAK,UP,52261,1,26,1
2026-07-21 03:10:00,Call Wall 0DTE,Gamma,52300,NEG,1,-1.67,-84,1,BREAK,DOWN,52274,1,0,27
2026-07-21 03:10:00,ONH,Overnight,52326,NEG,1,-1.67,-84,1,BREAK,DOWN,52274,1,0,53
2026-07-21 03:10:00,Y-Mid,Session,52316,NEG,1,-1.67,-84,1,BREAK,DOWN,52274,1,0,43
2026-07-21 03:10:00,Pivot,Session,52235,NEG,3,-1.67,-84,0,BREAK,UP,52274,1,65,0
2026-07-21 04:10:00,Pivot,Session,52235,NEG,4,0.33,-171,1,REJECT,DOWN,52234,1,0,35
2026-07-21 05:35:00,Pivot,Session,52235,NEG,5,-8,-140,1,BREAK,UP,52254,1,26,7
2026-07-21 06:35:00,Pivot,Session,52235,NEG,6,6.33,-130,0,BREAK,UP,52308,1,81,0
2026-07-21 06:40:00,Call Wall 0DTE,Gamma,52300,NEG,2,0.67,-67,0,REJECT,UP,52301,1,26,0
2026-07-21 06:40:00,Y-Mid,Session,52316,NEG,2,0.67,-67,1,BREAK,DOWN,52301,1,10,15
2026-07-21 06:45:00,ONH,Overnight,52326,NEG,2,21,-74,1,BREAK,DOWN,52308,1,0,37
2026-07-21 07:45:00,Pivot,Session,52235,NEG,7,-10.33,-163,1,BREAK,DOWN,52218,3,19,19
2026-07-21 08:10:00,ONM,Overnight,52180,NEG,2,-6.67,-187,0,BREAK,UP,52204,1,40,0
2026-07-21 08:25:00,PWL,PriorWeek,52174,NEG,1,3.67,-200,0,BREAK,UP,52195,1,25,8
2026-07-21 09:10:00,ONM,Overnight,52180,NEG,3,17,-176,0,BREAK,UP,52199,1,36,0
2026-07-21 09:25:00,Pivot,Session,52235,NEG,8,7.33,-134,0,BREAK,UP,52260,1,25,2
2026-07-21 09:40:00,Call Wall 0DTE,Gamma,52300,NEG,3,10.33,-93,1,BREAK,DOWN,52199,1,0,106
2026-07-21 09:50:00,PWL,PriorWeek,52174,NEG,2,-20.33,-268,1,REJECT,UP,52187,1,29,67
2026-07-21 10:10:00,ONH,Overnight,52326,NEG,3,37,-51,1,REJECT,UP,52333,1,46,38
2026-07-21 10:10:00,Y-Mid,Session,52316,NEG,3,37,-51,0,BREAK,UP,52333,1,56,28
2026-07-21 10:20:00,PWC,PriorWeek,52375,NEG,1,45.67,-42,1,REJECT,DOWN,52367,2,14,58
2026-07-21 10:45:00,Call Wall 0DTE,Gamma,52300,NEG,4,7.67,-69,0,BREAK,UP,52317,1,32,19
2026-07-21 11:10:00,ONH,Overnight,52326,NEG,4,1.33,-56,1,BREAK,UP,52344,1,28,17
2026-07-21 11:10:00,Y-Mid,Session,52316,NEG,4,1.33,-56,0,BREAK,UP,52344,1,38,7
2026-07-21 11:25:00,PWC,PriorWeek,52375,NEG,2,11.67,27,0,REJECT,UP,52384,1,66,0
2026-07-21 12:20:00,R1,Session,52471,NEG,1,8.67,97,0,BREAK,UP,52494,1,32,0
2026-07-21 13:40:00,R1,Session,52471,NEG,2,-12,102,0,BREAK,UP,52496,1,36,0
2026-07-21 21:30:00,PWC,PriorWeek,52375,NEG,3,-7,2,0,BREAK,UP,52390,1,22,0
2026-07-22 02:30:00,PWC,PriorWeek,52375,NEG,1,-10.33,-13,1,BREAK,DOWN,52350,1,0,28
2026-07-22 02:55:00,ONH,Overnight,52326,NEG,1,-1,-52,1,BREAK,UP,52346,1,25,2
2026-07-22 02:55:00,Y-Mid,Session,52316,NEG,1,-1,-52,0,BREAK,UP,52346,1,35,0
2026-07-22 03:10:00,Call Wall 0DTE,Gamma,52300,NEG,1,-9,-86,1,REJECT,DOWN,52287,1,0,30
2026-07-22 03:35:00,PWC,PriorWeek,52375,NEG,2,15.33,-20,1,BREAK,DOWN,52321,1,0,54
2026-07-22 04:10:00,ONH,Overnight,52326,NEG,2,6.33,12,0,BREAK,UP,52364,1,67,0
2026-07-22 04:10:00,Y-Mid,Session,52316,NEG,2,6.33,12,0,BREAK,UP,52364,1,77,0
2026-07-22 04:35:00,PWC,PriorWeek,52375,NEG,3,5,36,0,BREAK,UP,52428,1,59,0
2026-07-22 06:00:00,PWC,PriorWeek,52375,NEG,4,5,-1,1,BREAK,UP,52401,1,29,0
2026-07-22 06:30:00,R1,Session,52471,NEG,1,-3,92,1,REJECT,DOWN,52470,1,6,24
2026-07-22 07:15:00,PWC,PriorWeek,52375,NEG,5,-7,29,0,REJECT,UP,52377,1,46,7
2026-07-22 07:50:00,Call Wall 0DTE,Gamma,52300,NEG,2,1.67,-55,0,BREAK,UP,52361,1,64,0
2026-07-22 07:50:00,ONH,Overnight,52326,NEG,3,1.67,-55,1,BREAK,UP,52361,1,38,13
2026-07-22 07:50:00,Y-Mid,Session,52316,NEG,3,1.67,-55,0,BREAK,UP,52361,1,48,3
2026-07-22 08:40:00,PWC,PriorWeek,52375,NEG,6,-0.33,10,0,BREAK,UP,52390,1,22,0
2026-07-22 09:05:00,Call Wall 0DTE,Gamma,52300,NEG,3,-6.67,-33,0,BREAK,UP,52368,1,68,0
2026-07-22 09:05:00,ONH,Overnight,52326,NEG,4,-6.67,-33,0,BREAK,UP,52368,1,42,0
2026-07-22 09:05:00,Y-Mid,Session,52316,NEG,4,-6.67,-33,0,BREAK,UP,52368,1,52,0
2026-07-22 09:40:00,PWC,PriorWeek,52375,NEG,7,27.33,145,0,BREAK,UP,52519,1,186,0
2026-07-22 09:40:00,R1,Session,52471,NEG,2,27.33,145,0,BREAK,UP,52519,1,90,0
2026-07-22 10:05:00,PMC,PriorMonth,52670,NEG,1,27.33,269,1,BREAK,UP,52688,1,27,44
2026-07-22 10:05:00,PWM,PriorWeek,52644,NEG,1,27.33,269,1,BREAK,UP,52688,1,53,18
2026-07-22 10:50:00,R1,Session,52471,NEG,3,-13.33,103,0,BREAK,UP,52503,1,46,0
2026-07-22 12:15:00,PWM,PriorWeek,52644,NEG,2,6.33,258,1,BREAK,DOWN,52610,1,0,35
2026-07-22 15:00:00,R1,Session,52471,NEG,4,-4,122,0,BREAK,UP,52493,1,32,0
2026-07-22 16:05:00,R1,Session,52471,NEG,5,7.33,51,1,BREAK,DOWN,52445,1,65,43
2026-07-22 18:05:00,R1,Session,52471,NEG,6,1,95,1,BREAK,DOWN,52400,1,0,85
2026-07-22 18:40:00,PWC,PriorWeek,52375,NEG,8,-8.67,2,0,BREAK,DOWN,52357,1,6,21
2026-07-22 19:50:00,PWC,PriorWeek,52375,NEG,9,-4,6,0,BREAK,UP,52399,3,30,0
2026-07-22 20:45:00,R1,Session,52471,NEG,7,12.33,79,1,BREAK,UP,52488,3,19,17
2026-07-22 21:40:00,R1,Session,52471,NEG,8,-2.33,118,0,REJECT,UP,52478,1,21,0
2026-07-22 23:35:00,PWC,PriorWeek,52375,NEG,10,-10.67,17,0,REJECT,UP,52389,1,29,0
2026-07-23 00:10:00,PWC,PriorWeek,52375,NEG,1,-7,-1,1,REJECT,DOWN,52373,1,5,25
2026-07-23 01:30:00,PWC,PriorWeek,52375,NEG,2,-5.33,-1,1,BREAK,UP,52400,5,25,13
2026-07-23 02:50:00,Y-Mid,Session,52316,NEG,1,-10.33,-62,1,REJECT,UP,52328,1,21,2
2026-07-23 02:55:00,ONH,Overnight,52326,NEG,1,0,-45,0,REJECT,DOWN,52314,4,11,21
2026-07-23 03:05:00,Call Wall 0DTE,Gamma,52300,NEG,1,-2.67,-74,0,BREAK,DOWN,52263,1,1,53
2026-07-23 03:15:00,Pivot,Session,52235,NEG,1,-21.67,-139,0,BREAK,DOWN,52190,1,2,104
2026-07-23 03:20:00,PWL,PriorWeek,52174,NEG,1,-26,-185,0,BREAK,UP,52209,1,45,0
2026-07-23 03:20:00,ONM,Overnight,52180,NEG,1,-26,-185,0,BREAK,UP,52209,1,39,0
2026-07-23 04:15:00,Pivot,Session,52235,NEG,2,11,-111,0,REJECT,UP,52244,1,33,0
2026-07-23 05:10:00,Call Wall 0DTE,Gamma,52300,NEG,2,24,-54,0,BREAK,DOWN,52268,1,14,32
2026-07-23 05:10:00,ONH,Overnight,52326,NEG,2,24,-54,1,BREAK,DOWN,52268,1,0,58
2026-07-23 05:10:00,Y-Mid,Session,52316,NEG,2,24,-54,0,BREAK,DOWN,52268,1,0,48
2026-07-23 05:30:00,Pivot,Session,52235,NEG,3,-25.67,-144,1,REJECT,DOWN,52223,1,3,20
2026-07-23 06:35:00,Pivot,Session,52235,NEG,4,-7,-145,1,BREAK,UP,52273,2,49,6
2026-07-23 06:55:00,Call Wall 0DTE,Gamma,52300,NEG,3,18,-86,1,BREAK,UP,52315,3,20,13
2026-07-23 07:00:00,Y-Mid,Session,52316,NEG,3,19,-64,1,BREAK,DOWN,52296,2,4,20
2026-07-23 07:30:00,Pivot,Session,52235,NEG,5,-11.67,-171,1,BREAK,DOWN,52201,1,0,45
2026-07-23 07:40:00,PWL,PriorWeek,52174,NEG,2,-19.33,-196,0,BREAK,DOWN,52119,1,8,72
2026-07-23 07:40:00,ONM,Overnight,52180,NEG,2,-19.33,-196,1,BREAK,DOWN,52119,1,2,78
2026-07-23 08:25:00,ONL,Overnight,52035,NEG,1,-26,-330,0,BREAK,DOWN,51987,1,7,53
2026-07-23 08:30:00,Put Wall 0DTE,Gamma,52000,NEG,1,-26.33,-388,1,BREAK,DOWN,51981,1,5,28
2026-07-23 08:30:00,Put Wall,Gamma,52000,NEG,1,-26.33,-388,1,BREAK,DOWN,51981,1,5,28
2026-07-23 09:30:00,Put Wall 0DTE,Gamma,51800,POS,2,-11.67,-595,1,BREAK,DOWN,51770,1,2,60
2026-07-23 09:30:00,S3,Session,51775,POS,1,-11.67,-595,0,REJECT,DOWN,51770,1,27,35
2026-07-23 09:40:00,ONL,Overnight,51995,POS,2,-15,-340,0,BREAK,UP,52041,1,79,16
2026-07-23 09:40:00,S2,Session,52018,POS,1,-15,-340,0,BREAK,UP,52041,1,56,39
2026-07-23 11:30:00,Put Wall 0DTE,Gamma,51800,POS,3,-15,-562,0,BREAK,DOWN,51782,1,14,28
2026-07-23 11:30:00,S3,Session,51775,POS,2,-15,-562,0,REJECT,UP,51782,1,39,3
2026-07-16 19:55:00,R1,Session,52693,UNK,1,-1.33,322,0,HOLD,NONE,52704,6,14,9
2026-07-16 20:15:00,PMC,PriorMonth,52670,UNK,1,-1.67,295,1,BREAK,DOWN,52646,2,5,27
2026-07-16 20:20:00,PWM,PriorWeek,52644,UNK,1,-15.67,271,0,REJECT,UP,52655,1,24,0
2026-07-16 22:15:00,ONH,Overnight,52515,UNK,1,-12,139,1,REJECT,DOWN,52507,5,11,20
2026-07-16 22:45:00,Y-Mid,Session,52492,UNK,1,-2.67,132,0,HOLD,NONE,52499,6,17,9
2026-07-16 23:05:00,Pivot,Session,52477,UNK,1,0.33,101,1,BREAK,UP,52496,2,27,11
2026-07-16 23:35:00,ONH,Overnight,52515,UNK,2,1.67,140,1,BREAK,DOWN,52495,5,17,23
2026-07-16 23:40:00,Y-Mid,Session,52492,UNK,2,5,120,0,REJECT,UP,52505,1,21,0
2026-07-17 00:50:00,PWC,PriorWeek,52375,UNK,1,-10.67,0,1,BREAK,UP,52407,3,37,15
2026-07-17 01:40:00,PWC,PriorWeek,52375,UNK,2,-1.33,-13,1,BREAK,DOWN,52335,1,0,52
2026-07-17 02:40:00,Y-Mid,Session,52492,UNK,1,15,113,1,BREAK,DOWN,52453,1,0,42
2026-07-17 02:40:00,Pivot,Session,52477,UNK,1,17.33,92,1,BREAK,DOWN,52453,2,12,27
2026-07-17 03:35:00,Pivot,Session,52477,UNK,2,1,126,0,BREAK,UP,52494,1,38,0
2026-07-17 03:40:00,ONH,Overnight,52515,UNK,1,9.33,119,1,REJECT,DOWN,52503,1,0,35
2026-07-17 03:45:00,Y-Mid,Session,52492,UNK,2,9.33,119,0,BREAK,UP,52523,2,37,12
2026-07-17 04:35:00,Pivot,Session,52477,UNK,3,-22.33,100,1,BREAK,DOWN,52441,1,21,39
2026-07-17 04:40:00,Y-Mid,Session,52492,UNK,3,-11.33,66,1,BREAK,DOWN,52419,1,0,81
2026-07-17 05:10:00,PWC,PriorWeek,52375,UNK,3,0.33,17,0,BREAK,UP,52390,1,28,0
2026-07-17 07:05:00,ONH,Overnight,52515,UNK,2,-0.67,141,0,BREAK,DOWN,52497,1,31,18
2026-07-17 07:05:00,Y-Mid,Session,52492,UNK,4,-0.67,141,0,REJECT,UP,52497,1,54,0
2026-07-17 07:05:00,Pivot,Session,52477,UNK,4,-0.67,141,0,BREAK,UP,52497,1,69,0
2026-07-17 08:05:00,ONH,Overnight,52515,UNK,3,-1,131,1,BREAK,DOWN,52482,1,1,34
2026-07-17 08:10:00,Y-Mid,Session,52492,UNK,5,-2.33,107,1,REJECT,DOWN,52480,1,0,22
2026-07-17 08:20:00,Pivot,Session,52477,UNK,5,-8.67,105,0,BREAK,DOWN,52459,2,9,18
2026-07-17 09:05:00,PWC,PriorWeek,52375,UNK,4,-22,-6,1,BREAK,DOWN,52306,1,0,72
2026-07-17 09:10:00,Call Wall 0DTE,Gamma,52300,UNK,1,-25.67,-69,0,BREAK,DOWN,52281,1,16,38
2026-07-17 09:30:00,S1,Session,52234,UNK,1,-10.33,-123,0,REJECT,UP,52242,1,77,6
2026-07-17 09:40:00,PWL,PriorWeek,52174,UNK,1,-10.33,-104,0,BREAK,UP,52459,1,299,0
2026-07-17 09:50:00,ONH,Overnight,52515,UNK,4,69,187,0,BREAK,UP,52721,1,215,0
2026-07-17 09:50:00,Y-Mid,Session,52492,UNK,6,69,187,0,BREAK,UP,52721,1,238,0
2026-07-17 09:50:00,Pivot,Session,52477,UNK,6,69,187,0,BREAK,UP,52721,1,253,0
2026-07-17 09:55:00,PMC,PriorMonth,52670,UNK,1,106.67,346,0,BREAK,DOWN,52644,1,62,26
2026-07-17 09:55:00,R1,Session,52693,UNK,1,106.67,346,0,BREAK,DOWN,52644,1,39,49
2026-07-17 10:00:00,PWM,PriorWeek,52644,UNK,1,106.67,346,0,BREAK,UP,52710,2,88,7
2026-07-17 10:55:00,R1,Session,52693,UNK,2,-16.67,317,1,BREAK,UP,52728,1,38,14
2026-07-17 11:10:00,PMC,PriorMonth,52670,UNK,2,12,306,0,BREAK,UP,52696,1,49,0
2026-07-17 11:20:00,PWM,PriorWeek,52644,UNK,2,-10.67,279,0,REJECT,UP,52654,1,31,31
2026-07-17 11:55:00,R1,Session,52693,UNK,3,-12,317,1,BREAK,UP,52713,1,22,25
2026-07-17 12:10:00,PMC,PriorMonth,52670,UNK,3,11.67,268,1,REJECT,DOWN,52662,1,0,55
2026-07-17 12:30:00,PWM,PriorWeek,52644,UNK,3,7.33,228,1,BREAK,DOWN,52629,1,9,47
2026-07-17 13:55:00,ONH,Overnight,52515,UNK,5,-16.33,148,0,BREAK,DOWN,52494,1,10,32
2026-07-17 14:00:00,Y-Mid,Session,52492,UNK,7,-23,119,0,REJECT,DOWN,52478,1,8,26
2026-07-17 14:15:00,Pivot,Session,52477,UNK,7,-21.33,103,0,REJECT,DOWN,52467,3,27,33
2026-07-17 15:20:00,PWC,PriorWeek,52375,UNK,5,-22.33,-4,1,REJECT,UP,52382,1,23,11
2026-07-19 18:05:00,PWC,PriorWeek,52375,UNK,6,8.67,-10,1,BREAK,DOWN,52284,5,18,101
2026-07-19 18:10:00,Call Wall 0DTE,Gamma,52300,UNK,1,-1.33,-91,1,REJECT,DOWN,52290,1,0,62
2026-07-19 20:15:00,PWC,PriorWeek,52375,UNK,1,11,14,0,REJECT,UP,52383,1,24,0
2026-07-19 21:25:00,PWC,PriorWeek,52375,UNK,2,6.67,17,0,REJECT,UP,52385,3,23,17
2026-07-19 22:05:00,Call Wall 0DTE,Gamma,52300,UNK,2,-11.67,-92,1,BREAK,UP,52341,2,46,18
2026-07-20 00:50:00,PWC,PriorWeek,52375,UNK,1,13.67,1,0,BREAK,UP,52396,2,21,0
2026-07-20 02:20:00,Call Wall 0DTE,Gamma,52300,UNK,1,-3,-51,0,REJECT,UP,52304,2,21,0
2026-07-20 03:25:00,Call Wall 0DTE,Gamma,52300,UNK,2,6,-62,0,BREAK,UP,52354,1,67,0
2026-07-20 03:35:00,PWC,PriorWeek,52375,UNK,2,12,6,0,BREAK,UP,52435,1,65,0
2026-07-20 04:10:00,Pivot,Session,52477,UNK,1,-9.67,80,1,BREAK,DOWN,52444,1,0,43
2026-07-20 05:10:00,Pivot,Session,52477,UNK,2,2.33,86,1,BREAK,DOWN,52462,1,0,22
2026-07-20 05:35:00,Y-Mid,Session,52492,UNK,1,4,93,1,BREAK,UP,52507,3,24,24
2026-07-20 05:55:00,ONH,Overnight,52515,UNK,1,8,132,1,REJECT,UP,52521,4,25,17
2026-07-20 06:35:00,Pivot,Session,52477,UNK,3,-7.67,105,0,REJECT,DOWN,52467,4,15,20
2026-07-20 06:40:00,Y-Mid,Session,52492,UNK,2,2,92,1,BREAK,DOWN,52457,1,0,47
2026-07-20 07:25:00,ONH,Overnight,52515,UNK,2,10.33,137,1,BREAK,DOWN,52495,4,7,31
2026-07-20 07:35:00,Pivot,Session,52477,UNK,4,-5,100,1,BREAK,UP,52598,1,145,4
2026-07-20 07:40:00,Y-Mid,Session,52492,UNK,3,-9.67,223,0,BREAK,UP,52596,1,124,0
2026-07-20 08:10:00,ONH,Overnight,52515,UNK,3,-4.33,107,1,BREAK,DOWN,52493,1,2,43
2026-07-20 08:40:00,Y-Mid,Session,52492,UNK,4,7,94,1,REJECT,DOWN,52481,1,3,25
2026-07-20 08:40:00,Pivot,Session,52477,UNK,5,-14.67,120,0,REJECT,UP,52481,2,27,15
2026-07-20 09:35:00,ONH,Overnight,52515,UNK,4,8.67,116,1,REJECT,DOWN,52512,1,118,44
2026-07-20 09:35:00,Pivot,Session,52477,UNK,6,8.67,116,0,BREAK,UP,52512,1,156,6
2026-07-20 09:40:00,Y-Mid,Session,52492,UNK,5,15.67,137,0,BREAK,UP,52516,1,43,28
2026-07-20 10:00:00,PWC,PriorWeek,52375,UNK,3,-30,-33,1,BREAK,DOWN,52319,1,0,56
2026-07-20 10:10:00,Call Wall 0DTE,Gamma,52300,UNK,3,-52,-55,0,BREAK,DOWN,52264,1,35,41
2026-07-20 10:30:00,S1,Session,52234,UNK,1,-22,-134,0,REJECT,UP,52245,1,23,14
2026-07-20 10:45:00,PWL,PriorWeek,52174,UNK,1,-17.33,-147,0,BREAK,UP,52198,1,75,0
2026-07-20 11:30:00,S1,Session,52234,UNK,2,18,-107,0,BREAK,UP,52277,1,56,0
2026-07-20 12:20:00,Call Wall 0DTE,Gamma,52300,UNK,4,2,-81,1,REJECT,DOWN,52287,1,0,40
2026-07-20 12:40:00,S1,Session,52234,UNK,3,-8.67,-138,0,BREAK,UP,52272,1,38,0
2026-07-20 12:50:00,PWL,PriorWeek,52174,UNK,2,-9,-139,0,BREAK,UP,52278,1,112,0
2026-07-20 13:25:00,ONM,Overnight,52128,UNK,1,-15.67,-234,0,BREAK,UP,52148,1,40,0
2026-07-20 14:05:00,PWL,PriorWeek,52174,UNK,3,-7.33,-197,0,BREAK,UP,52206,2,50,19
2026-07-20 14:25:00,S1,Session,52234,UNK,4,12.33,-141,1,BREAK,DOWN,52170,1,6,65
2026-07-20 14:40:00,ONM,Overnight,52128,UNK,2,-11,-257,1,BREAK,DOWN,52103,1,22,28
2026-07-20 15:20:00,S2,Session,52018,UNK,1,1.67,-363,1,REJECT,UP,52030,1,31,19
2026-07-20 21:40:00,ONM,Overnight,52128,UNK,3,-5.67,-254,1,BREAK,DOWN,52102,6,12,27
2026-07-20 23:05:00,ONM,Overnight,52128,UNK,4,14,-244,0,BREAK,UP,52148,5,20,11
2026-07-20 23:55:00,PWL,PriorWeek,52174,UNK,4,4.33,-204,1,HOLD,NONE,52181,6,8,11
2026-07-21 00:15:00,S1,Session,52234,UNK,1,12,-155,1,BREAK,DOWN,52218,1,0,17
2026-07-21 01:45:00,S1,Session,52234,UNK,2,-0.33,-144,1,BREAK,UP,52261,3,27,6
2026-07-21 02:35:00,S1,Session,52234,UNK,3,0.67,-141,1,BREAK,UP,52255,1,23,0
2026-07-21 03:10:00,Call Wall 0DTE,Gamma,52300,UNK,1,-1.67,-84,1,BREAK,DOWN,52274,1,0,27
2026-07-21 03:45:00,S1,Session,52234,UNK,4,-15.33,-163,1,REJECT,DOWN,52230,3,14,44
2026-07-21 04:35:00,S1,Session,52234,UNK,5,8.33,-140,0,BREAK,UP,52255,1,22,2
2026-07-21 05:35:00,S1,Session,52234,UNK,6,-8,-140,0,BREAK,UP,52254,1,27,6
2026-07-21 06:35:00,S1,Session,52234,UNK,7,6.33,-130,0,BREAK,UP,52308,1,82,0
2026-07-21 06:40:00,Call Wall 0DTE,Gamma,52300,UNK,2,0.67,-67,0,REJECT,UP,52301,1,26,0
2026-07-21 07:40:00,S1,Session,52234,UNK,8,-10.33,-163,1,REJECT,UP,52243,2,20,15
2026-07-21 08:25:00,PWL,PriorWeek,52174,UNK,1,3.67,-200,0,BREAK,UP,52195,1,25,8
2026-07-21 08:50:00,ONM,Overnight,52128,UNK,1,-7.33,-225,0,BREAK,UP,52198,1,74,0
2026-07-21 09:25:00,S1,Session,52234,UNK,9,7.33,-134,0,BREAK,UP,52260,1,26,1
2026-07-21 09:40:00,Call Wall 0DTE,Gamma,52300,UNK,3,10.33,-93,1,BREAK,DOWN,52199,1,0,106
2026-07-21 09:50:00,PWL,PriorWeek,52174,UNK,2,-20.33,-268,1,REJECT,UP,52187,1,29,67
2026-07-21 09:50:00,ONM,Overnight,52128,UNK,2,-20.33,-268,1,BREAK,UP,52187,1,75,21
2026-07-21 10:20:00,PWC,PriorWeek,52375,UNK,1,45.67,-42,1,REJECT,DOWN,52367,2,14,58
2026-07-21 10:45:00,Call Wall 0DTE,Gamma,52300,UNK,4,7.67,-69,0,BREAK,UP,52317,1,32,19
2026-07-21 11:25:00,PWC,PriorWeek,52375,UNK,2,11.67,27,0,REJECT,UP,52384,1,66,0
2026-07-21 12:20:00,Pivot,Session,52477,UNK,1,8.67,97,1,BREAK,UP,52494,1,26,6
2026-07-21 12:25:00,Y-Mid,Session,52492,UNK,1,14,119,0,BREAK,UP,52510,1,25,17
2026-07-21 12:30:00,ONH,Overnight,52515,UNK,1,14,135,1,BREAK,UP,52545,1,42,4
2026-07-21 13:30:00,ONH,Overnight,52515,UNK,2,-15,137,1,BREAK,DOWN,52497,1,2,23
2026-07-21 13:30:00,Y-Mid,Session,52492,UNK,2,-15,137,0,REJECT,UP,52497,1,25,0
2026-07-21 13:40:00,Pivot,Session,52477,UNK,2,-12,102,1,BREAK,UP,52496,1,30,2
2026-07-21 21:30:00,PWC,PriorWeek,52375,UNK,3,-7,2,0,BREAK,UP,52390,1,22,0
2026-07-22 02:30:00,PWC,PriorWeek,52375,UNK,1,-10.33,-13,1,BREAK,DOWN,52350,1,0,28
2026-07-22 03:10:00,Call Wall 0DTE,Gamma,52300,UNK,1,-9,-86,1,REJECT,DOWN,52287,1,0,30
2026-07-22 03:35:00,PWC,PriorWeek,52375,UNK,2,15.33,-20,1,BREAK,DOWN,52321,1,0,54
2026-07-22 04:35:00,PWC,PriorWeek,52375,UNK,3,5,36,0,BREAK,UP,52428,1,59,0
2026-07-22 06:00:00,PWC,PriorWeek,52375,UNK,4,5,-1,1,BREAK,UP,52401,1,29,0
2026-07-22 06:30:00,Pivot,Session,52477,UNK,1,-3,92,1,REJECT,DOWN,52470,1,0,30
2026-07-22 07:15:00,PWC,PriorWeek,52375,UNK,5,-7,29,0,REJECT,UP,52377,1,46,7
2026-07-22 07:50:00,Call Wall 0DTE,Gamma,52300,UNK,2,1.67,-55,0,BREAK,UP,52361,1,64,0
2026-07-22 08:40:00,PWC,PriorWeek,52375,UNK,6,-0.33,10,0,BREAK,UP,52390,1,22,0
2026-07-22 09:05:00,Call Wall 0DTE,Gamma,52300,UNK,3,-6.67,-33,0,BREAK,UP,52368,1,68,0
2026-07-22 09:40:00,PWC,PriorWeek,52375,UNK,7,27.33,145,0,BREAK,UP,52519,1,186,0
2026-07-22 09:40:00,ONH,Overnight,52515,UNK,1,27.33,145,0,REJECT,UP,52519,1,46,26
2026-07-22 09:40:00,Y-Mid,Session,52492,UNK,1,27.33,145,0,BREAK,UP,52519,1,69,3
2026-07-22 09:40:00,Pivot,Session,52477,UNK,2,27.33,145,0,BREAK,UP,52519,1,84,0
2026-07-22 10:05:00,PMC,PriorMonth,52670,UNK,1,27.33,269,1,BREAK,UP,52688,1,27,44
2026-07-22 10:05:00,PWM,PriorWeek,52644,UNK,1,27.33,269,1,BREAK,UP,52688,1,53,18
2026-07-22 10:05:00,R1,Session,52693,UNK,1,27.33,269,1,REJECT,DOWN,52688,1,4,67
2026-07-22 10:40:00,ONH,Overnight,52515,UNK,2,-32.33,132,1,REJECT,DOWN,52513,1,3,34
2026-07-22 10:50:00,Pivot,Session,52477,UNK,3,-13.33,103,0,BREAK,UP,52503,1,40,0
2026-07-22 10:50:00,Y-Mid,Session,52492,UNK,2,-28.33,138,0,REJECT,UP,52503,2,28,18
2026-07-22 12:15:00,PWM,PriorWeek,52644,UNK,2,6.33,258,1,BREAK,DOWN,52610,1,0,35
2026-07-22 13:30:00,ONH,Overnight,52515,UNK,3,-11.67,135,1,BREAK,DOWN,52500,1,6,18
2026-07-22 13:40:00,Y-Mid,Session,52492,UNK,3,-17.33,135,0,BREAK,UP,52524,1,33,0
2026-07-22 14:20:00,Pivot,Session,52477,UNK,4,-8.67,110,0,BREAK,UP,52501,1,37,0
2026-07-22 14:35:00,ONH,Overnight,52515,UNK,4,1,124,1,BREAK,DOWN,52491,2,1,31
2026-07-22 15:05:00,Y-Mid,Session,52492,UNK,4,9.33,116,1,BREAK,DOWN,52460,6,14,37
2026-07-22 15:25:00,Pivot,Session,52477,UNK,5,-14,100,1,BREAK,DOWN,52438,1,0,41
2026-07-22 16:10:00,ONH,Overnight,52515,UNK,5,-6,70,1,BREAK,DOWN,52460,1,0,100
2026-07-22 16:10:00,Y-Mid,Session,52492,UNK,5,-6,70,1,BREAK,DOWN,52460,1,0,77
2026-07-22 18:05:00,Pivot,Session,52477,UNK,6,1,95,1,BREAK,DOWN,52400,1,0,91
2026-07-22 18:40:00,PWC,PriorWeek,52375,UNK,8,-8.67,2,0,BREAK,DOWN,52357,1,6,21
2026-07-22 19:50:00,PWC,PriorWeek,52375,UNK,9,-4,6,0,BREAK,UP,52399,3,30,0
2026-07-22 20:35:00,Pivot,Session,52477,UNK,7,12.33,79,1,REJECT,DOWN,52472,1,0,23
2026-07-22 21:05:00,Y-Mid,Session,52492,UNK,6,4,113,1,BREAK,UP,52510,4,23,11
2026-07-22 21:10:00,ONH,Overnight,52515,UNK,6,1.33,135,1,BREAK,DOWN,52491,1,0,24
2026-07-22 21:35:00,Pivot,Session,52477,UNK,8,-1.33,106,0,BREAK,UP,52493,1,17,13
2026-07-22 22:00:00,Y-Mid,Session,52492,UNK,7,-3.33,110,1,BREAK,DOWN,52476,1,0,17
2026-07-22 23:35:00,PWC,PriorWeek,52375,UNK,10,-10.67,17,0,REJECT,UP,52389,1,29,0
2026-07-23 00:10:00,PWC,PriorWeek,52375,UNK,1,-7,-1,1,REJECT,DOWN,52373,1,5,25
2026-07-23 01:30:00,PWC,PriorWeek,52375,UNK,2,-5.33,-1,1,BREAK,UP,52400,5,25,13
2026-07-23 03:05:00,Call Wall 0DTE,Gamma,52300,UNK,1,-2.67,-74,0,BREAK,DOWN,52263,1,1,53
2026-07-23 03:15:00,S1,Session,52234,UNK,1,-21.67,-139,0,BREAK,DOWN,52190,1,3,103
2026-07-23 03:20:00,PWL,PriorWeek,52174,UNK,1,-26,-185,0,BREAK,UP,52209,1,45,0
2026-07-23 03:20:00,ONM,Overnight,52128,UNK,1,-26,-185,0,BREAK,UP,52209,1,91,0
2026-07-23 04:15:00,S1,Session,52234,UNK,2,11,-111,0,REJECT,UP,52244,1,34,0
2026-07-23 05:10:00,Call Wall 0DTE,Gamma,52300,UNK,2,24,-54,0,BREAK,DOWN,52268,1,14,32
2026-07-23 05:35:00,S1,Session,52234,UNK,3,-25.67,-144,1,REJECT,DOWN,52221,2,4,21
2026-07-23 06:35:00,S1,Session,52234,UNK,4,-7,-145,1,BREAK,UP,52273,2,50,5
2026-07-23 06:55:00,Call Wall 0DTE,Gamma,52300,UNK,3,18,-86,1,BREAK,UP,52315,3,20,13
2026-07-23 07:30:00,S1,Session,52234,UNK,5,-11.67,-171,1,BREAK,DOWN,52201,1,0,44
2026-07-23 07:40:00,PWL,PriorWeek,52174,UNK,2,-19.33,-196,0,BREAK,DOWN,52119,1,8,72
2026-07-23 07:45:00,ONM,Overnight,52128,UNK,2,-22,-256,1,BREAK,DOWN,52112,1,11,32
2026-07-23 08:30:00,S2,Session,52018,UNK,1,-26.33,-388,1,BREAK,DOWN,51981,1,0,46
2026-07-23 09:30:00,S3,Session,51775,UNK,1,-11.67,-595,0,REJECT,DOWN,51770,1,27,35
2026-07-23 09:35:00,ONL,Overnight,51740,UNK,1,-16.67,-605,0,BREAK,UP,52035,1,309,4
2026-07-23 09:40:00,S2,Session,52018,UNK,2,-15,-340,0,BREAK,UP,52041,1,56,39
2026-07-23 11:30:00,S3,Session,51775,UNK,2,-15,-562,0,REJECT,UP,51782,1,39,3
2026-07-23 11:40:00,ONL,Overnight,51740,UNK,2,-14.33,-567,0,BREAK,UP,51900,1,164,0
2026-07-23 12:30:00,S2,Session,52018,UNK,3,16.67,-376,1,BREAK,DOWN,51983,1,0,45
2026-07-23 14:15:00,S3,Session,51775,UNK,3,-22.67,-574,0,BREAK,UP,51793,1,47,0
2026-07-19 18:35:00,Call Wall 0DTE,Gamma,52300,UNK,1,4.67,-94,1,BREAK,UP,52318,1,18,26
2026-07-19 20:15:00,PWC,PriorWeek,52375,UNK,1,11,14,0,REJECT,UP,52383,1,24,0
2026-07-19 21:25:00,PWC,PriorWeek,52375,UNK,2,6.67,17,0,REJECT,UP,52385,3,23,17
2026-07-19 22:05:00,Call Wall 0DTE,Gamma,52300,UNK,2,-11.67,-92,1,BREAK,UP,52341,2,46,18
2026-07-20 00:50:00,PWC,PriorWeek,52375,UNK,1,13.67,1,0,BREAK,UP,52396,2,21,0
2026-07-20 02:20:00,Call Wall 0DTE,Gamma,52300,UNK,1,-3,-51,0,REJECT,UP,52304,2,21,0
2026-07-20 03:25:00,Call Wall 0DTE,Gamma,52300,UNK,2,6,-62,0,BREAK,UP,52354,1,67,0
2026-07-20 03:35:00,PWC,PriorWeek,52375,UNK,2,12,6,0,BREAK,UP,52435,1,65,0
2026-07-20 04:10:00,Pivot,Session,52477,UNK,1,-9.67,80,1,BREAK,DOWN,52444,1,0,43
2026-07-20 05:10:00,Pivot,Session,52477,UNK,2,2.33,86,1,BREAK,DOWN,52462,1,0,22
2026-07-20 05:35:00,Y-Mid,Session,52492,UNK,1,4,93,1,BREAK,UP,52507,3,24,24
2026-07-20 05:55:00,ONH,Overnight,52515,UNK,1,8,132,1,REJECT,UP,52521,4,25,17
2026-07-20 06:35:00,Pivot,Session,52477,UNK,3,-7.67,105,0,REJECT,DOWN,52467,4,15,20
2026-07-20 06:40:00,Y-Mid,Session,52492,UNK,2,2,92,1,BREAK,DOWN,52457,1,0,47
2026-07-20 07:25:00,ONH,Overnight,52515,UNK,2,10.33,137,1,BREAK,DOWN,52495,4,7,31
2026-07-20 07:35:00,Pivot,Session,52477,UNK,4,-5,100,1,BREAK,UP,52598,1,145,4
2026-07-20 07:40:00,Y-Mid,Session,52492,UNK,3,-9.67,223,0,BREAK,UP,52596,1,124,0
2026-07-20 08:10:00,ONH,Overnight,52515,UNK,3,-4.33,107,1,BREAK,DOWN,52493,1,2,43
2026-07-20 08:40:00,Y-Mid,Session,52492,UNK,4,7,94,1,REJECT,DOWN,52481,1,3,25
2026-07-20 08:40:00,Pivot,Session,52477,UNK,5,-14.67,120,0,REJECT,UP,52481,2,27,15
2026-07-20 09:35:00,ONH,Overnight,52515,UNK,4,8.67,116,1,REJECT,DOWN,52512,1,118,44
2026-07-20 09:35:00,Pivot,Session,52477,UNK,6,8.67,116,0,BREAK,UP,52512,1,156,6
2026-07-20 09:40:00,Y-Mid,Session,52492,UNK,5,15.67,137,0,BREAK,UP,52516,1,43,28
2026-07-20 10:00:00,PWC,PriorWeek,52375,UNK,3,-30,-33,1,BREAK,DOWN,52319,1,0,56
2026-07-20 10:10:00,Call Wall 0DTE,Gamma,52300,UNK,3,-52,-55,0,BREAK,DOWN,52264,1,35,41
2026-07-20 10:30:00,S1,Session,52234,UNK,1,-22,-134,0,REJECT,UP,52245,1,23,14
2026-07-20 10:45:00,PWL,PriorWeek,52174,UNK,1,-17.33,-147,0,BREAK,UP,52198,1,75,0
2026-07-20 11:30:00,S1,Session,52234,UNK,2,18,-107,0,BREAK,UP,52277,1,56,0
2026-07-20 12:20:00,Call Wall 0DTE,Gamma,52300,UNK,4,2,-81,1,REJECT,DOWN,52287,1,0,40
2026-07-20 12:40:00,S1,Session,52234,UNK,3,-8.67,-138,0,BREAK,UP,52272,1,38,0
2026-07-20 12:50:00,PWL,PriorWeek,52174,UNK,2,-9,-139,0,BREAK,UP,52278,1,112,0
2026-07-20 13:25:00,ONM,Overnight,52128,UNK,1,-15.67,-234,0,BREAK,UP,52148,1,40,0
2026-07-20 14:05:00,PWL,PriorWeek,52174,UNK,3,-7.33,-197,0,BREAK,UP,52206,2,50,19
2026-07-20 14:25:00,S1,Session,52234,UNK,4,12.33,-141,1,BREAK,DOWN,52170,1,6,65
2026-07-20 14:40:00,ONM,Overnight,52128,UNK,2,-11,-257,1,BREAK,DOWN,52103,1,22,28
2026-07-20 15:20:00,S2,Session,52018,UNK,1,1.67,-363,1,REJECT,UP,52030,1,31,19
2026-07-20 21:40:00,ONM,Overnight,52128,UNK,3,-5.67,-254,1,BREAK,DOWN,52102,6,12,27
2026-07-20 23:05:00,ONM,Overnight,52128,UNK,4,14,-244,0,BREAK,UP,52148,5,20,11
2026-07-20 23:55:00,PWL,PriorWeek,52174,UNK,4,4.33,-204,1,HOLD,NONE,52181,6,8,11
2026-07-21 00:15:00,S1,Session,52234,UNK,1,12,-155,1,BREAK,DOWN,52218,1,0,17
2026-07-21 01:45:00,S1,Session,52234,UNK,2,-0.33,-144,1,BREAK,UP,52261,3,27,6
2026-07-21 02:35:00,S1,Session,52234,UNK,3,0.67,-141,1,BREAK,UP,52255,1,23,0
2026-07-21 03:10:00,Call Wall 0DTE,Gamma,52300,UNK,1,-1.67,-84,1,BREAK,DOWN,52274,1,0,27
2026-07-21 03:45:00,S1,Session,52234,UNK,4,-15.33,-163,1,REJECT,DOWN,52230,3,14,44
2026-07-21 04:35:00,S1,Session,52234,UNK,5,8.33,-140,0,BREAK,UP,52255,1,22,2
2026-07-21 05:35:00,S1,Session,52234,UNK,6,-8,-140,0,BREAK,UP,52254,1,27,6
2026-07-21 06:35:00,S1,Session,52234,UNK,7,6.33,-130,0,BREAK,UP,52308,1,82,0
2026-07-21 06:40:00,Call Wall 0DTE,Gamma,52300,UNK,2,0.67,-67,0,REJECT,UP,52301,1,26,0
2026-07-21 07:40:00,S1,Session,52234,UNK,8,-10.33,-163,1,REJECT,UP,52243,2,20,15
2026-07-21 08:25:00,PWL,PriorWeek,52174,UNK,1,3.67,-200,0,BREAK,UP,52195,1,25,8
2026-07-21 08:50:00,ONM,Overnight,52128,UNK,1,-7.33,-225,0,BREAK,UP,52198,1,74,0
2026-07-21 09:25:00,S1,Session,52234,UNK,9,7.33,-134,0,BREAK,UP,52260,1,26,1
2026-07-21 09:40:00,Call Wall 0DTE,Gamma,52300,UNK,3,10.33,-93,1,BREAK,DOWN,52199,1,0,106
2026-07-21 09:50:00,PWL,PriorWeek,52174,UNK,2,-20.33,-268,1,REJECT,UP,52187,1,29,67
2026-07-21 09:50:00,ONM,Overnight,52128,UNK,2,-20.33,-268,1,BREAK,UP,52187,1,75,21
2026-07-21 10:20:00,PWC,PriorWeek,52375,UNK,1,45.67,-42,1,REJECT,DOWN,52367,2,14,58
2026-07-21 10:45:00,Call Wall 0DTE,Gamma,52300,UNK,4,7.67,-69,0,BREAK,UP,52317,1,32,19
2026-07-21 11:25:00,PWC,PriorWeek,52375,UNK,2,11.67,27,0,REJECT,UP,52384,1,66,0
2026-07-21 12:20:00,Pivot,Session,52477,UNK,1,8.67,97,1,BREAK,UP,52494,1,26,6
2026-07-21 12:25:00,Y-Mid,Session,52492,UNK,1,14,119,0,BREAK,UP,52510,1,25,17
2026-07-21 12:30:00,ONH,Overnight,52515,UNK,1,14,135,1,BREAK,UP,52545,1,42,4
2026-07-21 13:30:00,ONH,Overnight,52515,UNK,2,-15,137,1,BREAK,DOWN,52497,1,2,23
2026-07-21 13:30:00,Y-Mid,Session,52492,UNK,2,-15,137,0,REJECT,UP,52497,1,25,0
2026-07-21 13:40:00,Pivot,Session,52477,UNK,2,-12,102,1,BREAK,UP,52496,1,30,2
2026-07-21 21:30:00,PWC,PriorWeek,52375,UNK,3,-7,2,0,BREAK,UP,52390,1,22,0
2026-07-22 02:30:00,PWC,PriorWeek,52375,UNK,1,-10.33,-13,1,BREAK,DOWN,52350,1,0,28
2026-07-22 03:10:00,Call Wall 0DTE,Gamma,52300,UNK,1,-9,-86,1,REJECT,DOWN,52287,1,0,30
2026-07-22 03:35:00,PWC,PriorWeek,52375,UNK,2,15.33,-20,1,BREAK,DOWN,52321,1,0,54
2026-07-22 04:35:00,PWC,PriorWeek,52375,UNK,3,5,36,0,BREAK,UP,52428,1,59,0
2026-07-22 06:00:00,PWC,PriorWeek,52375,UNK,4,5,-1,1,BREAK,UP,52401,1,29,0
2026-07-22 06:30:00,Pivot,Session,52477,UNK,1,-3,92,1,REJECT,DOWN,52470,1,0,30
2026-07-22 07:15:00,PWC,PriorWeek,52375,UNK,5,-7,29,0,REJECT,UP,52377,1,46,7
2026-07-22 07:50:00,Call Wall 0DTE,Gamma,52300,UNK,2,1.67,-55,0,BREAK,UP,52361,1,64,0
2026-07-22 08:40:00,PWC,PriorWeek,52375,UNK,6,-0.33,10,0,BREAK,UP,52390,1,22,0
2026-07-22 09:05:00,Call Wall 0DTE,Gamma,52300,UNK,3,-6.67,-33,0,BREAK,UP,52368,1,68,0
2026-07-22 09:40:00,PWC,PriorWeek,52375,UNK,7,27.33,145,0,BREAK,UP,52519,1,186,0
2026-07-22 09:40:00,ONH,Overnight,52515,UNK,1,27.33,145,0,REJECT,UP,52519,1,46,26
2026-07-22 09:40:00,Y-Mid,Session,52492,UNK,1,27.33,145,0,BREAK,UP,52519,1,69,3
2026-07-22 09:40:00,Pivot,Session,52477,UNK,2,27.33,145,0,BREAK,UP,52519,1,84,0
2026-07-22 10:05:00,PMC,PriorMonth,52670,UNK,1,27.33,269,1,BREAK,UP,52688,1,27,44
2026-07-22 10:05:00,PWM,PriorWeek,52644,UNK,1,27.33,269,1,BREAK,UP,52688,1,53,18
2026-07-22 10:05:00,R1,Session,52693,UNK,1,27.33,269,1,REJECT,DOWN,52688,1,4,67
2026-07-22 10:40:00,ONH,Overnight,52515,UNK,2,-32.33,132,1,REJECT,DOWN,52513,1,3,34
2026-07-22 10:50:00,Pivot,Session,52477,UNK,3,-13.33,103,0,BREAK,UP,52503,1,40,0
2026-07-22 10:50:00,Y-Mid,Session,52492,UNK,2,-28.33,138,0,REJECT,UP,52503,2,28,18
2026-07-22 12:15:00,PWM,PriorWeek,52644,UNK,2,6.33,258,1,BREAK,DOWN,52610,1,0,35
2026-07-22 13:30:00,ONH,Overnight,52515,UNK,3,-11.67,135,1,BREAK,DOWN,52500,1,6,18
2026-07-22 13:40:00,Y-Mid,Session,52492,UNK,3,-17.33,135,0,BREAK,UP,52524,1,33,0
2026-07-22 14:20:00,Pivot,Session,52477,UNK,4,-8.67,110,0,BREAK,UP,52501,1,37,0
2026-07-22 14:35:00,ONH,Overnight,52515,UNK,4,1,124,1,BREAK,DOWN,52491,2,1,31
2026-07-22 15:05:00,Y-Mid,Session,52492,UNK,4,9.33,116,1,BREAK,DOWN,52460,6,14,37
2026-07-22 15:25:00,Pivot,Session,52477,UNK,5,-14,100,1,BREAK,DOWN,52438,1,0,41
2026-07-22 16:10:00,ONH,Overnight,52515,UNK,5,-6,70,1,BREAK,DOWN,52460,1,0,100
2026-07-22 16:10:00,Y-Mid,Session,52492,UNK,5,-6,70,1,BREAK,DOWN,52460,1,0,77
2026-07-22 18:05:00,Pivot,Session,52477,UNK,6,1,95,1,BREAK,DOWN,52400,1,0,91
2026-07-22 18:40:00,PWC,PriorWeek,52375,UNK,8,-8.67,2,0,BREAK,DOWN,52357,1,6,21
2026-07-22 19:50:00,PWC,PriorWeek,52375,UNK,9,-4,6,0,BREAK,UP,52399,3,30,0
2026-07-22 20:35:00,Pivot,Session,52477,UNK,7,12.33,79,1,REJECT,DOWN,52472,1,0,23
2026-07-22 21:05:00,Y-Mid,Session,52492,UNK,6,4,113,1,BREAK,UP,52510,4,23,11
2026-07-22 21:10:00,ONH,Overnight,52515,UNK,6,1.33,135,1,BREAK,DOWN,52491,1,0,24
2026-07-22 21:35:00,Pivot,Session,52477,UNK,8,-1.33,106,0,BREAK,UP,52493,1,17,13
2026-07-22 22:00:00,Y-Mid,Session,52492,UNK,7,-3.33,110,1,BREAK,DOWN,52476,1,0,17
2026-07-22 23:35:00,PWC,PriorWeek,52375,UNK,10,-10.67,17,0,REJECT,UP,52389,1,29,0
2026-07-23 00:10:00,PWC,PriorWeek,52375,UNK,1,-7,-1,1,REJECT,DOWN,52373,1,5,25
2026-07-23 01:30:00,PWC,PriorWeek,52375,UNK,2,-5.33,-1,1,BREAK,UP,52400,5,25,13
2026-07-23 03:05:00,Call Wall 0DTE,Gamma,52300,UNK,1,-2.67,-74,0,BREAK,DOWN,52263,1,1,53
2026-07-23 03:15:00,S1,Session,52234,UNK,1,-21.67,-139,0,BREAK,DOWN,52190,1,3,103
2026-07-23 03:20:00,PWL,PriorWeek,52174,UNK,1,-26,-185,0,BREAK,UP,52209,1,45,0
2026-07-23 03:20:00,ONM,Overnight,52128,UNK,1,-26,-185,0,BREAK,UP,52209,1,91,0
2026-07-23 04:15:00,S1,Session,52234,UNK,2,11,-111,0,REJECT,UP,52244,1,34,0
2026-07-23 05:10:00,Call Wall 0DTE,Gamma,52300,UNK,2,24,-54,0,BREAK,DOWN,52268,1,14,32
2026-07-23 05:35:00,S1,Session,52234,UNK,3,-25.67,-144,1,REJECT,DOWN,52221,2,4,21
2026-07-23 06:35:00,S1,Session,52234,UNK,4,-7,-145,1,BREAK,UP,52273,2,50,5
2026-07-23 06:55:00,Call Wall 0DTE,Gamma,52300,UNK,3,18,-86,1,BREAK,UP,52315,3,20,13
2026-07-23 07:30:00,S1,Session,52234,UNK,5,-11.67,-171,1,BREAK,DOWN,52201,1,0,44
2026-07-23 07:40:00,PWL,PriorWeek,52174,UNK,2,-19.33,-196,0,BREAK,DOWN,52119,1,8,72
2026-07-23 07:45:00,ONM,Overnight,52128,UNK,2,-22,-256,1,BREAK,DOWN,52112,1,11,32
2026-07-23 08:30:00,S2,Session,52018,UNK,1,-26.33,-388,1,BREAK,DOWN,51981,1,0,46
2026-07-23 09:30:00,S3,Session,51775,UNK,1,-11.67,-595,0,REJECT,DOWN,51770,1,27,35
2026-07-23 09:35:00,ONL,Overnight,51740,UNK,1,-16.67,-605,0,BREAK,UP,52035,1,309,4
2026-07-23 09:40:00,S2,Session,52018,UNK,2,-15,-340,0,BREAK,UP,52041,1,56,39
2026-07-23 11:30:00,S3,Session,51775,UNK,2,-15,-562,0,REJECT,UP,51782,1,39,3
2026-07-23 11:40:00,ONL,Overnight,51740,UNK,2,-14.33,-567,0,BREAK,UP,51900,1,164,0
2026-07-23 12:30:00,S2,Session,52018,UNK,3,16.67,-376,1,BREAK,DOWN,51983,1,0,45
2026-07-23 14:15:00,S3,Session,51775,UNK,3,-22.67,-574,0,BREAK,UP,51793,1,47,0
2026-07-19 18:35:00,Call Wall 0DTE,Gamma,52300,UNK,1,4.67,-94,1,BREAK,UP,52318,1,18,26
2026-07-19 20:15:00,PWC,PriorWeek,52375,UNK,1,11,14,0,REJECT,UP,52383,1,24,0
2026-07-19 21:25:00,PWC,PriorWeek,52375,UNK,2,6.67,17,0,REJECT,UP,52385,3,23,17
2026-07-19 22:05:00,Call Wall 0DTE,Gamma,52300,UNK,2,-11.67,-92,1,BREAK,UP,52341,2,46,18
2026-07-20 00:50:00,PWC,PriorWeek,52375,UNK,1,13.67,1,0,BREAK,UP,52396,2,21,0
2026-07-20 02:20:00,Call Wall 0DTE,Gamma,52300,UNK,1,-3,-51,0,REJECT,UP,52304,2,21,0
2026-07-20 03:25:00,Call Wall 0DTE,Gamma,52300,UNK,2,6,-62,0,BREAK,UP,52354,1,67,0
2026-07-20 03:35:00,PWC,PriorWeek,52375,UNK,2,12,6,0,BREAK,UP,52435,1,65,0
2026-07-20 04:10:00,Pivot,Session,52477,UNK,1,-9.67,80,1,BREAK,DOWN,52444,1,0,43
2026-07-20 05:10:00,Pivot,Session,52477,UNK,2,2.33,86,1,BREAK,DOWN,52462,1,0,22
2026-07-20 05:35:00,Y-Mid,Session,52492,UNK,1,4,93,1,BREAK,UP,52507,3,24,24
2026-07-20 05:55:00,ONH,Overnight,52515,UNK,1,8,132,1,REJECT,UP,52521,4,25,17
2026-07-20 06:35:00,Pivot,Session,52477,UNK,3,-7.67,105,0,REJECT,DOWN,52467,4,15,20
2026-07-20 06:40:00,Y-Mid,Session,52492,UNK,2,2,92,1,BREAK,DOWN,52457,1,0,47
2026-07-20 07:25:00,ONH,Overnight,52515,UNK,2,10.33,137,1,BREAK,DOWN,52495,4,7,31
2026-07-20 07:35:00,Pivot,Session,52477,UNK,4,-5,100,1,BREAK,UP,52598,1,145,4
2026-07-20 07:40:00,Y-Mid,Session,52492,UNK,3,-9.67,223,0,BREAK,UP,52596,1,124,0
2026-07-20 08:10:00,ONH,Overnight,52515,UNK,3,-4.33,107,1,BREAK,DOWN,52493,1,2,43
2026-07-20 08:40:00,Y-Mid,Session,52492,UNK,4,7,94,1,REJECT,DOWN,52481,1,3,25
2026-07-20 08:40:00,Pivot,Session,52477,UNK,5,-14.67,120,0,REJECT,UP,52481,2,27,15
2026-07-20 09:35:00,ONH,Overnight,52515,UNK,4,8.67,116,1,REJECT,DOWN,52512,1,118,44
2026-07-20 09:35:00,Pivot,Session,52477,UNK,6,8.67,116,0,BREAK,UP,52512,1,156,6
2026-07-20 09:40:00,Y-Mid,Session,52492,UNK,5,15.67,137,0,BREAK,UP,52516,1,43,28
2026-07-20 10:00:00,PWC,PriorWeek,52375,UNK,3,-30,-33,1,BREAK,DOWN,52319,1,0,56
2026-07-20 10:10:00,Call Wall 0DTE,Gamma,52300,UNK,3,-52,-55,0,BREAK,DOWN,52264,1,35,41
2026-07-20 10:30:00,S1,Session,52234,UNK,1,-22,-134,0,REJECT,UP,52245,1,23,14
2026-07-20 10:45:00,PWL,PriorWeek,52174,UNK,1,-17.33,-147,0,BREAK,UP,52198,1,75,0
2026-07-20 11:30:00,S1,Session,52234,UNK,2,18,-107,0,BREAK,UP,52277,1,56,0
2026-07-20 12:20:00,Call Wall 0DTE,Gamma,52300,UNK,4,2,-81,1,REJECT,DOWN,52287,1,0,40
2026-07-20 12:40:00,S1,Session,52234,UNK,3,-8.67,-138,0,BREAK,UP,52272,1,38,0
2026-07-20 12:50:00,PWL,PriorWeek,52174,UNK,2,-9,-139,0,BREAK,UP,52278,1,112,0
2026-07-20 13:25:00,ONM,Overnight,52128,UNK,1,-15.67,-234,0,BREAK,UP,52148,1,40,0
2026-07-20 14:05:00,PWL,PriorWeek,52174,UNK,3,-7.33,-197,0,BREAK,UP,52206,2,50,19
2026-07-20 14:25:00,S1,Session,52234,UNK,4,12.33,-141,1,BREAK,DOWN,52170,1,6,65
2026-07-20 14:40:00,ONM,Overnight,52128,UNK,2,-11,-257,1,BREAK,DOWN,52103,1,22,28
2026-07-20 15:20:00,S2,Session,52018,UNK,1,1.67,-363,1,REJECT,UP,52030,1,31,19
2026-07-20 21:40:00,ONM,Overnight,52128,UNK,3,-5.67,-254,1,BREAK,DOWN,52102,6,12,27
2026-07-20 23:05:00,ONM,Overnight,52128,UNK,4,14,-244,0,BREAK,UP,52148,5,20,11
2026-07-20 23:55:00,PWL,PriorWeek,52174,UNK,4,4.33,-204,1,HOLD,NONE,52181,6,8,11
2026-07-21 00:15:00,S1,Session,52234,UNK,1,12,-155,1,BREAK,DOWN,52218,1,0,17
2026-07-21 01:45:00,S1,Session,52234,UNK,2,-0.33,-144,1,BREAK,UP,52261,3,27,6
2026-07-21 02:35:00,S1,Session,52234,UNK,3,0.67,-141,1,BREAK,UP,52255,1,23,0
2026-07-21 03:10:00,Call Wall 0DTE,Gamma,52300,UNK,1,-1.67,-84,1,BREAK,DOWN,52274,1,0,27
2026-07-21 03:45:00,S1,Session,52234,UNK,4,-15.33,-163,1,REJECT,DOWN,52230,3,14,44
2026-07-21 04:35:00,S1,Session,52234,UNK,5,8.33,-140,0,BREAK,UP,52255,1,22,2
2026-07-21 05:35:00,S1,Session,52234,UNK,6,-8,-140,0,BREAK,UP,52254,1,27,6
2026-07-21 06:35:00,S1,Session,52234,UNK,7,6.33,-130,0,BREAK,UP,52308,1,82,0
2026-07-21 06:40:00,Call Wall 0DTE,Gamma,52300,UNK,2,0.67,-67,0,REJECT,UP,52301,1,26,0
2026-07-21 07:40:00,S1,Session,52234,UNK,8,-10.33,-163,1,REJECT,UP,52243,2,20,15
2026-07-21 08:25:00,PWL,PriorWeek,52174,UNK,1,3.67,-200,0,BREAK,UP,52195,1,25,8
2026-07-21 08:50:00,ONM,Overnight,52128,UNK,1,-7.33,-225,0,BREAK,UP,52198,1,74,0
2026-07-21 09:25:00,S1,Session,52234,UNK,9,7.33,-134,0,BREAK,UP,52260,1,26,1
2026-07-21 09:40:00,Call Wall 0DTE,Gamma,52300,UNK,3,10.33,-93,1,BREAK,DOWN,52199,1,0,106
2026-07-21 09:50:00,PWL,PriorWeek,52174,UNK,2,-20.33,-268,1,REJECT,UP,52187,1,29,67
2026-07-21 09:50:00,ONM,Overnight,52128,UNK,2,-20.33,-268,1,BREAK,UP,52187,1,75,21
2026-07-21 10:20:00,PWC,PriorWeek,52375,UNK,1,45.67,-42,1,REJECT,DOWN,52367,2,14,58
2026-07-21 10:45:00,Call Wall 0DTE,Gamma,52300,UNK,4,7.67,-69,0,BREAK,UP,52317,1,32,19
2026-07-21 11:25:00,PWC,PriorWeek,52375,UNK,2,11.67,27,0,REJECT,UP,52384,1,66,0
2026-07-21 12:20:00,Pivot,Session,52477,UNK,1,8.67,97,1,BREAK,UP,52494,1,26,6
2026-07-21 12:25:00,Y-Mid,Session,52492,UNK,1,14,119,0,BREAK,UP,52510,1,25,17
2026-07-21 12:30:00,ONH,Overnight,52515,UNK,1,14,135,1,BREAK,UP,52545,1,42,4
2026-07-21 13:30:00,ONH,Overnight,52515,UNK,2,-15,137,1,BREAK,DOWN,52497,1,2,23
2026-07-21 13:30:00,Y-Mid,Session,52492,UNK,2,-15,137,0,REJECT,UP,52497,1,25,0
2026-07-21 13:40:00,Pivot,Session,52477,UNK,2,-12,102,1,BREAK,UP,52496,1,30,2
2026-07-21 21:30:00,PWC,PriorWeek,52375,UNK,3,-7,2,0,BREAK,UP,52390,1,22,0
2026-07-22 02:30:00,PWC,PriorWeek,52375,UNK,1,-10.33,-13,1,BREAK,DOWN,52350,1,0,28
2026-07-22 03:10:00,Call Wall 0DTE,Gamma,52300,UNK,1,-9,-86,1,REJECT,DOWN,52287,1,0,30
2026-07-22 03:35:00,PWC,PriorWeek,52375,UNK,2,15.33,-20,1,BREAK,DOWN,52321,1,0,54
2026-07-22 04:35:00,PWC,PriorWeek,52375,UNK,3,5,36,0,BREAK,UP,52428,1,59,0
2026-07-22 06:00:00,PWC,PriorWeek,52375,UNK,4,5,-1,1,BREAK,UP,52401,1,29,0
2026-07-22 06:30:00,Pivot,Session,52477,UNK,1,-3,92,1,REJECT,DOWN,52470,1,0,30
2026-07-22 07:15:00,PWC,PriorWeek,52375,UNK,5,-7,29,0,REJECT,UP,52377,1,46,7
2026-07-22 07:50:00,Call Wall 0DTE,Gamma,52300,UNK,2,1.67,-55,0,BREAK,UP,52361,1,64,0
2026-07-22 08:40:00,PWC,PriorWeek,52375,UNK,6,-0.33,10,0,BREAK,UP,52390,1,22,0
2026-07-22 09:05:00,Call Wall 0DTE,Gamma,52300,UNK,3,-6.67,-33,0,BREAK,UP,52368,1,68,0
2026-07-22 09:40:00,PWC,PriorWeek,52375,UNK,7,27.33,145,0,BREAK,UP,52519,1,186,0
2026-07-22 09:40:00,ONH,Overnight,52515,UNK,1,27.33,145,0,REJECT,UP,52519,1,46,26
2026-07-22 09:40:00,Y-Mid,Session,52492,UNK,1,27.33,145,0,BREAK,UP,52519,1,69,3
2026-07-22 09:40:00,Pivot,Session,52477,UNK,2,27.33,145,0,BREAK,UP,52519,1,84,0
2026-07-22 10:05:00,PMC,PriorMonth,52670,UNK,1,27.33,269,1,BREAK,UP,52688,1,27,44
2026-07-22 10:05:00,PWM,PriorWeek,52644,UNK,1,27.33,269,1,BREAK,UP,52688,1,53,18
2026-07-22 10:05:00,R1,Session,52693,UNK,1,27.33,269,1,REJECT,DOWN,52688,1,4,67
2026-07-22 10:40:00,ONH,Overnight,52515,UNK,2,-32.33,132,1,REJECT,DOWN,52513,1,3,34
2026-07-22 10:50:00,Pivot,Session,52477,UNK,3,-13.33,103,0,BREAK,UP,52503,1,40,0
2026-07-22 10:50:00,Y-Mid,Session,52492,UNK,2,-28.33,138,0,REJECT,UP,52503,2,28,18
2026-07-22 12:15:00,PWM,PriorWeek,52644,UNK,2,6.33,258,1,BREAK,DOWN,52610,1,0,35
2026-07-22 13:30:00,ONH,Overnight,52515,UNK,3,-11.67,135,1,BREAK,DOWN,52500,1,6,18
2026-07-22 13:40:00,Y-Mid,Session,52492,UNK,3,-17.33,135,0,BREAK,UP,52524,1,33,0
2026-07-22 14:20:00,Pivot,Session,52477,UNK,4,-8.67,110,0,BREAK,UP,52501,1,37,0
2026-07-22 14:35:00,ONH,Overnight,52515,UNK,4,1,124,1,BREAK,DOWN,52491,2,1,31
2026-07-22 15:05:00,Y-Mid,Session,52492,UNK,4,9.33,116,1,BREAK,DOWN,52460,6,14,37
2026-07-22 15:25:00,Pivot,Session,52477,UNK,5,-14,100,1,BREAK,DOWN,52438,1,0,41
2026-07-22 16:10:00,ONH,Overnight,52515,UNK,5,-6,70,1,BREAK,DOWN,52460,1,0,100
2026-07-22 16:10:00,Y-Mid,Session,52492,UNK,5,-6,70,1,BREAK,DOWN,52460,1,0,77
2026-07-22 18:05:00,Pivot,Session,52477,UNK,6,1,95,1,BREAK,DOWN,52400,1,0,91
2026-07-22 18:40:00,PWC,PriorWeek,52375,UNK,8,-8.67,2,0,BREAK,DOWN,52357,1,6,21
2026-07-22 19:50:00,PWC,PriorWeek,52375,UNK,9,-4,6,0,BREAK,UP,52399,3,30,0
2026-07-22 20:35:00,Pivot,Session,52477,UNK,7,12.33,79,1,REJECT,DOWN,52472,1,0,23
2026-07-22 21:05:00,Y-Mid,Session,52492,UNK,6,4,113,1,BREAK,UP,52510,4,23,11
2026-07-22 21:10:00,ONH,Overnight,52515,UNK,6,1.33,135,1,BREAK,DOWN,52491,1,0,24
2026-07-22 21:35:00,Pivot,Session,52477,UNK,8,-1.33,106,0,BREAK,UP,52493,1,17,13
2026-07-22 22:00:00,Y-Mid,Session,52492,UNK,7,-3.33,110,1,BREAK,DOWN,52476,1,0,17
2026-07-22 23:35:00,PWC,PriorWeek,52375,UNK,10,-10.67,17,0,REJECT,UP,52389,1,29,0
2026-07-23 00:10:00,PWC,PriorWeek,52375,UNK,1,-7,-1,1,REJECT,DOWN,52373,1,5,25
2026-07-23 01:30:00,PWC,PriorWeek,52375,UNK,2,-5.33,-1,1,BREAK,UP,52400,5,25,13
2026-07-23 03:05:00,Call Wall 0DTE,Gamma,52300,UNK,1,-2.67,-74,0,BREAK,DOWN,52263,1,1,53
2026-07-23 03:15:00,S1,Session,52234,UNK,1,-21.67,-139,0,BREAK,DOWN,52190,1,3,103
2026-07-23 03:20:00,PWL,PriorWeek,52174,UNK,1,-26,-185,0,BREAK,UP,52209,1,45,0
2026-07-23 03:20:00,ONM,Overnight,52128,UNK,1,-26,-185,0,BREAK,UP,52209,1,91,0
2026-07-23 04:15:00,S1,Session,52234,UNK,2,11,-111,0,REJECT,UP,52244,1,34,0
2026-07-23 05:10:00,Call Wall 0DTE,Gamma,52300,UNK,2,24,-54,0,BREAK,DOWN,52268,1,14,32
2026-07-23 05:35:00,S1,Session,52234,UNK,3,-25.67,-144,1,REJECT,DOWN,52221,2,4,21
2026-07-23 06:35:00,S1,Session,52234,UNK,4,-7,-145,1,BREAK,UP,52273,2,50,5
2026-07-23 06:55:00,Call Wall 0DTE,Gamma,52300,UNK,3,18,-86,1,BREAK,UP,52315,3,20,13
2026-07-23 07:30:00,S1,Session,52234,UNK,5,-11.67,-171,1,BREAK,DOWN,52201,1,0,44
2026-07-23 07:40:00,PWL,PriorWeek,52174,UNK,2,-19.33,-196,0,BREAK,DOWN,52119,1,8,72
2026-07-23 07:45:00,ONM,Overnight,52128,UNK,2,-22,-256,1,BREAK,DOWN,52112,1,11,32
2026-07-23 08:30:00,S2,Session,52018,UNK,1,-26.33,-388,1,BREAK,DOWN,51981,1,0,46
2026-07-23 09:30:00,S3,Session,51775,UNK,1,-11.67,-595,0,REJECT,DOWN,51770,1,27,35
2026-07-23 09:35:00,ONL,Overnight,51740,UNK,1,-16.67,-605,0,BREAK,UP,52035,1,309,4
2026-07-23 09:40:00,S2,Session,52018,UNK,2,-15,-340,0,BREAK,UP,52041,1,56,39
2026-07-23 11:30:00,S3,Session,51775,UNK,2,-15,-562,0,REJECT,UP,51782,1,39,3
2026-07-23 11:40:00,ONL,Overnight,51740,UNK,2,-14.33,-567,0,BREAK,UP,51900,1,164,0
2026-07-23 12:30:00,S2,Session,52018,UNK,3,16.67,-376,1,BREAK,DOWN,51983,1,0,45
2026-07-23 14:15:00,S3,Session,51775,UNK,3,-22.67,-574,0,BREAK,UP,51793,1,47,0
2026-07-19 18:35:00,Call Wall 0DTE,Gamma,52300,UNK,1,4.67,-94,1,BREAK,UP,52318,1,18,26
2026-07-19 20:15:00,PWC,PriorWeek,52375,UNK,1,11,14,0,REJECT,UP,52383,1,24,0
2026-07-19 21:25:00,PWC,PriorWeek,52375,UNK,2,6.67,17,0,REJECT,UP,52385,3,23,17
2026-07-19 22:05:00,Call Wall 0DTE,Gamma,52300,UNK,2,-11.67,-92,1,BREAK,UP,52341,2,46,18
2026-07-20 00:50:00,PWC,PriorWeek,52375,UNK,1,13.67,1,0,BREAK,UP,52396,2,21,0
2026-07-20 02:20:00,Call Wall 0DTE,Gamma,52300,UNK,1,-3,-51,0,REJECT,UP,52304,2,21,0
2026-07-20 03:25:00,Call Wall 0DTE,Gamma,52300,UNK,2,6,-62,0,BREAK,UP,52354,1,67,0
2026-07-20 03:35:00,PWC,PriorWeek,52375,UNK,2,12,6,0,BREAK,UP,52435,1,65,0
2026-07-20 04:10:00,Pivot,Session,52477,UNK,1,-9.67,80,1,BREAK,DOWN,52444,1,0,43
2026-07-20 05:10:00,Pivot,Session,52477,UNK,2,2.33,86,1,BREAK,DOWN,52462,1,0,22
2026-07-20 05:35:00,Y-Mid,Session,52492,UNK,1,4,93,1,BREAK,UP,52507,3,24,24
2026-07-20 05:55:00,ONH,Overnight,52515,UNK,1,8,132,1,REJECT,UP,52521,4,25,17
2026-07-20 06:35:00,Pivot,Session,52477,UNK,3,-7.67,105,0,REJECT,DOWN,52467,4,15,20
2026-07-20 06:40:00,Y-Mid,Session,52492,UNK,2,2,92,1,BREAK,DOWN,52457,1,0,47
2026-07-20 07:25:00,ONH,Overnight,52515,UNK,2,10.33,137,1,BREAK,DOWN,52495,4,7,31
2026-07-20 07:35:00,Pivot,Session,52477,UNK,4,-5,100,1,BREAK,UP,52598,1,145,4
2026-07-20 07:40:00,Y-Mid,Session,52492,UNK,3,-9.67,223,0,BREAK,UP,52596,1,124,0
2026-07-20 08:10:00,ONH,Overnight,52515,UNK,3,-4.33,107,1,BREAK,DOWN,52493,1,2,43
2026-07-20 08:40:00,Y-Mid,Session,52492,UNK,4,7,94,1,REJECT,DOWN,52481,1,3,25
2026-07-20 08:40:00,Pivot,Session,52477,UNK,5,-14.67,120,0,REJECT,UP,52481,2,27,15
2026-07-20 09:35:00,ONH,Overnight,52515,UNK,4,8.67,116,1,REJECT,DOWN,52512,1,118,44
2026-07-20 09:35:00,Pivot,Session,52477,UNK,6,8.67,116,0,BREAK,UP,52512,1,156,6
2026-07-20 09:40:00,Y-Mid,Session,52492,UNK,5,15.67,137,0,BREAK,UP,52516,1,43,28
2026-07-20 10:00:00,PWC,PriorWeek,52375,UNK,3,-30,-33,1,BREAK,DOWN,52319,1,0,56
2026-07-20 10:10:00,Call Wall 0DTE,Gamma,52300,UNK,3,-52,-55,0,BREAK,DOWN,52264,1,35,41
2026-07-20 10:30:00,S1,Session,52234,UNK,1,-22,-134,0,REJECT,UP,52245,1,23,14
2026-07-20 10:45:00,PWL,PriorWeek,52174,UNK,1,-17.33,-147,0,BREAK,UP,52198,1,75,0
2026-07-20 11:30:00,S1,Session,52234,UNK,2,18,-107,0,BREAK,UP,52277,1,56,0
2026-07-20 12:20:00,Call Wall 0DTE,Gamma,52300,UNK,4,2,-81,1,REJECT,DOWN,52287,1,0,40
2026-07-20 12:40:00,S1,Session,52234,UNK,3,-8.67,-138,0,BREAK,UP,52272,1,38,0
2026-07-20 12:50:00,PWL,PriorWeek,52174,UNK,2,-9,-139,0,BREAK,UP,52278,1,112,0
2026-07-20 13:25:00,ONM,Overnight,52128,UNK,1,-15.67,-234,0,BREAK,UP,52148,1,40,0
2026-07-20 14:05:00,PWL,PriorWeek,52174,UNK,3,-7.33,-197,0,BREAK,UP,52206,2,50,19
2026-07-20 14:25:00,S1,Session,52234,UNK,4,12.33,-141,1,BREAK,DOWN,52170,1,6,65
2026-07-20 14:40:00,ONM,Overnight,52128,UNK,2,-11,-257,1,BREAK,DOWN,52103,1,22,28
2026-07-20 15:20:00,S2,Session,52018,UNK,1,1.67,-363,1,REJECT,UP,52030,1,31,19
2026-07-20 21:40:00,ONM,Overnight,52128,UNK,3,-5.67,-254,1,BREAK,DOWN,52102,6,12,27
2026-07-20 23:05:00,ONM,Overnight,52128,UNK,4,14,-244,0,BREAK,UP,52148,5,20,11
2026-07-20 23:55:00,PWL,PriorWeek,52174,UNK,4,4.33,-204,1,HOLD,NONE,52181,6,8,11
2026-07-21 00:15:00,S1,Session,52234,UNK,1,12,-155,1,BREAK,DOWN,52218,1,0,17
2026-07-21 01:45:00,S1,Session,52234,UNK,2,-0.33,-144,1,BREAK,UP,52261,3,27,6
2026-07-21 02:35:00,S1,Session,52234,UNK,3,0.67,-141,1,BREAK,UP,52255,1,23,0
2026-07-21 03:10:00,Call Wall 0DTE,Gamma,52300,UNK,1,-1.67,-84,1,BREAK,DOWN,52274,1,0,27
2026-07-21 03:45:00,S1,Session,52234,UNK,4,-15.33,-163,1,REJECT,DOWN,52230,3,14,44
2026-07-21 04:35:00,S1,Session,52234,UNK,5,8.33,-140,0,BREAK,UP,52255,1,22,2
2026-07-21 05:35:00,S1,Session,52234,UNK,6,-8,-140,0,BREAK,UP,52254,1,27,6
2026-07-21 06:35:00,S1,Session,52234,UNK,7,6.33,-130,0,BREAK,UP,52308,1,82,0
2026-07-21 06:40:00,Call Wall 0DTE,Gamma,52300,UNK,2,0.67,-67,0,REJECT,UP,52301,1,26,0
2026-07-21 07:40:00,S1,Session,52234,UNK,8,-10.33,-163,1,REJECT,UP,52243,2,20,15
2026-07-21 08:25:00,PWL,PriorWeek,52174,UNK,1,3.67,-200,0,BREAK,UP,52195,1,25,8
2026-07-21 08:50:00,ONM,Overnight,52128,UNK,1,-7.33,-225,0,BREAK,UP,52198,1,74,0
2026-07-21 09:25:00,S1,Session,52234,UNK,9,7.33,-134,0,BREAK,UP,52260,1,26,1
2026-07-21 09:40:00,Call Wall 0DTE,Gamma,52300,UNK,3,10.33,-93,1,BREAK,DOWN,52199,1,0,106
2026-07-21 09:50:00,PWL,PriorWeek,52174,UNK,2,-20.33,-268,1,REJECT,UP,52187,1,29,67
2026-07-21 09:50:00,ONM,Overnight,52128,UNK,2,-20.33,-268,1,BREAK,UP,52187,1,75,21
2026-07-21 10:20:00,PWC,PriorWeek,52375,UNK,1,45.67,-42,1,REJECT,DOWN,52367,2,14,58
2026-07-21 10:45:00,Call Wall 0DTE,Gamma,52300,UNK,4,7.67,-69,0,BREAK,UP,52317,1,32,19
2026-07-21 11:25:00,PWC,PriorWeek,52375,UNK,2,11.67,27,0,REJECT,UP,52384,1,66,0
2026-07-21 12:20:00,Pivot,Session,52477,UNK,1,8.67,97,1,BREAK,UP,52494,1,26,6
2026-07-21 12:25:00,Y-Mid,Session,52492,UNK,1,14,119,0,BREAK,UP,52510,1,25,17
2026-07-21 12:30:00,ONH,Overnight,52515,UNK,1,14,135,1,BREAK,UP,52545,1,42,4
2026-07-21 13:30:00,ONH,Overnight,52515,UNK,2,-15,137,1,BREAK,DOWN,52497,1,2,23
2026-07-21 13:30:00,Y-Mid,Session,52492,UNK,2,-15,137,0,REJECT,UP,52497,1,25,0
2026-07-21 13:40:00,Pivot,Session,52477,UNK,2,-12,102,1,BREAK,UP,52496,1,30,2
2026-07-21 21:30:00,PWC,PriorWeek,52375,UNK,3,-7,2,0,BREAK,UP,52390,1,22,0
2026-07-22 02:30:00,PWC,PriorWeek,52375,UNK,1,-10.33,-13,1,BREAK,DOWN,52350,1,0,28
2026-07-22 03:10:00,Call Wall 0DTE,Gamma,52300,UNK,1,-9,-86,1,REJECT,DOWN,52287,1,0,30
2026-07-22 03:35:00,PWC,PriorWeek,52375,UNK,2,15.33,-20,1,BREAK,DOWN,52321,1,0,54
2026-07-22 04:35:00,PWC,PriorWeek,52375,UNK,3,5,36,0,BREAK,UP,52428,1,59,0
2026-07-22 06:00:00,PWC,PriorWeek,52375,UNK,4,5,-1,1,BREAK,UP,52401,1,29,0
2026-07-22 06:30:00,Pivot,Session,52477,UNK,1,-3,92,1,REJECT,DOWN,52470,1,0,30
2026-07-22 07:15:00,PWC,PriorWeek,52375,UNK,5,-7,29,0,REJECT,UP,52377,1,46,7
2026-07-22 07:50:00,Call Wall 0DTE,Gamma,52300,UNK,2,1.67,-55,0,BREAK,UP,52361,1,64,0
2026-07-22 08:40:00,PWC,PriorWeek,52375,UNK,6,-0.33,10,0,BREAK,UP,52390,1,22,0
2026-07-22 09:05:00,Call Wall 0DTE,Gamma,52300,UNK,3,-6.67,-33,0,BREAK,UP,52368,1,68,0
2026-07-22 09:40:00,PWC,PriorWeek,52375,UNK,7,27.33,145,0,BREAK,UP,52519,1,186,0
2026-07-22 09:40:00,ONH,Overnight,52515,UNK,1,27.33,145,0,REJECT,UP,52519,1,46,26
2026-07-22 09:40:00,Y-Mid,Session,52492,UNK,1,27.33,145,0,BREAK,UP,52519,1,69,3
2026-07-22 09:40:00,Pivot,Session,52477,UNK,2,27.33,145,0,BREAK,UP,52519,1,84,0
2026-07-22 10:05:00,PMC,PriorMonth,52670,UNK,1,27.33,269,1,BREAK,UP,52688,1,27,44
2026-07-22 10:05:00,PWM,PriorWeek,52644,UNK,1,27.33,269,1,BREAK,UP,52688,1,53,18
2026-07-22 10:05:00,R1,Session,52693,UNK,1,27.33,269,1,REJECT,DOWN,52688,1,4,67
2026-07-22 10:40:00,ONH,Overnight,52515,UNK,2,-32.33,132,1,REJECT,DOWN,52513,1,3,34
2026-07-22 10:50:00,Pivot,Session,52477,UNK,3,-13.33,103,0,BREAK,UP,52503,1,40,0
2026-07-22 10:50:00,Y-Mid,Session,52492,UNK,2,-28.33,138,0,REJECT,UP,52503,2,28,18
2026-07-22 12:15:00,PWM,PriorWeek,52644,UNK,2,6.33,258,1,BREAK,DOWN,52610,1,0,35
2026-07-22 13:30:00,ONH,Overnight,52515,UNK,3,-11.67,135,1,BREAK,DOWN,52500,1,6,18
2026-07-22 13:40:00,Y-Mid,Session,52492,UNK,3,-17.33,135,0,BREAK,UP,52524,1,33,0
2026-07-22 14:20:00,Pivot,Session,52477,UNK,4,-8.67,110,0,BREAK,UP,52501,1,37,0
2026-07-22 14:35:00,ONH,Overnight,52515,UNK,4,1,124,1,BREAK,DOWN,52491,2,1,31
2026-07-22 15:05:00,Y-Mid,Session,52492,UNK,4,9.33,116,1,BREAK,DOWN,52460,6,14,37
2026-07-22 15:25:00,Pivot,Session,52477,UNK,5,-14,100,1,BREAK,DOWN,52438,1,0,41
2026-07-22 16:10:00,ONH,Overnight,52515,UNK,5,-6,70,1,BREAK,DOWN,52460,1,0,100
2026-07-22 16:10:00,Y-Mid,Session,52492,UNK,5,-6,70,1,BREAK,DOWN,52460,1,0,77
2026-07-22 18:05:00,Pivot,Session,52477,UNK,6,1,95,1,BREAK,DOWN,52400,1,0,91
2026-07-22 18:40:00,PWC,PriorWeek,52375,UNK,8,-8.67,2,0,BREAK,DOWN,52357,1,6,21
2026-07-22 19:50:00,PWC,PriorWeek,52375,UNK,9,-4,6,0,BREAK,UP,52399,3,30,0
2026-07-22 20:35:00,Pivot,Session,52477,UNK,7,12.33,79,1,REJECT,DOWN,52472,1,0,23
2026-07-22 21:05:00,Y-Mid,Session,52492,UNK,6,4,113,1,BREAK,UP,52510,4,23,11
2026-07-22 21:10:00,ONH,Overnight,52515,UNK,6,1.33,135,1,BREAK,DOWN,52491,1,0,24
2026-07-22 21:35:00,Pivot,Session,52477,UNK,8,-1.33,106,0,BREAK,UP,52493,1,17,13
2026-07-22 22:00:00,Y-Mid,Session,52492,UNK,7,-3.33,110,1,BREAK,DOWN,52476,1,0,17
2026-07-22 23:35:00,PWC,PriorWeek,52375,UNK,10,-10.67,17,0,REJECT,UP,52389,1,29,0
2026-07-23 00:10:00,PWC,PriorWeek,52375,UNK,1,-7,-1,1,REJECT,DOWN,52373,1,5,25
2026-07-23 01:30:00,PWC,PriorWeek,52375,UNK,2,-5.33,-1,1,BREAK,UP,52400,5,25,13
2026-07-23 03:05:00,Call Wall 0DTE,Gamma,52300,UNK,1,-2.67,-74,0,BREAK,DOWN,52263,1,1,53
2026-07-23 03:15:00,S1,Session,52234,UNK,1,-21.67,-139,0,BREAK,DOWN,52190,1,3,103
2026-07-23 03:20:00,PWL,PriorWeek,52174,UNK,1,-26,-185,0,BREAK,UP,52209,1,45,0
2026-07-23 03:20:00,ONM,Overnight,52128,UNK,1,-26,-185,0,BREAK,UP,52209,1,91,0
2026-07-23 04:15:00,S1,Session,52234,UNK,2,11,-111,0,REJECT,UP,52244,1,34,0
2026-07-23 05:10:00,Call Wall 0DTE,Gamma,52300,UNK,2,24,-54,0,BREAK,DOWN,52268,1,14,32
2026-07-23 05:35:00,S1,Session,52234,UNK,3,-25.67,-144,1,REJECT,DOWN,52221,2,4,21
2026-07-23 06:35:00,S1,Session,52234,UNK,4,-7,-145,1,BREAK,UP,52273,2,50,5
2026-07-23 06:55:00,Call Wall 0DTE,Gamma,52300,UNK,3,18,-86,1,BREAK,UP,52315,3,20,13
2026-07-23 07:30:00,S1,Session,52234,UNK,5,-11.67,-171,1,BREAK,DOWN,52201,1,0,44
2026-07-23 07:40:00,PWL,PriorWeek,52174,UNK,2,-19.33,-196,0,BREAK,DOWN,52119,1,8,72
2026-07-23 07:45:00,ONM,Overnight,52128,UNK,2,-22,-256,1,BREAK,DOWN,52112,1,11,32
2026-07-23 08:30:00,S2,Session,52018,UNK,1,-26.33,-388,1,BREAK,DOWN,51981,1,0,46
2026-07-23 09:30:00,S3,Session,51775,UNK,1,-11.67,-595,0,REJECT,DOWN,51770,1,27,35
2026-07-23 09:35:00,ONL,Overnight,51740,UNK,1,-16.67,-605,0,BREAK,UP,52035,1,309,4
2026-07-23 09:40:00,S2,Session,52018,UNK,2,-15,-340,0,BREAK,UP,52041,1,56,39
2026-07-23 11:30:00,S3,Session,51775,UNK,2,-15,-562,0,REJECT,UP,51782,1,39,3
2026-07-23 11:40:00,ONL,Overnight,51740,UNK,2,-14.33,-567,0,BREAK,UP,51900,1,164,0
2026-07-23 12:30:00,S2,Session,52018,UNK,3,16.67,-376,1,BREAK,DOWN,51983,1,0,45
2026-07-23 14:15:00,S3,Session,51775,UNK,3,-22.67,-574,0,BREAK,UP,51793,1,47,0
2026-07-19 18:35:00,Call Wall 0DTE,Gamma,52300,UNK,1,4.67,-94,1,BREAK,UP,52318,1,18,26
2026-07-19 20:15:00,PWC,PriorWeek,52375,UNK,1,11,14,0,REJECT,UP,52383,1,24,0
2026-07-19 21:25:00,PWC,PriorWeek,52375,UNK,2,6.67,17,0,REJECT,UP,52385,3,23,17
2026-07-19 22:05:00,Call Wall 0DTE,Gamma,52300,UNK,2,-11.67,-92,1,BREAK,UP,52341,2,46,18
2026-07-20 00:50:00,PWC,PriorWeek,52375,UNK,1,13.67,1,0,BREAK,UP,52396,2,21,0
2026-07-20 02:20:00,Call Wall 0DTE,Gamma,52300,UNK,1,-3,-51,0,REJECT,UP,52304,2,21,0
2026-07-20 03:25:00,Call Wall 0DTE,Gamma,52300,UNK,2,6,-62,0,BREAK,UP,52354,1,67,0
2026-07-20 03:35:00,PWC,PriorWeek,52375,UNK,2,12,6,0,BREAK,UP,52435,1,65,0
2026-07-20 04:10:00,Pivot,Session,52477,UNK,1,-9.67,80,1,BREAK,DOWN,52444,1,0,43
2026-07-20 05:10:00,Pivot,Session,52477,UNK,2,2.33,86,1,BREAK,DOWN,52462,1,0,22
2026-07-20 05:35:00,Y-Mid,Session,52492,UNK,1,4,93,1,BREAK,UP,52507,3,24,24
2026-07-20 05:55:00,ONH,Overnight,52515,UNK,1,8,132,1,REJECT,UP,52521,4,25,17
2026-07-20 06:35:00,Pivot,Session,52477,UNK,3,-7.67,105,0,REJECT,DOWN,52467,4,15,20
2026-07-20 06:40:00,Y-Mid,Session,52492,UNK,2,2,92,1,BREAK,DOWN,52457,1,0,47
2026-07-20 07:25:00,ONH,Overnight,52515,UNK,2,10.33,137,1,BREAK,DOWN,52495,4,7,31
2026-07-20 07:35:00,Pivot,Session,52477,UNK,4,-5,100,1,BREAK,UP,52598,1,145,4
2026-07-20 07:40:00,Y-Mid,Session,52492,UNK,3,-9.67,223,0,BREAK,UP,52596,1,124,0
2026-07-20 08:10:00,ONH,Overnight,52515,UNK,3,-4.33,107,1,BREAK,DOWN,52493,1,2,43
2026-07-20 08:40:00,Y-Mid,Session,52492,UNK,4,7,94,1,REJECT,DOWN,52481,1,3,25
2026-07-20 08:40:00,Pivot,Session,52477,UNK,5,-14.67,120,0,REJECT,UP,52481,2,27,15
2026-07-20 09:35:00,ONH,Overnight,52515,UNK,4,8.67,116,1,REJECT,DOWN,52512,1,118,44
2026-07-20 09:35:00,Pivot,Session,52477,UNK,6,8.67,116,0,BREAK,UP,52512,1,156,6
2026-07-20 09:40:00,Y-Mid,Session,52492,UNK,5,15.67,137,0,BREAK,UP,52516,1,43,28
2026-07-20 10:00:00,PWC,PriorWeek,52375,UNK,3,-30,-33,1,BREAK,DOWN,52319,1,0,56
2026-07-20 10:10:00,Call Wall 0DTE,Gamma,52300,UNK,3,-52,-55,0,BREAK,DOWN,52264,1,35,41
2026-07-20 10:30:00,S1,Session,52234,UNK,1,-22,-134,0,REJECT,UP,52245,1,23,14
2026-07-20 10:45:00,PWL,PriorWeek,52174,UNK,1,-17.33,-147,0,BREAK,UP,52198,1,75,0
2026-07-20 11:30:00,S1,Session,52234,UNK,2,18,-107,0,BREAK,UP,52277,1,56,0
2026-07-20 12:20:00,Call Wall 0DTE,Gamma,52300,UNK,4,2,-81,1,REJECT,DOWN,52287,1,0,40
2026-07-20 12:40:00,S1,Session,52234,UNK,3,-8.67,-138,0,BREAK,UP,52272,1,38,0
2026-07-20 12:50:00,PWL,PriorWeek,52174,UNK,2,-9,-139,0,BREAK,UP,52278,1,112,0
2026-07-20 13:25:00,ONM,Overnight,52128,UNK,1,-15.67,-234,0,BREAK,UP,52148,1,40,0
2026-07-20 14:05:00,PWL,PriorWeek,52174,UNK,3,-7.33,-197,0,BREAK,UP,52206,2,50,19
2026-07-20 14:25:00,S1,Session,52234,UNK,4,12.33,-141,1,BREAK,DOWN,52170,1,6,65
2026-07-20 14:40:00,ONM,Overnight,52128,UNK,2,-11,-257,1,BREAK,DOWN,52103,1,22,28
2026-07-20 15:20:00,S2,Session,52018,UNK,1,1.67,-363,1,REJECT,UP,52030,1,31,19
2026-07-20 21:40:00,ONM,Overnight,52128,UNK,3,-5.67,-254,1,BREAK,DOWN,52102,6,12,27
2026-07-20 23:05:00,ONM,Overnight,52128,UNK,4,14,-244,0,BREAK,UP,52148,5,20,11
2026-07-20 23:55:00,PWL,PriorWeek,52174,UNK,4,4.33,-204,1,HOLD,NONE,52181,6,8,11
2026-07-21 00:15:00,S1,Session,52234,UNK,1,12,-155,1,BREAK,DOWN,52218,1,0,17
2026-07-21 01:45:00,S1,Session,52234,UNK,2,-0.33,-144,1,BREAK,UP,52261,3,27,6
2026-07-21 02:35:00,S1,Session,52234,UNK,3,0.67,-141,1,BREAK,UP,52255,1,23,0
2026-07-21 03:10:00,Call Wall 0DTE,Gamma,52300,UNK,1,-1.67,-84,1,BREAK,DOWN,52274,1,0,27
2026-07-21 03:45:00,S1,Session,52234,UNK,4,-15.33,-163,1,REJECT,DOWN,52230,3,14,44
2026-07-21 04:35:00,S1,Session,52234,UNK,5,8.33,-140,0,BREAK,UP,52255,1,22,2
2026-07-21 05:35:00,S1,Session,52234,UNK,6,-8,-140,0,BREAK,UP,52254,1,27,6
2026-07-21 06:35:00,S1,Session,52234,UNK,7,6.33,-130,0,BREAK,UP,52308,1,82,0
2026-07-21 06:40:00,Call Wall 0DTE,Gamma,52300,UNK,2,0.67,-67,0,REJECT,UP,52301,1,26,0
2026-07-21 07:40:00,S1,Session,52234,UNK,8,-10.33,-163,1,REJECT,UP,52243,2,20,15
2026-07-21 08:25:00,PWL,PriorWeek,52174,UNK,1,3.67,-200,0,BREAK,UP,52195,1,25,8
2026-07-21 08:50:00,ONM,Overnight,52128,UNK,1,-7.33,-225,0,BREAK,UP,52198,1,74,0
2026-07-21 09:25:00,S1,Session,52234,UNK,9,7.33,-134,0,BREAK,UP,52260,1,26,1
2026-07-21 09:40:00,Call Wall 0DTE,Gamma,52300,UNK,3,10.33,-93,1,BREAK,DOWN,52199,1,0,106
2026-07-21 09:50:00,PWL,PriorWeek,52174,UNK,2,-20.33,-268,1,REJECT,UP,52187,1,29,67
2026-07-21 09:50:00,ONM,Overnight,52128,UNK,2,-20.33,-268,1,BREAK,UP,52187,1,75,21
2026-07-21 10:20:00,PWC,PriorWeek,52375,UNK,1,45.67,-42,1,REJECT,DOWN,52367,2,14,58
2026-07-21 10:45:00,Call Wall 0DTE,Gamma,52300,UNK,4,7.67,-69,0,BREAK,UP,52317,1,32,19
2026-07-21 11:25:00,PWC,PriorWeek,52375,UNK,2,11.67,27,0,REJECT,UP,52384,1,66,0
2026-07-21 12:20:00,Pivot,Session,52477,UNK,1,8.67,97,1,BREAK,UP,52494,1,26,6
2026-07-21 12:25:00,Y-Mid,Session,52492,UNK,1,14,119,0,BREAK,UP,52510,1,25,17
2026-07-21 12:30:00,ONH,Overnight,52515,UNK,1,14,135,1,BREAK,UP,52545,1,42,4
2026-07-21 13:30:00,ONH,Overnight,52515,UNK,2,-15,137,1,BREAK,DOWN,52497,1,2,23
2026-07-21 13:30:00,Y-Mid,Session,52492,UNK,2,-15,137,0,REJECT,UP,52497,1,25,0
2026-07-21 13:40:00,Pivot,Session,52477,UNK,2,-12,102,1,BREAK,UP,52496,1,30,2
2026-07-21 21:30:00,PWC,PriorWeek,52375,UNK,3,-7,2,0,BREAK,UP,52390,1,22,0
2026-07-22 02:30:00,PWC,PriorWeek,52375,UNK,1,-10.33,-13,1,BREAK,DOWN,52350,1,0,28
2026-07-22 03:10:00,Call Wall 0DTE,Gamma,52300,UNK,1,-9,-86,1,REJECT,DOWN,52287,1,0,30
2026-07-22 03:35:00,PWC,PriorWeek,52375,UNK,2,15.33,-20,1,BREAK,DOWN,52321,1,0,54
2026-07-22 04:35:00,PWC,PriorWeek,52375,UNK,3,5,36,0,BREAK,UP,52428,1,59,0
2026-07-22 06:00:00,PWC,PriorWeek,52375,UNK,4,5,-1,1,BREAK,UP,52401,1,29,0
2026-07-22 06:30:00,Pivot,Session,52477,UNK,1,-3,92,1,REJECT,DOWN,52470,1,0,30
2026-07-22 07:15:00,PWC,PriorWeek,52375,UNK,5,-7,29,0,REJECT,UP,52377,1,46,7
2026-07-22 07:50:00,Call Wall 0DTE,Gamma,52300,UNK,2,1.67,-55,0,BREAK,UP,52361,1,64,0
2026-07-22 08:40:00,PWC,PriorWeek,52375,UNK,6,-0.33,10,0,BREAK,UP,52390,1,22,0
2026-07-22 09:05:00,Call Wall 0DTE,Gamma,52300,UNK,3,-6.67,-33,0,BREAK,UP,52368,1,68,0
2026-07-22 09:40:00,PWC,PriorWeek,52375,UNK,7,27.33,145,0,BREAK,UP,52519,1,186,0
2026-07-22 09:40:00,ONH,Overnight,52515,UNK,1,27.33,145,0,REJECT,UP,52519,1,46,26
2026-07-22 09:40:00,Y-Mid,Session,52492,UNK,1,27.33,145,0,BREAK,UP,52519,1,69,3
2026-07-22 09:40:00,Pivot,Session,52477,UNK,2,27.33,145,0,BREAK,UP,52519,1,84,0
2026-07-22 10:05:00,PMC,PriorMonth,52670,UNK,1,27.33,269,1,BREAK,UP,52688,1,27,44
2026-07-22 10:05:00,PWM,PriorWeek,52644,UNK,1,27.33,269,1,BREAK,UP,52688,1,53,18
2026-07-22 10:05:00,R1,Session,52693,UNK,1,27.33,269,1,REJECT,DOWN,52688,1,4,67
2026-07-22 10:40:00,ONH,Overnight,52515,UNK,2,-32.33,132,1,REJECT,DOWN,52513,1,3,34
2026-07-22 10:50:00,Pivot,Session,52477,UNK,3,-13.33,103,0,BREAK,UP,52503,1,40,0
2026-07-22 10:50:00,Y-Mid,Session,52492,UNK,2,-28.33,138,0,REJECT,UP,52503,2,28,18
2026-07-22 12:15:00,PWM,PriorWeek,52644,UNK,2,6.33,258,1,BREAK,DOWN,52610,1,0,35
2026-07-22 13:30:00,ONH,Overnight,52515,UNK,3,-11.67,135,1,BREAK,DOWN,52500,1,6,18
2026-07-22 13:40:00,Y-Mid,Session,52492,UNK,3,-17.33,135,0,BREAK,UP,52524,1,33,0
2026-07-22 14:20:00,Pivot,Session,52477,UNK,4,-8.67,110,0,BREAK,UP,52501,1,37,0
2026-07-22 14:35:00,ONH,Overnight,52515,UNK,4,1,124,1,BREAK,DOWN,52491,2,1,31
2026-07-22 15:05:00,Y-Mid,Session,52492,UNK,4,9.33,116,1,BREAK,DOWN,52460,6,14,37
2026-07-22 15:25:00,Pivot,Session,52477,UNK,5,-14,100,1,BREAK,DOWN,52438,1,0,41
2026-07-22 16:10:00,ONH,Overnight,52515,UNK,5,-6,70,1,BREAK,DOWN,52460,1,0,100
2026-07-22 16:10:00,Y-Mid,Session,52492,UNK,5,-6,70,1,BREAK,DOWN,52460,1,0,77
2026-07-22 18:05:00,Pivot,Session,52477,UNK,6,1,95,1,BREAK,DOWN,52400,1,0,91
2026-07-22 18:40:00,PWC,PriorWeek,52375,UNK,8,-8.67,2,0,BREAK,DOWN,52357,1,6,21
2026-07-22 19:50:00,PWC,PriorWeek,52375,UNK,9,-4,6,0,BREAK,UP,52399,3,30,0
2026-07-22 20:35:00,Pivot,Session,52477,UNK,7,12.33,79,1,REJECT,DOWN,52472,1,0,23
2026-07-22 21:05:00,Y-Mid,Session,52492,UNK,6,4,113,1,BREAK,UP,52510,4,23,11
2026-07-22 21:10:00,ONH,Overnight,52515,UNK,6,1.33,135,1,BREAK,DOWN,52491,1,0,24
2026-07-22 21:35:00,Pivot,Session,52477,UNK,8,-1.33,106,0,BREAK,UP,52493,1,17,13
2026-07-22 22:00:00,Y-Mid,Session,52492,UNK,7,-3.33,110,1,BREAK,DOWN,52476,1,0,17
2026-07-22 23:35:00,PWC,PriorWeek,52375,UNK,10,-10.67,17,0,REJECT,UP,52389,1,29,0
2026-07-23 00:10:00,PWC,PriorWeek,52375,UNK,1,-7,-1,1,REJECT,DOWN,52373,1,5,25
2026-07-23 01:30:00,PWC,PriorWeek,52375,UNK,2,-5.33,-1,1,BREAK,UP,52400,5,25,13
2026-07-23 03:05:00,Call Wall 0DTE,Gamma,52300,UNK,1,-2.67,-74,0,BREAK,DOWN,52263,1,1,53
2026-07-23 03:15:00,S1,Session,52234,UNK,1,-21.67,-139,0,BREAK,DOWN,52190,1,3,103
2026-07-23 03:20:00,PWL,PriorWeek,52174,UNK,1,-26,-185,0,BREAK,UP,52209,1,45,0
2026-07-23 03:20:00,ONM,Overnight,52128,UNK,1,-26,-185,0,BREAK,UP,52209,1,91,0
2026-07-23 04:15:00,S1,Session,52234,UNK,2,11,-111,0,REJECT,UP,52244,1,34,0
2026-07-23 05:10:00,Call Wall 0DTE,Gamma,52300,UNK,2,24,-54,0,BREAK,DOWN,52268,1,14,32
2026-07-23 05:35:00,S1,Session,52234,UNK,3,-25.67,-144,1,REJECT,DOWN,52221,2,4,21
2026-07-23 06:35:00,S1,Session,52234,UNK,4,-7,-145,1,BREAK,UP,52273,2,50,5
2026-07-23 06:55:00,Call Wall 0DTE,Gamma,52300,UNK,3,18,-86,1,BREAK,UP,52315,3,20,13
2026-07-23 07:30:00,S1,Session,52234,UNK,5,-11.67,-171,1,BREAK,DOWN,52201,1,0,44
2026-07-23 07:40:00,PWL,PriorWeek,52174,UNK,2,-19.33,-196,0,BREAK,DOWN,52119,1,8,72
2026-07-23 07:45:00,ONM,Overnight,52128,UNK,2,-22,-256,1,BREAK,DOWN,52112,1,11,32
2026-07-23 08:30:00,S2,Session,52018,UNK,1,-26.33,-388,1,BREAK,DOWN,51981,1,0,46
2026-07-23 09:30:00,S3,Session,51775,UNK,1,-11.67,-595,0,REJECT,DOWN,51770,1,27,35
2026-07-23 09:35:00,ONL,Overnight,51740,UNK,1,-16.67,-605,0,BREAK,UP,52035,1,309,4
2026-07-23 09:40:00,S2,Session,52018,UNK,2,-15,-340,0,BREAK,UP,52041,1,56,39
2026-07-23 11:30:00,S3,Session,51775,UNK,2,-15,-562,0,REJECT,UP,51782,1,39,3
2026-07-23 11:40:00,ONL,Overnight,51740,UNK,2,-14.33,-567,0,BREAK,UP,51900,1,164,0
2026-07-23 12:30:00,S2,Session,52018,UNK,3,16.67,-376,1,BREAK,DOWN,51983,1,0,45
2026-07-23 14:15:00,S3,Session,51775,UNK,3,-22.67,-574,0,BREAK,UP,51793,1,47,0
2026-07-24 03:15:00,S2,Session,52018,UNK,1,27.33,-339,0,BREAK,UP,52041,1,26,0
2026-07-24 04:40:00,ONM,Overnight,52128,UNK,1,15.33,-260,1,REJECT,DOWN,52122,1,8,22
2026-07-24 06:05:00,PWL,PriorWeek,52174,UNK,1,12,-209,1,REJECT,UP,52181,5,22,15
2026-07-24 06:55:00,PWL,PriorWeek,52174,UNK,2,0,-211,1,BREAK,DOWN,52154,3,5,20
2026-07-24 07:15:00,ONM,Overnight,52128,UNK,2,-5,-250,1,BREAK,DOWN,52100,2,10,33
2026-07-24 08:10:00,ONM,Overnight,52128,UNK,3,17,-273,1,BREAK,DOWN,52110,1,0,46
2026-07-24 09:05:00,S2,Session,52018,UNK,2,-21.33,-354,0,REJECT,UP,52028,1,27,0
2026-07-24 10:05:00,S2,Session,52018,UNK,3,4.33,-391,1,BREAK,DOWN,51973,1,12,61
2026-07-24 11:05:00,S2,Session,52018,UNK,4,9.67,-313,0,BREAK,UP,52049,1,55,0
2026-07-24 11:20:00,PWL,PriorWeek,52174,UNK,3,22,-191,0,REJECT,DOWN,52164,1,81,22
2026-07-24 11:20:00,ONM,Overnight,52128,UNK,4,22,-191,0,BREAK,UP,52164,1,127,0
2026-07-24 11:30:00,S1,Session,52234,UNK,1,40.67,-211,1,BREAK,UP,52273,2,56,77
2026-07-24 11:45:00,Call Wall 0DTE,Gamma,52300,UNK,1,24,-74,0,BREAK,DOWN,52262,1,5,47
2026-07-24 12:45:00,S1,Session,52234,UNK,2,-15,-139,0,BREAK,DOWN,52201,1,2,36
2026-07-24 12:55:00,PWL,PriorWeek,52174,UNK,4,-30.33,-201,1,BREAK,DOWN,52154,1,5,33
2026-07-24 13:15:00,ONM,Overnight,52128,UNK,5,-2.33,-259,1,BREAK,UP,52156,1,36,25
2026-07-24 14:05:00,PWL,PriorWeek,52174,UNK,5,-10,-199,0,REJECT,DOWN,52168,3,15,20
2026-07-24 14:30:00,ONM,Overnight,52128,UNK,6,-7.33,-235,0,BREAK,DOWN,52091,1,13,39
2026-07-24 14:45:00,S2,Session,52018,UNK,5,-38,-318,0,BREAK,UP,52044,1,40,0
2026-07-19 18:50:00,R1,Session,52366,UNK,1,7,-12,1,REJECT,DOWN,52355,1,0,21
2026-07-19 20:10:00,R1,Session,52366,UNK,2,1,-20,1,BREAK,UP,52389,1,36,9
2026-07-19 20:15:00,PWC,PriorWeek,52375,UNK,1,11,14,0,REJECT,UP,52383,1,24,0
2026-07-19 21:10:00,R1,Session,52366,UNK,3,7.33,5,0,BREAK,UP,52392,1,28,0
2026-07-19 21:25:00,PWC,PriorWeek,52375,UNK,2,6.67,17,0,REJECT,UP,52385,3,23,17
2026-07-20 00:00:00,R1,Session,52366,UNK,4,5.33,-16,1,BREAK,DOWN,52343,2,0,30
2026-07-20 00:45:00,R1,Session,52366,UNK,1,13.33,-10,1,BREAK,UP,52389,2,25,4
2026-07-20 00:50:00,PWC,PriorWeek,52375,UNK,1,13.67,1,0,BREAK,UP,52396,2,21,0
2026-07-20 03:30:00,R1,Session,52366,UNK,2,-2.67,-21,1,BREAK,UP,52381,1,25,8
2026-07-20 03:35:00,PWC,PriorWeek,52375,UNK,2,12,6,0,BREAK,UP,52435,1,65,0
2026-07-20 10:00:00,PWC,PriorWeek,52375,UNK,3,-30,-33,1,BREAK,DOWN,52319,1,0,56
2026-07-20 10:00:00,R1,Session,52366,UNK,3,-30,-33,1,BREAK,DOWN,52319,1,0,47
2026-07-20 10:40:00,ONH,Overnight,52196,UNK,1,-2.33,-173,0,BREAK,UP,52228,1,42,20
2026-07-20 10:45:00,PWL,PriorWeek,52174,UNK,1,-17.33,-147,0,BREAK,UP,52198,1,75,0
2026-07-20 12:50:00,PWL,PriorWeek,52174,UNK,2,-9,-139,0,BREAK,UP,52278,1,112,0
2026-07-20 12:50:00,ONH,Overnight,52196,UNK,2,-9,-139,0,BREAK,UP,52278,1,90,0
2026-07-20 13:35:00,Y-Mid,Session,52118,UNK,1,-12,-235,0,BREAK,UP,52167,1,52,0
2026-07-20 14:05:00,PWL,PriorWeek,52174,UNK,3,-7.33,-197,0,BREAK,UP,52206,2,50,19
2026-07-20 14:15:00,ONH,Overnight,52196,UNK,3,16.67,-169,0,BREAK,UP,52217,2,31,12
2026-07-20 14:40:00,Y-Mid,Session,52118,UNK,2,-11,-257,1,BREAK,DOWN,52103,1,32,18
2026-07-20 14:50:00,Pivot,Session,52043,UNK,1,-22.33,-336,1,REJECT,UP,52047,1,21,17
2026-07-20 15:20:00,ONM,Overnight,52021,UNK,1,1.67,-363,1,REJECT,UP,52030,1,28,22
2026-07-20 15:55:00,Y-Mid,Session,52118,UNK,3,7.33,-261,1,BREAK,DOWN,52079,1,0,58
2026-07-20 16:05:00,Pivot,Session,52043,UNK,2,-4,-296,0,BREAK,UP,52089,1,65,0
2026-07-20 18:10:00,Y-Mid,Session,52118,UNK,4,12.33,-298,1,BREAK,DOWN,52070,1,0,59
2026-07-20 18:10:00,Pivot,Session,52043,UNK,3,12.33,-298,0,BREAK,UP,52070,1,33,0
2026-07-20 19:50:00,Y-Mid,Session,52118,UNK,5,8.33,-262,1,BREAK,DOWN,52101,3,2,21
2026-07-20 20:15:00,Pivot,Session,52043,UNK,4,-12.33,-324,0,REJECT,UP,52055,1,36,0
2026-07-20 21:05:00,Y-Mid,Session,52118,UNK,6,1,-269,1,BREAK,DOWN,52097,1,0,32
2026-07-20 22:10:00,Y-Mid,Session,52118,UNK,7,1,-265,1,BREAK,DOWN,52102,1,6,18
2026-07-20 23:55:00,PWL,PriorWeek,52174,UNK,4,4.33,-204,1,HOLD,NONE,52181,6,8,11
2026-07-21 00:05:00,ONH,Overnight,52196,UNK,1,5,-175,0,BREAK,UP,52212,1,21,0
2026-07-21 03:35:00,ONH,Overnight,52196,UNK,2,-15.33,-163,0,BREAK,UP,52234,1,38,6
2026-07-21 08:10:00,ONH,Overnight,52196,UNK,3,-4.67,-183,1,REJECT,UP,52204,3,24,15
2026-07-21 08:25:00,PWL,PriorWeek,52174,UNK,1,3.67,-200,0,BREAK,UP,52195,1,25,8
2026-07-21 08:50:00,Y-Mid,Session,52118,UNK,1,-7.33,-225,0,BREAK,UP,52198,1,84,0
2026-07-21 09:10:00,ONH,Overnight,52196,UNK,4,6.33,-165,0,REJECT,UP,52199,3,20,16
2026-07-21 09:50:00,PWL,PriorWeek,52174,UNK,2,-20.33,-268,1,REJECT,UP,52187,1,29,67
2026-07-21 09:50:00,Y-Mid,Session,52118,UNK,2,-20.33,-268,1,BREAK,UP,52187,1,85,11
2026-07-21 10:00:00,ONH,Overnight,52196,UNK,5,-31.67,-180,1,BREAK,UP,52218,1,41,32
2026-07-21 10:15:00,R1,Session,52366,UNK,1,45.67,-42,1,REJECT,UP,52379,1,23,49
2026-07-21 10:20:00,PWC,PriorWeek,52375,UNK,1,45.67,-42,1,REJECT,DOWN,52367,2,14,58
2026-07-21 11:20:00,R1,Session,52366,UNK,2,12.67,-19,1,BREAK,UP,52402,1,39,16
2026-07-21 11:25:00,PWC,PriorWeek,52375,UNK,2,11.67,27,0,REJECT,UP,52384,1,66,0
2026-07-21 21:30:00,PWC,PriorWeek,52375,UNK,3,-7,2,0,BREAK,UP,52390,1,22,0
2026-07-22 02:30:00,PWC,PriorWeek,52375,UNK,1,-10.33,-13,1,BREAK,DOWN,52350,1,0,28
2026-07-22 02:30:00,R1,Session,52366,UNK,1,-10.33,-13,1,BREAK,DOWN,52350,1,0,19
2026-07-22 03:35:00,PWC,PriorWeek,52375,UNK,2,15.33,-20,1,BREAK,DOWN,52321,1,0,54
2026-07-22 03:35:00,R1,Session,52366,UNK,2,15.33,-20,1,BREAK,DOWN,52321,1,0,45
2026-07-22 04:35:00,PWC,PriorWeek,52375,UNK,3,5,36,0,BREAK,UP,52428,1,59,0
2026-07-22 06:00:00,PWC,PriorWeek,52375,UNK,4,5,-1,1,BREAK,UP,52401,1,29,0
2026-07-22 06:00:00,R1,Session,52366,UNK,3,5,-1,0,BREAK,UP,52401,1,38,0
2026-07-22 07:15:00,PWC,PriorWeek,52375,UNK,5,-7,29,0,REJECT,UP,52377,1,46,7
2026-07-22 07:15:00,R1,Session,52366,UNK,4,-7,29,0,REJECT,UP,52377,1,55,0
2026-07-22 08:40:00,PWC,PriorWeek,52375,UNK,6,-0.33,10,0,BREAK,UP,52390,1,22,0
2026-07-22 08:40:00,R1,Session,52366,UNK,5,-0.33,10,0,BREAK,UP,52390,1,31,0
2026-07-22 09:40:00,PWC,PriorWeek,52375,UNK,7,27.33,145,0,BREAK,UP,52519,1,186,0
2026-07-22 10:05:00,PMC,PriorMonth,52670,UNK,1,27.33,269,1,BREAK,UP,52688,1,27,44
2026-07-22 10:05:00,PWM,PriorWeek,52644,UNK,1,27.33,269,1,BREAK,UP,52688,1,53,18
2026-07-22 12:15:00,PWM,PriorWeek,52644,UNK,2,6.33,258,1,BREAK,DOWN,52610,1,0,35
2026-07-22 18:40:00,PWC,PriorWeek,52375,UNK,8,-8.67,2,0,BREAK,DOWN,52357,1,6,21
2026-07-22 18:55:00,R1,Session,52366,UNK,6,-9.67,-18,1,BREAK,UP,52390,3,24,12
2026-07-22 19:50:00,PWC,PriorWeek,52375,UNK,9,-4,6,0,BREAK,UP,52399,3,30,0
2026-07-22 23:35:00,PWC,PriorWeek,52375,UNK,10,-10.67,17,0,REJECT,UP,52389,1,29,0
2026-07-23 00:10:00,PWC,PriorWeek,52375,UNK,1,-7,-1,1,REJECT,DOWN,52373,1,5,25
2026-07-23 00:15:00,R1,Session,52366,UNK,1,-10.67,-2,0,BREAK,UP,52386,1,20,0
2026-07-23 01:30:00,R1,Session,52366,UNK,2,-2,4,0,BREAK,UP,52400,3,34,3
2026-07-23 01:30:00,PWC,PriorWeek,52375,UNK,2,-5.33,-1,1,BREAK,UP,52400,5,25,13
2026-07-23 02:25:00,R1,Session,52366,UNK,3,7,-10,1,REJECT,DOWN,52353,1,4,20
2026-07-23 03:20:00,PWL,PriorWeek,52174,UNK,1,-26,-185,0,BREAK,UP,52209,1,45,0
2026-07-23 03:20:00,ONH,Overnight,52196,UNK,1,-26,-185,1,REJECT,UP,52209,1,23,6
2026-07-23 07:35:00,ONH,Overnight,52196,UNK,2,-11.67,-171,0,BREAK,DOWN,52179,2,19,32
2026-07-23 07:40:00,PWL,PriorWeek,52174,UNK,2,-19.33,-196,0,BREAK,DOWN,52119,1,8,72
2026-07-23 07:45:00,Y-Mid,Session,52118,UNK,1,-22,-256,0,REJECT,DOWN,52112,1,21,22
2026-07-23 08:25:00,ONM,Overnight,52021,UNK,1,-26,-330,0,BREAK,DOWN,51987,1,21,39
2026-07-23 08:25:00,Pivot,Session,52043,UNK,1,-26,-330,0,BREAK,DOWN,51987,1,0,61
2026-07-23 09:10:00,ONL,Overnight,51846,UNK,1,-14.67,-516,0,BREAK,DOWN,51830,1,21,26
2026-07-23 09:35:00,Put Wall 0DTE,Gamma,51750,UNK,1,-16.67,-605,0,BREAK,UP,52035,1,299,14
2026-07-23 09:40:00,ONM,Overnight,52021,UNK,2,-15,-340,0,BREAK,UP,52041,1,53,42
2026-07-23 09:40:00,Pivot,Session,52043,UNK,2,-15,-340,1,REJECT,DOWN,52041,1,31,64
2026-07-23 10:15:00,ONL,Overnight,51846,UNK,2,-1.67,-528,0,BREAK,UP,51908,1,116,3
2026-07-23 11:15:00,ONL,Overnight,51846,UNK,3,-14.67,-520,0,BREAK,DOWN,51825,1,13,39
2026-07-23 11:40:00,Put Wall 0DTE,Gamma,51750,UNK,2,-14.33,-567,0,BREAK,UP,51900,1,154,0
2026-07-23 13:45:00,ONL,Overnight,51846,UNK,4,-19,-533,1,REJECT,DOWN,51833,1,1,29
2026-07-23 14:45:00,ONL,Overnight,51846,UNK,5,10.33,-558,1,BREAK,DOWN,51831,1,0,42
2026-07-23 15:45:00,ONL,Overnight,51846,UNK,6,-1,-526,0,BREAK,DOWN,51829,1,7,19
2026-07-23 19:50:00,ONL,Overnight,51846,UNK,7,1.33,-499,0,BREAK,UP,51882,1,49,0
2026-07-24 03:15:00,ONM,Overnight,52021,UNK,1,27.33,-339,0,BREAK,UP,52041,1,23,0
2026-07-24 03:20:00,Pivot,Session,52043,UNK,1,35,-334,1,BREAK,UP,52072,1,35,10
2026-07-24 03:40:00,Y-Mid,Session,52118,UNK,1,21.33,-283,1,BREAK,DOWN,52080,1,0,44
2026-07-24 04:55:00,Y-Mid,Session,52118,UNK,2,15.33,-260,1,BREAK,DOWN,52093,4,18,28
2026-07-24 06:05:00,PWL,PriorWeek,52174,UNK,1,12,-209,1,REJECT,UP,52181,5,22,15
2026-07-24 06:10:00,ONH,Overnight,52196,UNK,1,3.33,-194,1,BREAK,DOWN,52165,1,0,36
2026-07-24 06:55:00,PWL,PriorWeek,52174,UNK,2,0,-211,1,BREAK,DOWN,52154,3,5,20
2026-07-24 07:10:00,Y-Mid,Session,52118,UNK,3,-5,-250,0,BREAK,UP,52134,1,16,8
2026-07-24 08:10:00,Y-Mid,Session,52118,UNK,4,17,-273,1,REJECT,DOWN,52110,1,0,36
2026-07-24 09:00:00,Pivot,Session,52043,UNK,2,-8.67,-329,0,BREAK,DOWN,52021,1,3,31
2026-07-24 09:05:00,ONM,Overnight,52021,UNK,2,-21.33,-354,1,REJECT,UP,52028,1,24,0
2026-07-24 10:00:00,Pivot,Session,52043,UNK,3,44.67,-389,1,BREAK,DOWN,51984,1,0,97
2026-07-24 10:05:00,ONM,Overnight,52021,UNK,3,4.33,-391,1,BREAK,DOWN,51973,1,9,64
2026-07-24 11:05:00,ONM,Overnight,52021,UNK,4,9.67,-313,0,BREAK,UP,52049,1,52,0
2026-07-24 11:05:00,Pivot,Session,52043,UNK,4,9.67,-313,0,REJECT,UP,52049,1,30,8
2026-07-24 11:20:00,PWL,PriorWeek,52174,UNK,3,22,-191,0,REJECT,DOWN,52164,1,81,22
2026-07-24 11:20:00,ONH,Overnight,52196,UNK,2,22,-191,1,BREAK,DOWN,52164,1,59,44
2026-07-24 11:20:00,Y-Mid,Session,52118,UNK,5,22,-191,0,BREAK,UP,52164,1,137,0
2026-07-24 12:50:00,ONH,Overnight,52196,UNK,3,-20.33,-174,0,BREAK,DOWN,52174,1,13,36
2026-07-24 12:55:00,PWL,PriorWeek,52174,UNK,4,-30.33,-201,1,BREAK,DOWN,52154,1,5,33
2026-07-24 13:15:00,Y-Mid,Session,52118,UNK,6,-2.33,-259,1,BREAK,UP,52156,1,46,15
2026-07-24 13:50:00,ONH,Overnight,52196,UNK,4,9.33,-198,1,BREAK,DOWN,52176,1,0,35
2026-07-24 14:05:00,PWL,PriorWeek,52174,UNK,5,-10,-199,0,REJECT,DOWN,52168,3,15,20
2026-07-24 14:30:00,Y-Mid,Session,52118,UNK,7,-7.33,-235,0,BREAK,DOWN,52091,1,23,29
2026-07-24 14:40:00,Pivot,Session,52043,UNK,5,-25,-343,1,REJECT,UP,52057,1,25,31
2026-07-24 14:45:00,ONM,Overnight,52021,UNK,5,-38,-318,0,BREAK,UP,52044,1,37,1
2026-07-19 18:50:00,R1,Session,52366,UNK,1,7,-12,1,REJECT,DOWN,52355,1,0,21
2026-07-19 20:10:00,R1,Session,52366,UNK,2,1,-20,1,BREAK,UP,52389,1,36,9
2026-07-19 20:15:00,PWC,PriorWeek,52375,UNK,1,11,14,0,REJECT,UP,52383,1,24,0
2026-07-19 21:10:00,R1,Session,52366,UNK,3,7.33,5,0,BREAK,UP,52392,1,28,0
2026-07-19 21:25:00,PWC,PriorWeek,52375,UNK,2,6.67,17,0,REJECT,UP,52385,3,23,17
2026-07-20 00:00:00,R1,Session,52366,UNK,4,5.33,-16,1,BREAK,DOWN,52343,2,0,30
2026-07-20 00:45:00,R1,Session,52366,UNK,1,13.33,-10,1,BREAK,UP,52389,2,25,4
2026-07-20 00:50:00,PWC,PriorWeek,52375,UNK,1,13.67,1,0,BREAK,UP,52396,2,21,0
2026-07-20 03:30:00,R1,Session,52366,UNK,2,-2.67,-21,1,BREAK,UP,52381,1,25,8
2026-07-20 03:35:00,PWC,PriorWeek,52375,UNK,2,12,6,0,BREAK,UP,52435,1,65,0
2026-07-20 10:00:00,PWC,PriorWeek,52375,UNK,3,-30,-33,1,BREAK,DOWN,52319,1,0,56
2026-07-20 10:00:00,R1,Session,52366,UNK,3,-30,-33,1,BREAK,DOWN,52319,1,0,47
2026-07-20 10:40:00,ONH,Overnight,52196,UNK,1,-2.33,-173,0,BREAK,UP,52228,1,42,20
2026-07-20 10:45:00,PWL,PriorWeek,52174,UNK,1,-17.33,-147,0,BREAK,UP,52198,1,75,0
2026-07-20 12:50:00,PWL,PriorWeek,52174,UNK,2,-9,-139,0,BREAK,UP,52278,1,112,0
2026-07-20 12:50:00,ONH,Overnight,52196,UNK,2,-9,-139,0,BREAK,UP,52278,1,90,0
2026-07-20 13:35:00,Y-Mid,Session,52118,UNK,1,-12,-235,0,BREAK,UP,52167,1,52,0
2026-07-20 14:05:00,PWL,PriorWeek,52174,UNK,3,-7.33,-197,0,BREAK,UP,52206,2,50,19
2026-07-20 14:15:00,ONH,Overnight,52196,UNK,3,16.67,-169,0,BREAK,UP,52217,2,31,12
2026-07-20 14:40:00,Y-Mid,Session,52118,UNK,2,-11,-257,1,BREAK,DOWN,52103,1,32,18
2026-07-20 14:50:00,Pivot,Session,52043,UNK,1,-22.33,-336,1,REJECT,UP,52047,1,21,17
2026-07-20 15:20:00,ONM,Overnight,52021,UNK,1,1.67,-363,1,REJECT,UP,52030,1,28,22
2026-07-20 15:55:00,Y-Mid,Session,52118,UNK,3,7.33,-261,1,BREAK,DOWN,52079,1,0,58
2026-07-20 16:05:00,Pivot,Session,52043,UNK,2,-4,-296,0,BREAK,UP,52089,1,65,0
2026-07-20 18:10:00,Y-Mid,Session,52118,UNK,4,12.33,-298,1,BREAK,DOWN,52070,1,0,59
2026-07-20 18:10:00,Pivot,Session,52043,UNK,3,12.33,-298,0,BREAK,UP,52070,1,33,0
2026-07-20 19:50:00,Y-Mid,Session,52118,UNK,5,8.33,-262,1,BREAK,DOWN,52101,3,2,21
2026-07-20 20:15:00,Pivot,Session,52043,UNK,4,-12.33,-324,0,REJECT,UP,52055,1,36,0
2026-07-20 21:05:00,Y-Mid,Session,52118,UNK,6,1,-269,1,BREAK,DOWN,52097,1,0,32
2026-07-20 22:10:00,Y-Mid,Session,52118,UNK,7,1,-265,1,BREAK,DOWN,52102,1,6,18
2026-07-20 23:55:00,PWL,PriorWeek,52174,UNK,4,4.33,-204,1,HOLD,NONE,52181,6,8,11
2026-07-21 00:05:00,ONH,Overnight,52196,UNK,1,5,-175,0,BREAK,UP,52212,1,21,0
2026-07-21 03:35:00,ONH,Overnight,52196,UNK,2,-15.33,-163,0,BREAK,UP,52234,1,38,6
2026-07-21 08:10:00,ONH,Overnight,52196,UNK,3,-4.67,-183,1,REJECT,UP,52204,3,24,15
2026-07-21 08:25:00,PWL,PriorWeek,52174,UNK,1,3.67,-200,0,BREAK,UP,52195,1,25,8
2026-07-21 08:50:00,Y-Mid,Session,52118,UNK,1,-7.33,-225,0,BREAK,UP,52198,1,84,0
2026-07-21 09:10:00,ONH,Overnight,52196,UNK,4,6.33,-165,0,REJECT,UP,52199,3,20,16
2026-07-21 09:50:00,PWL,PriorWeek,52174,UNK,2,-20.33,-268,1,REJECT,UP,52187,1,29,67
2026-07-21 09:50:00,Y-Mid,Session,52118,UNK,2,-20.33,-268,1,BREAK,UP,52187,1,85,11
2026-07-21 10:00:00,ONH,Overnight,52196,UNK,5,-31.67,-180,1,BREAK,UP,52218,1,41,32
2026-07-21 10:15:00,R1,Session,52366,UNK,1,45.67,-42,1,REJECT,UP,52379,1,23,49
2026-07-21 10:20:00,PWC,PriorWeek,52375,UNK,1,45.67,-42,1,REJECT,DOWN,52367,2,14,58
2026-07-21 11:20:00,R1,Session,52366,UNK,2,12.67,-19,1,BREAK,UP,52402,1,39,16
2026-07-21 11:25:00,PWC,PriorWeek,52375,UNK,2,11.67,27,0,REJECT,UP,52384,1,66,0
2026-07-21 21:30:00,PWC,PriorWeek,52375,UNK,3,-7,2,0,BREAK,UP,52390,1,22,0
2026-07-22 02:30:00,PWC,PriorWeek,52375,UNK,1,-10.33,-13,1,BREAK,DOWN,52350,1,0,28
2026-07-22 02:30:00,R1,Session,52366,UNK,1,-10.33,-13,1,BREAK,DOWN,52350,1,0,19
2026-07-22 03:35:00,PWC,PriorWeek,52375,UNK,2,15.33,-20,1,BREAK,DOWN,52321,1,0,54
2026-07-22 03:35:00,R1,Session,52366,UNK,2,15.33,-20,1,BREAK,DOWN,52321,1,0,45
2026-07-22 04:35:00,PWC,PriorWeek,52375,UNK,3,5,36,0,BREAK,UP,52428,1,59,0
2026-07-22 06:00:00,PWC,PriorWeek,52375,UNK,4,5,-1,1,BREAK,UP,52401,1,29,0
2026-07-22 06:00:00,R1,Session,52366,UNK,3,5,-1,0,BREAK,UP,52401,1,38,0
2026-07-22 07:15:00,PWC,PriorWeek,52375,UNK,5,-7,29,0,REJECT,UP,52377,1,46,7
2026-07-22 07:15:00,R1,Session,52366,UNK,4,-7,29,0,REJECT,UP,52377,1,55,0
2026-07-22 08:40:00,PWC,PriorWeek,52375,UNK,6,-0.33,10,0,BREAK,UP,52390,1,22,0
2026-07-22 08:40:00,R1,Session,52366,UNK,5,-0.33,10,0,BREAK,UP,52390,1,31,0
2026-07-22 09:40:00,PWC,PriorWeek,52375,UNK,7,27.33,145,0,BREAK,UP,52519,1,186,0
2026-07-22 10:05:00,PMC,PriorMonth,52670,UNK,1,27.33,269,1,BREAK,UP,52688,1,27,44
2026-07-22 10:05:00,PWM,PriorWeek,52644,UNK,1,27.33,269,1,BREAK,UP,52688,1,53,18
2026-07-22 12:15:00,PWM,PriorWeek,52644,UNK,2,6.33,258,1,BREAK,DOWN,52610,1,0,35
2026-07-22 18:40:00,PWC,PriorWeek,52375,UNK,8,-8.67,2,0,BREAK,DOWN,52357,1,6,21
2026-07-22 18:55:00,R1,Session,52366,UNK,6,-9.67,-18,1,BREAK,UP,52390,3,24,12
2026-07-22 19:50:00,PWC,PriorWeek,52375,UNK,9,-4,6,0,BREAK,UP,52399,3,30,0
2026-07-22 23:35:00,PWC,PriorWeek,52375,UNK,10,-10.67,17,0,REJECT,UP,52389,1,29,0
2026-07-23 00:10:00,PWC,PriorWeek,52375,UNK,1,-7,-1,1,REJECT,DOWN,52373,1,5,25
2026-07-23 00:15:00,R1,Session,52366,UNK,1,-10.67,-2,0,BREAK,UP,52386,1,20,0
2026-07-23 01:30:00,R1,Session,52366,UNK,2,-2,4,0,BREAK,UP,52400,3,34,3
2026-07-23 01:30:00,PWC,PriorWeek,52375,UNK,2,-5.33,-1,1,BREAK,UP,52400,5,25,13
2026-07-23 02:25:00,R1,Session,52366,UNK,3,7,-10,1,REJECT,DOWN,52353,1,4,20
2026-07-23 03:20:00,PWL,PriorWeek,52174,UNK,1,-26,-185,0,BREAK,UP,52209,1,45,0
2026-07-23 03:20:00,ONH,Overnight,52196,UNK,1,-26,-185,1,REJECT,UP,52209,1,23,6
2026-07-23 07:35:00,ONH,Overnight,52196,UNK,2,-11.67,-171,0,BREAK,DOWN,52179,2,19,32
2026-07-23 07:40:00,PWL,PriorWeek,52174,UNK,2,-19.33,-196,0,BREAK,DOWN,52119,1,8,72
2026-07-23 07:45:00,Y-Mid,Session,52118,UNK,1,-22,-256,0,REJECT,DOWN,52112,1,21,22
2026-07-23 08:25:00,ONM,Overnight,52021,UNK,1,-26,-330,0,BREAK,DOWN,51987,1,21,39
2026-07-23 08:25:00,Pivot,Session,52043,UNK,1,-26,-330,0,BREAK,DOWN,51987,1,0,61
2026-07-23 09:10:00,ONL,Overnight,51846,UNK,1,-14.67,-516,0,BREAK,DOWN,51830,1,21,26
2026-07-23 09:35:00,Put Wall 0DTE,Gamma,51750,UNK,1,-16.67,-605,0,BREAK,UP,52035,1,299,14
2026-07-23 09:40:00,ONM,Overnight,52021,UNK,2,-15,-340,0,BREAK,UP,52041,1,53,42
2026-07-23 09:40:00,Pivot,Session,52043,UNK,2,-15,-340,1,REJECT,DOWN,52041,1,31,64
2026-07-23 10:15:00,ONL,Overnight,51846,UNK,2,-1.67,-528,0,BREAK,UP,51908,1,116,3
2026-07-23 11:15:00,ONL,Overnight,51846,UNK,3,-14.67,-520,0,BREAK,DOWN,51825,1,13,39
2026-07-23 11:40:00,Put Wall 0DTE,Gamma,51750,UNK,2,-14.33,-567,0,BREAK,UP,51900,1,154,0
2026-07-23 13:45:00,ONL,Overnight,51846,UNK,4,-19,-533,1,REJECT,DOWN,51833,1,1,29
2026-07-23 14:45:00,ONL,Overnight,51846,UNK,5,10.33,-558,1,BREAK,DOWN,51831,1,0,42
2026-07-23 15:45:00,ONL,Overnight,51846,UNK,6,-1,-526,0,BREAK,DOWN,51829,1,7,19
2026-07-23 19:50:00,ONL,Overnight,51846,UNK,7,1.33,-499,0,BREAK,UP,51882,1,49,0
2026-07-24 03:15:00,ONM,Overnight,52021,UNK,1,27.33,-339,0,BREAK,UP,52041,1,23,0
2026-07-24 03:20:00,Pivot,Session,52043,UNK,1,35,-334,1,BREAK,UP,52072,1,35,10
2026-07-24 03:40:00,Y-Mid,Session,52118,UNK,1,21.33,-283,1,BREAK,DOWN,52080,1,0,44
2026-07-24 04:55:00,Y-Mid,Session,52118,UNK,2,15.33,-260,1,BREAK,DOWN,52093,4,18,28
2026-07-24 06:05:00,PWL,PriorWeek,52174,UNK,1,12,-209,1,REJECT,UP,52181,5,22,15
2026-07-24 06:10:00,ONH,Overnight,52196,UNK,1,3.33,-194,1,BREAK,DOWN,52165,1,0,36
2026-07-24 06:55:00,PWL,PriorWeek,52174,UNK,2,0,-211,1,BREAK,DOWN,52154,3,5,20
2026-07-24 07:10:00,Y-Mid,Session,52118,UNK,3,-5,-250,0,BREAK,UP,52134,1,16,8
2026-07-24 08:10:00,Y-Mid,Session,52118,UNK,4,17,-273,1,REJECT,DOWN,52110,1,0,36
2026-07-24 09:00:00,Pivot,Session,52043,UNK,2,-8.67,-329,0,BREAK,DOWN,52021,1,3,31
2026-07-24 09:05:00,ONM,Overnight,52021,UNK,2,-21.33,-354,1,REJECT,UP,52028,1,24,0
2026-07-24 10:00:00,Pivot,Session,52043,UNK,3,44.67,-389,1,BREAK,DOWN,51984,1,0,97
2026-07-24 10:05:00,ONM,Overnight,52021,UNK,3,4.33,-391,1,BREAK,DOWN,51973,1,9,64
2026-07-24 11:05:00,ONM,Overnight,52021,UNK,4,9.67,-313,0,BREAK,UP,52049,1,52,0
2026-07-24 11:05:00,Pivot,Session,52043,UNK,4,9.67,-313,0,REJECT,UP,52049,1,30,8
2026-07-24 11:20:00,PWL,PriorWeek,52174,UNK,3,22,-191,0,REJECT,DOWN,52164,1,81,22
2026-07-24 11:20:00,ONH,Overnight,52196,UNK,2,22,-191,1,BREAK,DOWN,52164,1,59,44
2026-07-24 11:20:00,Y-Mid,Session,52118,UNK,5,22,-191,0,BREAK,UP,52164,1,137,0
2026-07-24 12:50:00,ONH,Overnight,52196,UNK,3,-20.33,-174,0,BREAK,DOWN,52174,1,13,36
2026-07-24 12:55:00,PWL,PriorWeek,52174,UNK,4,-30.33,-201,1,BREAK,DOWN,52154,1,5,33
2026-07-24 13:15:00,Y-Mid,Session,52118,UNK,6,-2.33,-259,1,BREAK,UP,52156,1,46,15
2026-07-24 13:50:00,ONH,Overnight,52196,UNK,4,9.33,-198,1,BREAK,DOWN,52176,1,0,35
2026-07-24 14:05:00,PWL,PriorWeek,52174,UNK,5,-10,-199,0,REJECT,DOWN,52168,3,15,20
2026-07-24 14:30:00,Y-Mid,Session,52118,UNK,7,-7.33,-235,0,BREAK,DOWN,52091,1,23,29
2026-07-24 14:40:00,Pivot,Session,52043,UNK,5,-25,-343,1,REJECT,UP,52057,1,25,31
2026-07-24 14:45:00,ONM,Overnight,52021,UNK,5,-38,-318,0,BREAK,UP,52044,1,37,1
2026-07-19 18:50:00,R1,Session,52366,UNK,1,7,-12,1,REJECT,DOWN,52355,1,0,21
2026-07-19 20:10:00,R1,Session,52366,UNK,2,1,-20,1,BREAK,UP,52389,1,36,9
2026-07-19 20:15:00,PWC,PriorWeek,52375,UNK,1,11,14,0,REJECT,UP,52383,1,24,0
2026-07-19 21:10:00,R1,Session,52366,UNK,3,7.33,5,0,BREAK,UP,52392,1,28,0
2026-07-19 21:25:00,PWC,PriorWeek,52375,UNK,2,6.67,17,0,REJECT,UP,52385,3,23,17
2026-07-20 00:00:00,R1,Session,52366,UNK,4,5.33,-16,1,BREAK,DOWN,52343,2,0,30
2026-07-20 00:45:00,R1,Session,52366,UNK,1,13.33,-10,1,BREAK,UP,52389,2,25,4
2026-07-20 00:50:00,PWC,PriorWeek,52375,UNK,1,13.67,1,0,BREAK,UP,52396,2,21,0
2026-07-20 03:30:00,R1,Session,52366,UNK,2,-2.67,-21,1,BREAK,UP,52381,1,25,8
2026-07-20 03:35:00,PWC,PriorWeek,52375,UNK,2,12,6,0,BREAK,UP,52435,1,65,0
2026-07-20 10:00:00,PWC,PriorWeek,52375,UNK,3,-30,-33,1,BREAK,DOWN,52319,1,0,56
2026-07-20 10:00:00,R1,Session,52366,UNK,3,-30,-33,1,BREAK,DOWN,52319,1,0,47
2026-07-20 10:40:00,ONH,Overnight,52196,UNK,1,-2.33,-173,0,BREAK,UP,52228,1,42,20
2026-07-20 10:45:00,PWL,PriorWeek,52174,UNK,1,-17.33,-147,0,BREAK,UP,52198,1,75,0
2026-07-20 12:50:00,PWL,PriorWeek,52174,UNK,2,-9,-139,0,BREAK,UP,52278,1,112,0
2026-07-20 12:50:00,ONH,Overnight,52196,UNK,2,-9,-139,0,BREAK,UP,52278,1,90,0
2026-07-20 13:35:00,Y-Mid,Session,52118,UNK,1,-12,-235,0,BREAK,UP,52167,1,52,0
2026-07-20 14:05:00,PWL,PriorWeek,52174,UNK,3,-7.33,-197,0,BREAK,UP,52206,2,50,19
2026-07-20 14:15:00,ONH,Overnight,52196,UNK,3,16.67,-169,0,BREAK,UP,52217,2,31,12
2026-07-20 14:40:00,Y-Mid,Session,52118,UNK,2,-11,-257,1,BREAK,DOWN,52103,1,32,18
2026-07-20 14:50:00,Pivot,Session,52043,UNK,1,-22.33,-336,1,REJECT,UP,52047,1,21,17
2026-07-20 15:20:00,ONM,Overnight,52021,UNK,1,1.67,-363,1,REJECT,UP,52030,1,28,22
2026-07-20 15:55:00,Y-Mid,Session,52118,UNK,3,7.33,-261,1,BREAK,DOWN,52079,1,0,58
2026-07-20 16:05:00,Pivot,Session,52043,UNK,2,-4,-296,0,BREAK,UP,52089,1,65,0
2026-07-20 18:10:00,Y-Mid,Session,52118,UNK,4,12.33,-298,1,BREAK,DOWN,52070,1,0,59
2026-07-20 18:10:00,Pivot,Session,52043,UNK,3,12.33,-298,0,BREAK,UP,52070,1,33,0
2026-07-20 19:50:00,Y-Mid,Session,52118,UNK,5,8.33,-262,1,BREAK,DOWN,52101,3,2,21
2026-07-20 20:15:00,Pivot,Session,52043,UNK,4,-12.33,-324,0,REJECT,UP,52055,1,36,0
2026-07-20 21:05:00,Y-Mid,Session,52118,UNK,6,1,-269,1,BREAK,DOWN,52097,1,0,32
2026-07-20 22:10:00,Y-Mid,Session,52118,UNK,7,1,-265,1,BREAK,DOWN,52102,1,6,18
2026-07-20 23:55:00,PWL,PriorWeek,52174,UNK,4,4.33,-204,1,HOLD,NONE,52181,6,8,11
2026-07-21 00:05:00,ONH,Overnight,52196,UNK,1,5,-175,0,BREAK,UP,52212,1,21,0
2026-07-21 03:35:00,ONH,Overnight,52196,UNK,2,-15.33,-163,0,BREAK,UP,52234,1,38,6
2026-07-21 08:10:00,ONH,Overnight,52196,UNK,3,-4.67,-183,1,REJECT,UP,52204,3,24,15
2026-07-21 08:25:00,PWL,PriorWeek,52174,UNK,1,3.67,-200,0,BREAK,UP,52195,1,25,8
2026-07-21 08:50:00,Y-Mid,Session,52118,UNK,1,-7.33,-225,0,BREAK,UP,52198,1,84,0
2026-07-21 09:10:00,ONH,Overnight,52196,UNK,4,6.33,-165,0,REJECT,UP,52199,3,20,16
2026-07-21 09:50:00,PWL,PriorWeek,52174,UNK,2,-20.33,-268,1,REJECT,UP,52187,1,29,67
2026-07-21 09:50:00,Y-Mid,Session,52118,UNK,2,-20.33,-268,1,BREAK,UP,52187,1,85,11
2026-07-21 10:00:00,ONH,Overnight,52196,UNK,5,-31.67,-180,1,BREAK,UP,52218,1,41,32
2026-07-21 10:15:00,R1,Session,52366,UNK,1,45.67,-42,1,REJECT,UP,52379,1,23,49
2026-07-21 10:20:00,PWC,PriorWeek,52375,UNK,1,45.67,-42,1,REJECT,DOWN,52367,2,14,58
2026-07-21 11:20:00,R1,Session,52366,UNK,2,12.67,-19,1,BREAK,UP,52402,1,39,16
2026-07-21 11:25:00,PWC,PriorWeek,52375,UNK,2,11.67,27,0,REJECT,UP,52384,1,66,0
2026-07-21 21:30:00,PWC,PriorWeek,52375,UNK,3,-7,2,0,BREAK,UP,52390,1,22,0
2026-07-22 02:30:00,PWC,PriorWeek,52375,UNK,1,-10.33,-13,1,BREAK,DOWN,52350,1,0,28
2026-07-22 02:30:00,R1,Session,52366,UNK,1,-10.33,-13,1,BREAK,DOWN,52350,1,0,19
2026-07-22 03:35:00,PWC,PriorWeek,52375,UNK,2,15.33,-20,1,BREAK,DOWN,52321,1,0,54
2026-07-22 03:35:00,R1,Session,52366,UNK,2,15.33,-20,1,BREAK,DOWN,52321,1,0,45
2026-07-22 04:35:00,PWC,PriorWeek,52375,UNK,3,5,36,0,BREAK,UP,52428,1,59,0
2026-07-22 06:00:00,PWC,PriorWeek,52375,UNK,4,5,-1,1,BREAK,UP,52401,1,29,0
2026-07-22 06:00:00,R1,Session,52366,UNK,3,5,-1,0,BREAK,UP,52401,1,38,0
2026-07-22 07:15:00,PWC,PriorWeek,52375,UNK,5,-7,29,0,REJECT,UP,52377,1,46,7
2026-07-22 07:15:00,R1,Session,52366,UNK,4,-7,29,0,REJECT,UP,52377,1,55,0
2026-07-22 08:40:00,PWC,PriorWeek,52375,UNK,6,-0.33,10,0,BREAK,UP,52390,1,22,0
2026-07-22 08:40:00,R1,Session,52366,UNK,5,-0.33,10,0,BREAK,UP,52390,1,31,0
2026-07-22 09:40:00,PWC,PriorWeek,52375,UNK,7,27.33,145,0,BREAK,UP,52519,1,186,0
2026-07-22 10:05:00,PMC,PriorMonth,52670,UNK,1,27.33,269,1,BREAK,UP,52688,1,27,44
2026-07-22 10:05:00,PWM,PriorWeek,52644,UNK,1,27.33,269,1,BREAK,UP,52688,1,53,18
2026-07-22 12:15:00,PWM,PriorWeek,52644,UNK,2,6.33,258,1,BREAK,DOWN,52610,1,0,35
2026-07-22 18:40:00,PWC,PriorWeek,52375,UNK,8,-8.67,2,0,BREAK,DOWN,52357,1,6,21
2026-07-22 18:55:00,R1,Session,52366,UNK,6,-9.67,-18,1,BREAK,UP,52390,3,24,12
2026-07-22 19:50:00,PWC,PriorWeek,52375,UNK,9,-4,6,0,BREAK,UP,52399,3,30,0
2026-07-22 23:35:00,PWC,PriorWeek,52375,UNK,10,-10.67,17,0,REJECT,UP,52389,1,29,0
2026-07-23 00:10:00,PWC,PriorWeek,52375,UNK,1,-7,-1,1,REJECT,DOWN,52373,1,5,25
2026-07-23 00:15:00,R1,Session,52366,UNK,1,-10.67,-2,0,BREAK,UP,52386,1,20,0
2026-07-23 01:30:00,R1,Session,52366,UNK,2,-2,4,0,BREAK,UP,52400,3,34,3
2026-07-23 01:30:00,PWC,PriorWeek,52375,UNK,2,-5.33,-1,1,BREAK,UP,52400,5,25,13
2026-07-23 02:25:00,R1,Session,52366,UNK,3,7,-10,1,REJECT,DOWN,52353,1,4,20
2026-07-23 03:20:00,PWL,PriorWeek,52174,UNK,1,-26,-185,0,BREAK,UP,52209,1,45,0
2026-07-23 03:20:00,ONH,Overnight,52196,UNK,1,-26,-185,1,REJECT,UP,52209,1,23,6
2026-07-23 07:35:00,ONH,Overnight,52196,UNK,2,-11.67,-171,0,BREAK,DOWN,52179,2,19,32
2026-07-23 07:40:00,PWL,PriorWeek,52174,UNK,2,-19.33,-196,0,BREAK,DOWN,52119,1,8,72
2026-07-23 07:45:00,Y-Mid,Session,52118,UNK,1,-22,-256,0,REJECT,DOWN,52112,1,21,22
2026-07-23 08:25:00,ONM,Overnight,52021,UNK,1,-26,-330,0,BREAK,DOWN,51987,1,21,39
2026-07-23 08:25:00,Pivot,Session,52043,UNK,1,-26,-330,0,BREAK,DOWN,51987,1,0,61
2026-07-23 09:10:00,ONL,Overnight,51846,UNK,1,-14.67,-516,0,BREAK,DOWN,51830,1,21,26
2026-07-23 09:35:00,Put Wall 0DTE,Gamma,51750,UNK,1,-16.67,-605,0,BREAK,UP,52035,1,299,14
2026-07-23 09:40:00,ONM,Overnight,52021,UNK,2,-15,-340,0,BREAK,UP,52041,1,53,42
2026-07-23 09:40:00,Pivot,Session,52043,UNK,2,-15,-340,1,REJECT,DOWN,52041,1,31,64
2026-07-23 10:15:00,ONL,Overnight,51846,UNK,2,-1.67,-528,0,BREAK,UP,51908,1,116,3
2026-07-23 11:15:00,ONL,Overnight,51846,UNK,3,-14.67,-520,0,BREAK,DOWN,51825,1,13,39
2026-07-23 11:40:00,Put Wall 0DTE,Gamma,51750,UNK,2,-14.33,-567,0,BREAK,UP,51900,1,154,0
2026-07-23 13:45:00,ONL,Overnight,51846,UNK,4,-19,-533,1,REJECT,DOWN,51833,1,1,29
2026-07-23 14:45:00,ONL,Overnight,51846,UNK,5,10.33,-558,1,BREAK,DOWN,51831,1,0,42
2026-07-23 15:45:00,ONL,Overnight,51846,UNK,6,-1,-526,0,BREAK,DOWN,51829,1,7,19
2026-07-23 19:50:00,ONL,Overnight,51846,UNK,7,1.33,-499,0,BREAK,UP,51882,1,49,0
2026-07-24 03:15:00,ONM,Overnight,52021,UNK,1,27.33,-339,0,BREAK,UP,52041,1,23,0
2026-07-24 03:20:00,Pivot,Session,52043,UNK,1,35,-334,1,BREAK,UP,52072,1,35,10
2026-07-24 03:40:00,Y-Mid,Session,52118,UNK,1,21.33,-283,1,BREAK,DOWN,52080,1,0,44
2026-07-24 04:55:00,Y-Mid,Session,52118,UNK,2,15.33,-260,1,BREAK,DOWN,52093,4,18,28
2026-07-24 06:05:00,PWL,PriorWeek,52174,UNK,1,12,-209,1,REJECT,UP,52181,5,22,15
2026-07-24 06:10:00,ONH,Overnight,52196,UNK,1,3.33,-194,1,BREAK,DOWN,52165,1,0,36
2026-07-24 06:55:00,PWL,PriorWeek,52174,UNK,2,0,-211,1,BREAK,DOWN,52154,3,5,20
2026-07-24 07:10:00,Y-Mid,Session,52118,UNK,3,-5,-250,0,BREAK,UP,52134,1,16,8
2026-07-24 08:10:00,Y-Mid,Session,52118,UNK,4,17,-273,1,REJECT,DOWN,52110,1,0,36
2026-07-24 09:00:00,Pivot,Session,52043,UNK,2,-8.67,-329,0,BREAK,DOWN,52021,1,3,31
2026-07-24 09:05:00,ONM,Overnight,52021,UNK,2,-21.33,-354,1,REJECT,UP,52028,1,24,0
2026-07-24 10:00:00,Pivot,Session,52043,UNK,3,44.67,-389,1,BREAK,DOWN,51984,1,0,97
2026-07-24 10:05:00,ONM,Overnight,52021,UNK,3,4.33,-391,1,BREAK,DOWN,51973,1,9,64
2026-07-24 11:05:00,ONM,Overnight,52021,UNK,4,9.67,-313,0,BREAK,UP,52049,1,52,0
2026-07-24 11:05:00,Pivot,Session,52043,UNK,4,9.67,-313,0,REJECT,UP,52049,1,30,8
2026-07-24 11:20:00,PWL,PriorWeek,52174,UNK,3,22,-191,0,REJECT,DOWN,52164,1,81,22
2026-07-24 11:20:00,ONH,Overnight,52196,UNK,2,22,-191,1,BREAK,DOWN,52164,1,59,44
2026-07-24 11:20:00,Y-Mid,Session,52118,UNK,5,22,-191,0,BREAK,UP,52164,1,137,0
2026-07-24 12:50:00,ONH,Overnight,52196,UNK,3,-20.33,-174,0,BREAK,DOWN,52174,1,13,36
2026-07-24 12:55:00,PWL,PriorWeek,52174,UNK,4,-30.33,-201,1,BREAK,DOWN,52154,1,5,33
2026-07-24 13:15:00,Y-Mid,Session,52118,UNK,6,-2.33,-259,1,BREAK,UP,52156,1,46,15
2026-07-24 13:50:00,ONH,Overnight,52196,UNK,4,9.33,-198,1,BREAK,DOWN,52176,1,0,35
2026-07-24 14:05:00,PWL,PriorWeek,52174,UNK,5,-10,-199,0,REJECT,DOWN,52168,3,15,20
2026-07-24 14:30:00,Y-Mid,Session,52118,UNK,7,-7.33,-235,0,BREAK,DOWN,52091,1,23,29
2026-07-24 14:40:00,Pivot,Session,52043,UNK,5,-25,-343,1,REJECT,UP,52057,1,25,31
2026-07-24 14:45:00,ONM,Overnight,52021,UNK,5,-38,-318,0,BREAK,UP,52044,1,37,1
2026-07-24 15:45:00,Y-Mid,Session,52118,UNK,8,-3.67,-274,1,REJECT,DOWN,52110,1,0,29
2026-07-19 18:50:00,R1,Session,52366,UNK,1,7,-12,1,REJECT,DOWN,52355,1,0,21
2026-07-19 20:10:00,R1,Session,52366,UNK,2,1,-20,1,BREAK,UP,52389,1,36,9
2026-07-19 20:15:00,PWC,PriorWeek,52375,UNK,1,11,14,0,REJECT,UP,52383,1,24,0
2026-07-19 21:10:00,R1,Session,52366,UNK,3,7.33,5,0,BREAK,UP,52392,1,28,0
2026-07-19 21:25:00,PWC,PriorWeek,52375,UNK,2,6.67,17,0,REJECT,UP,52385,3,23,17
2026-07-20 00:00:00,R1,Session,52366,UNK,4,5.33,-16,1,BREAK,DOWN,52343,2,0,30
2026-07-20 00:45:00,R1,Session,52366,UNK,1,13.33,-10,1,BREAK,UP,52389,2,25,4
2026-07-20 00:50:00,PWC,PriorWeek,52375,UNK,1,13.67,1,0,BREAK,UP,52396,2,21,0
2026-07-20 03:30:00,R1,Session,52366,UNK,2,-2.67,-21,1,BREAK,UP,52381,1,25,8
2026-07-20 03:35:00,PWC,PriorWeek,52375,UNK,2,12,6,0,BREAK,UP,52435,1,65,0
2026-07-20 10:00:00,PWC,PriorWeek,52375,UNK,3,-30,-33,1,BREAK,DOWN,52319,1,0,56
2026-07-20 10:00:00,R1,Session,52366,UNK,3,-30,-33,1,BREAK,DOWN,52319,1,0,47
2026-07-20 10:40:00,ONH,Overnight,52196,UNK,1,-2.33,-173,0,BREAK,UP,52228,1,42,20
2026-07-20 10:45:00,PWL,PriorWeek,52174,UNK,1,-17.33,-147,0,BREAK,UP,52198,1,75,0
2026-07-20 12:50:00,PWL,PriorWeek,52174,UNK,2,-9,-139,0,BREAK,UP,52278,1,112,0
2026-07-20 12:50:00,ONH,Overnight,52196,UNK,2,-9,-139,0,BREAK,UP,52278,1,90,0
2026-07-20 13:35:00,Y-Mid,Session,52118,UNK,1,-12,-235,0,BREAK,UP,52167,1,52,0
2026-07-20 14:05:00,PWL,PriorWeek,52174,UNK,3,-7.33,-197,0,BREAK,UP,52206,2,50,19
2026-07-20 14:15:00,ONH,Overnight,52196,UNK,3,16.67,-169,0,BREAK,UP,52217,2,31,12
2026-07-20 14:40:00,Y-Mid,Session,52118,UNK,2,-11,-257,1,BREAK,DOWN,52103,1,32,18
2026-07-20 14:50:00,Pivot,Session,52043,UNK,1,-22.33,-336,1,REJECT,UP,52047,1,21,17
2026-07-20 15:20:00,ONM,Overnight,52021,UNK,1,1.67,-363,1,REJECT,UP,52030,1,28,22
2026-07-20 15:55:00,Y-Mid,Session,52118,UNK,3,7.33,-261,1,BREAK,DOWN,52079,1,0,58
2026-07-20 16:05:00,Pivot,Session,52043,UNK,2,-4,-296,0,BREAK,UP,52089,1,65,0
2026-07-20 18:10:00,Y-Mid,Session,52118,UNK,4,12.33,-298,1,BREAK,DOWN,52070,1,0,59
2026-07-20 18:10:00,Pivot,Session,52043,UNK,3,12.33,-298,0,BREAK,UP,52070,1,33,0
2026-07-20 19:50:00,Y-Mid,Session,52118,UNK,5,8.33,-262,1,BREAK,DOWN,52101,3,2,21
2026-07-20 20:15:00,Pivot,Session,52043,UNK,4,-12.33,-324,0,REJECT,UP,52055,1,36,0
2026-07-20 21:05:00,Y-Mid,Session,52118,UNK,6,1,-269,1,BREAK,DOWN,52097,1,0,32
2026-07-20 22:10:00,Y-Mid,Session,52118,UNK,7,1,-265,1,BREAK,DOWN,52102,1,6,18
2026-07-20 23:55:00,PWL,PriorWeek,52174,UNK,4,4.33,-204,1,HOLD,NONE,52181,6,8,11
2026-07-21 00:05:00,ONH,Overnight,52196,UNK,1,5,-175,0,BREAK,UP,52212,1,21,0
2026-07-21 03:35:00,ONH,Overnight,52196,UNK,2,-15.33,-163,0,BREAK,UP,52234,1,38,6
2026-07-21 08:10:00,ONH,Overnight,52196,UNK,3,-4.67,-183,1,REJECT,UP,52204,3,24,15
2026-07-21 08:25:00,PWL,PriorWeek,52174,UNK,1,3.67,-200,0,BREAK,UP,52195,1,25,8
2026-07-21 08:50:00,Y-Mid,Session,52118,UNK,1,-7.33,-225,0,BREAK,UP,52198,1,84,0
2026-07-21 09:10:00,ONH,Overnight,52196,UNK,4,6.33,-165,0,REJECT,UP,52199,3,20,16
2026-07-21 09:50:00,PWL,PriorWeek,52174,UNK,2,-20.33,-268,1,REJECT,UP,52187,1,29,67
2026-07-21 09:50:00,Y-Mid,Session,52118,UNK,2,-20.33,-268,1,BREAK,UP,52187,1,85,11
2026-07-21 10:00:00,ONH,Overnight,52196,UNK,5,-31.67,-180,1,BREAK,UP,52218,1,41,32
2026-07-21 10:15:00,R1,Session,52366,UNK,1,45.67,-42,1,REJECT,UP,52379,1,23,49
2026-07-21 10:20:00,PWC,PriorWeek,52375,UNK,1,45.67,-42,1,REJECT,DOWN,52367,2,14,58
2026-07-21 11:20:00,R1,Session,52366,UNK,2,12.67,-19,1,BREAK,UP,52402,1,39,16
2026-07-21 11:25:00,PWC,PriorWeek,52375,UNK,2,11.67,27,0,REJECT,UP,52384,1,66,0
2026-07-21 21:30:00,PWC,PriorWeek,52375,UNK,3,-7,2,0,BREAK,UP,52390,1,22,0
2026-07-22 02:30:00,PWC,PriorWeek,52375,UNK,1,-10.33,-13,1,BREAK,DOWN,52350,1,0,28
2026-07-22 02:30:00,R1,Session,52366,UNK,1,-10.33,-13,1,BREAK,DOWN,52350,1,0,19
2026-07-22 03:35:00,PWC,PriorWeek,52375,UNK,2,15.33,-20,1,BREAK,DOWN,52321,1,0,54
2026-07-22 03:35:00,R1,Session,52366,UNK,2,15.33,-20,1,BREAK,DOWN,52321,1,0,45
2026-07-22 04:35:00,PWC,PriorWeek,52375,UNK,3,5,36,0,BREAK,UP,52428,1,59,0
2026-07-22 06:00:00,PWC,PriorWeek,52375,UNK,4,5,-1,1,BREAK,UP,52401,1,29,0
2026-07-22 06:00:00,R1,Session,52366,UNK,3,5,-1,0,BREAK,UP,52401,1,38,0
2026-07-22 07:15:00,PWC,PriorWeek,52375,UNK,5,-7,29,0,REJECT,UP,52377,1,46,7
2026-07-22 07:15:00,R1,Session,52366,UNK,4,-7,29,0,REJECT,UP,52377,1,55,0
2026-07-22 08:40:00,PWC,PriorWeek,52375,UNK,6,-0.33,10,0,BREAK,UP,52390,1,22,0
2026-07-22 08:40:00,R1,Session,52366,UNK,5,-0.33,10,0,BREAK,UP,52390,1,31,0
2026-07-22 09:40:00,PWC,PriorWeek,52375,UNK,7,27.33,145,0,BREAK,UP,52519,1,186,0
2026-07-22 10:05:00,PMC,PriorMonth,52670,UNK,1,27.33,269,1,BREAK,UP,52688,1,27,44
2026-07-22 10:05:00,PWM,PriorWeek,52644,UNK,1,27.33,269,1,BREAK,UP,52688,1,53,18
2026-07-22 12:15:00,PWM,PriorWeek,52644,UNK,2,6.33,258,1,BREAK,DOWN,52610,1,0,35
2026-07-22 18:40:00,PWC,PriorWeek,52375,UNK,8,-8.67,2,0,BREAK,DOWN,52357,1,6,21
2026-07-22 18:55:00,R1,Session,52366,UNK,6,-9.67,-18,1,BREAK,UP,52390,3,24,12
2026-07-22 19:50:00,PWC,PriorWeek,52375,UNK,9,-4,6,0,BREAK,UP,52399,3,30,0
2026-07-22 23:35:00,PWC,PriorWeek,52375,UNK,10,-10.67,17,0,REJECT,UP,52389,1,29,0
2026-07-23 00:10:00,PWC,PriorWeek,52375,UNK,1,-7,-1,1,REJECT,DOWN,52373,1,5,25
2026-07-23 00:15:00,R1,Session,52366,UNK,1,-10.67,-2,0,BREAK,UP,52386,1,20,0
2026-07-23 01:30:00,R1,Session,52366,UNK,2,-2,4,0,BREAK,UP,52400,3,34,3
2026-07-23 01:30:00,PWC,PriorWeek,52375,UNK,2,-5.33,-1,1,BREAK,UP,52400,5,25,13
2026-07-23 02:25:00,R1,Session,52366,UNK,3,7,-10,1,REJECT,DOWN,52353,1,4,20
2026-07-23 03:20:00,PWL,PriorWeek,52174,UNK,1,-26,-185,0,BREAK,UP,52209,1,45,0
2026-07-23 03:20:00,ONH,Overnight,52196,UNK,1,-26,-185,1,REJECT,UP,52209,1,23,6
2026-07-23 07:35:00,ONH,Overnight,52196,UNK,2,-11.67,-171,0,BREAK,DOWN,52179,2,19,32
2026-07-23 07:40:00,PWL,PriorWeek,52174,UNK,2,-19.33,-196,0,BREAK,DOWN,52119,1,8,72
2026-07-23 07:45:00,Y-Mid,Session,52118,UNK,1,-22,-256,0,REJECT,DOWN,52112,1,21,22
2026-07-23 08:25:00,ONM,Overnight,52021,UNK,1,-26,-330,0,BREAK,DOWN,51987,1,21,39
2026-07-23 08:25:00,Pivot,Session,52043,UNK,1,-26,-330,0,BREAK,DOWN,51987,1,0,61
2026-07-23 09:10:00,ONL,Overnight,51846,UNK,1,-14.67,-516,0,BREAK,DOWN,51830,1,21,26
2026-07-23 09:35:00,Put Wall 0DTE,Gamma,51750,UNK,1,-16.67,-605,0,BREAK,UP,52035,1,299,14
2026-07-23 09:40:00,ONM,Overnight,52021,UNK,2,-15,-340,0,BREAK,UP,52041,1,53,42
2026-07-23 09:40:00,Pivot,Session,52043,UNK,2,-15,-340,1,REJECT,DOWN,52041,1,31,64
2026-07-23 10:15:00,ONL,Overnight,51846,UNK,2,-1.67,-528,0,BREAK,UP,51908,1,116,3
2026-07-23 11:15:00,ONL,Overnight,51846,UNK,3,-14.67,-520,0,BREAK,DOWN,51825,1,13,39
2026-07-23 11:40:00,Put Wall 0DTE,Gamma,51750,UNK,2,-14.33,-567,0,BREAK,UP,51900,1,154,0
2026-07-23 13:45:00,ONL,Overnight,51846,UNK,4,-19,-533,1,REJECT,DOWN,51833,1,1,29
2026-07-23 14:45:00,ONL,Overnight,51846,UNK,5,10.33,-558,1,BREAK,DOWN,51831,1,0,42
2026-07-23 15:45:00,ONL,Overnight,51846,UNK,6,-1,-526,0,BREAK,DOWN,51829,1,7,19
2026-07-23 19:50:00,ONL,Overnight,51846,UNK,7,1.33,-499,0,BREAK,UP,51882,1,49,0
2026-07-24 03:15:00,ONM,Overnight,52021,UNK,1,27.33,-339,0,BREAK,UP,52041,1,23,0
2026-07-24 03:20:00,Pivot,Session,52043,UNK,1,35,-334,1,BREAK,UP,52072,1,35,10
2026-07-24 03:40:00,Y-Mid,Session,52118,UNK,1,21.33,-283,1,BREAK,DOWN,52080,1,0,44
2026-07-24 04:55:00,Y-Mid,Session,52118,UNK,2,15.33,-260,1,BREAK,DOWN,52093,4,18,28
2026-07-24 06:05:00,PWL,PriorWeek,52174,UNK,1,12,-209,1,REJECT,UP,52181,5,22,15
2026-07-24 06:10:00,ONH,Overnight,52196,UNK,1,3.33,-194,1,BREAK,DOWN,52165,1,0,36
2026-07-24 06:55:00,PWL,PriorWeek,52174,UNK,2,0,-211,1,BREAK,DOWN,52154,3,5,20
2026-07-24 07:10:00,Y-Mid,Session,52118,UNK,3,-5,-250,0,BREAK,UP,52134,1,16,8
2026-07-24 08:10:00,Y-Mid,Session,52118,UNK,4,17,-273,1,REJECT,DOWN,52110,1,0,36
2026-07-24 09:00:00,Pivot,Session,52043,UNK,2,-8.67,-329,0,BREAK,DOWN,52021,1,3,31
2026-07-24 09:05:00,ONM,Overnight,52021,UNK,2,-21.33,-354,1,REJECT,UP,52028,1,24,0
2026-07-24 10:00:00,Pivot,Session,52043,UNK,3,44.67,-389,1,BREAK,DOWN,51984,1,0,97
2026-07-24 10:05:00,ONM,Overnight,52021,UNK,3,4.33,-391,1,BREAK,DOWN,51973,1,9,64
2026-07-24 11:05:00,ONM,Overnight,52021,UNK,4,9.67,-313,0,BREAK,UP,52049,1,52,0
2026-07-24 11:05:00,Pivot,Session,52043,UNK,4,9.67,-313,0,REJECT,UP,52049,1,30,8
2026-07-24 11:20:00,PWL,PriorWeek,52174,UNK,3,22,-191,0,REJECT,DOWN,52164,1,81,22
2026-07-24 11:20:00,ONH,Overnight,52196,UNK,2,22,-191,1,BREAK,DOWN,52164,1,59,44
2026-07-24 11:20:00,Y-Mid,Session,52118,UNK,5,22,-191,0,BREAK,UP,52164,1,137,0
2026-07-24 12:50:00,ONH,Overnight,52196,UNK,3,-20.33,-174,0,BREAK,DOWN,52174,1,13,36
2026-07-24 12:55:00,PWL,PriorWeek,52174,UNK,4,-30.33,-201,1,BREAK,DOWN,52154,1,5,33
2026-07-24 13:15:00,Y-Mid,Session,52118,UNK,6,-2.33,-259,1,BREAK,UP,52156,1,46,15
2026-07-24 13:50:00,ONH,Overnight,52196,UNK,4,9.33,-198,1,BREAK,DOWN,52176,1,0,35
2026-07-24 14:05:00,PWL,PriorWeek,52174,UNK,5,-10,-199,0,REJECT,DOWN,52168,3,15,20
2026-07-24 14:30:00,Y-Mid,Session,52118,UNK,7,-7.33,-235,0,BREAK,DOWN,52091,1,23,29
2026-07-24 14:40:00,Pivot,Session,52043,UNK,5,-25,-343,1,REJECT,UP,52057,1,25,31
2026-07-24 14:45:00,ONM,Overnight,52021,UNK,5,-38,-318,0,BREAK,UP,52044,1,37,1
2026-07-24 15:45:00,Y-Mid,Session,52118,UNK,8,-3.67,-274,1,REJECT,DOWN,52110,1,0,29
2026-07-19 18:50:00,R1,Session,52366,UNK,1,7,-12,1,REJECT,DOWN,52355,1,0,21
2026-07-19 20:10:00,R1,Session,52366,UNK,2,1,-20,1,BREAK,UP,52389,1,36,9
2026-07-19 20:15:00,PWC,PriorWeek,52375,UNK,1,11,14,0,REJECT,UP,52383,1,24,0
2026-07-19 21:10:00,R1,Session,52366,UNK,3,7.33,5,0,BREAK,UP,52392,1,28,0
2026-07-19 21:25:00,PWC,PriorWeek,52375,UNK,2,6.67,17,0,REJECT,UP,52385,3,23,17
2026-07-20 00:00:00,R1,Session,52366,UNK,4,5.33,-16,1,BREAK,DOWN,52343,2,0,30
2026-07-20 00:45:00,R1,Session,52366,UNK,1,13.33,-10,1,BREAK,UP,52389,2,25,4
2026-07-20 00:50:00,PWC,PriorWeek,52375,UNK,1,13.67,1,0,BREAK,UP,52396,2,21,0
2026-07-20 03:30:00,R1,Session,52366,UNK,2,-2.67,-21,1,BREAK,UP,52381,1,25,8
2026-07-20 03:35:00,PWC,PriorWeek,52375,UNK,2,12,6,0,BREAK,UP,52435,1,65,0
2026-07-20 10:00:00,PWC,PriorWeek,52375,UNK,3,-30,-33,1,BREAK,DOWN,52319,1,0,56
2026-07-20 10:00:00,R1,Session,52366,UNK,3,-30,-33,1,BREAK,DOWN,52319,1,0,47
2026-07-20 10:40:00,ONH,Overnight,52196,UNK,1,-2.33,-173,0,BREAK,UP,52228,1,42,20
2026-07-20 10:45:00,PWL,PriorWeek,52174,UNK,1,-17.33,-147,0,BREAK,UP,52198,1,75,0
2026-07-20 12:50:00,PWL,PriorWeek,52174,UNK,2,-9,-139,0,BREAK,UP,52278,1,112,0
2026-07-20 12:50:00,ONH,Overnight,52196,UNK,2,-9,-139,0,BREAK,UP,52278,1,90,0
2026-07-20 13:35:00,Y-Mid,Session,52118,UNK,1,-12,-235,0,BREAK,UP,52167,1,52,0
2026-07-20 14:05:00,PWL,PriorWeek,52174,UNK,3,-7.33,-197,0,BREAK,UP,52206,2,50,19
2026-07-20 14:15:00,ONH,Overnight,52196,UNK,3,16.67,-169,0,BREAK,UP,52217,2,31,12
2026-07-20 14:40:00,Y-Mid,Session,52118,UNK,2,-11,-257,1,BREAK,DOWN,52103,1,32,18
2026-07-20 14:50:00,Pivot,Session,52043,UNK,1,-22.33,-336,1,REJECT,UP,52047,1,21,17
2026-07-20 15:20:00,ONM,Overnight,52021,UNK,1,1.67,-363,1,REJECT,UP,52030,1,28,22
2026-07-20 15:55:00,Y-Mid,Session,52118,UNK,3,7.33,-261,1,BREAK,DOWN,52079,1,0,58
2026-07-20 16:05:00,Pivot,Session,52043,UNK,2,-4,-296,0,BREAK,UP,52089,1,65,0
2026-07-20 18:10:00,Y-Mid,Session,52118,UNK,4,12.33,-298,1,BREAK,DOWN,52070,1,0,59
2026-07-20 18:10:00,Pivot,Session,52043,UNK,3,12.33,-298,0,BREAK,UP,52070,1,33,0
2026-07-20 19:50:00,Y-Mid,Session,52118,UNK,5,8.33,-262,1,BREAK,DOWN,52101,3,2,21
2026-07-20 20:15:00,Pivot,Session,52043,UNK,4,-12.33,-324,0,REJECT,UP,52055,1,36,0
2026-07-20 21:05:00,Y-Mid,Session,52118,UNK,6,1,-269,1,BREAK,DOWN,52097,1,0,32
2026-07-20 22:10:00,Y-Mid,Session,52118,UNK,7,1,-265,1,BREAK,DOWN,52102,1,6,18
2026-07-20 23:55:00,PWL,PriorWeek,52174,UNK,4,4.33,-204,1,HOLD,NONE,52181,6,8,11
2026-07-21 00:05:00,ONH,Overnight,52196,UNK,1,5,-175,0,BREAK,UP,52212,1,21,0
2026-07-21 03:35:00,ONH,Overnight,52196,UNK,2,-15.33,-163,0,BREAK,UP,52234,1,38,6
2026-07-21 08:10:00,ONH,Overnight,52196,UNK,3,-4.67,-183,1,REJECT,UP,52204,3,24,15
2026-07-21 08:25:00,PWL,PriorWeek,52174,UNK,1,3.67,-200,0,BREAK,UP,52195,1,25,8
2026-07-21 08:50:00,Y-Mid,Session,52118,UNK,1,-7.33,-225,0,BREAK,UP,52198,1,84,0
2026-07-21 09:10:00,ONH,Overnight,52196,UNK,4,6.33,-165,0,REJECT,UP,52199,3,20,16
2026-07-21 09:50:00,PWL,PriorWeek,52174,UNK,2,-20.33,-268,1,REJECT,UP,52187,1,29,67
2026-07-21 09:50:00,Y-Mid,Session,52118,UNK,2,-20.33,-268,1,BREAK,UP,52187,1,85,11
2026-07-21 10:00:00,ONH,Overnight,52196,UNK,5,-31.67,-180,1,BREAK,UP,52218,1,41,32
2026-07-21 10:15:00,R1,Session,52366,UNK,1,45.67,-42,1,REJECT,UP,52379,1,23,49
2026-07-21 10:20:00,PWC,PriorWeek,52375,UNK,1,45.67,-42,1,REJECT,DOWN,52367,2,14,58
2026-07-21 11:20:00,R1,Session,52366,UNK,2,12.67,-19,1,BREAK,UP,52402,1,39,16
2026-07-21 11:25:00,PWC,PriorWeek,52375,UNK,2,11.67,27,0,REJECT,UP,52384,1,66,0
2026-07-21 21:30:00,PWC,PriorWeek,52375,UNK,3,-7,2,0,BREAK,UP,52390,1,22,0
2026-07-22 02:30:00,PWC,PriorWeek,52375,UNK,1,-10.33,-13,1,BREAK,DOWN,52350,1,0,28
2026-07-22 02:30:00,R1,Session,52366,UNK,1,-10.33,-13,1,BREAK,DOWN,52350,1,0,19
2026-07-22 03:35:00,PWC,PriorWeek,52375,UNK,2,15.33,-20,1,BREAK,DOWN,52321,1,0,54
2026-07-22 03:35:00,R1,Session,52366,UNK,2,15.33,-20,1,BREAK,DOWN,52321,1,0,45
2026-07-22 04:35:00,PWC,PriorWeek,52375,UNK,3,5,36,0,BREAK,UP,52428,1,59,0
2026-07-22 06:00:00,PWC,PriorWeek,52375,UNK,4,5,-1,1,BREAK,UP,52401,1,29,0
2026-07-22 06:00:00,R1,Session,52366,UNK,3,5,-1,0,BREAK,UP,52401,1,38,0
2026-07-22 07:15:00,PWC,PriorWeek,52375,UNK,5,-7,29,0,REJECT,UP,52377,1,46,7
2026-07-22 07:15:00,R1,Session,52366,UNK,4,-7,29,0,REJECT,UP,52377,1,55,0
2026-07-22 08:40:00,PWC,PriorWeek,52375,UNK,6,-0.33,10,0,BREAK,UP,52390,1,22,0
2026-07-22 08:40:00,R1,Session,52366,UNK,5,-0.33,10,0,BREAK,UP,52390,1,31,0
2026-07-22 09:40:00,PWC,PriorWeek,52375,UNK,7,27.33,145,0,BREAK,UP,52519,1,186,0
2026-07-22 10:05:00,PMC,PriorMonth,52670,UNK,1,27.33,269,1,BREAK,UP,52688,1,27,44
2026-07-22 10:05:00,PWM,PriorWeek,52644,UNK,1,27.33,269,1,BREAK,UP,52688,1,53,18
2026-07-22 12:15:00,PWM,PriorWeek,52644,UNK,2,6.33,258,1,BREAK,DOWN,52610,1,0,35
2026-07-22 18:40:00,PWC,PriorWeek,52375,UNK,8,-8.67,2,0,BREAK,DOWN,52357,1,6,21
2026-07-22 18:55:00,R1,Session,52366,UNK,6,-9.67,-18,1,BREAK,UP,52390,3,24,12
2026-07-22 19:50:00,PWC,PriorWeek,52375,UNK,9,-4,6,0,BREAK,UP,52399,3,30,0
2026-07-22 23:35:00,PWC,PriorWeek,52375,UNK,10,-10.67,17,0,REJECT,UP,52389,1,29,0
2026-07-23 00:10:00,PWC,PriorWeek,52375,UNK,1,-7,-1,1,REJECT,DOWN,52373,1,5,25
2026-07-23 00:15:00,R1,Session,52366,UNK,1,-10.67,-2,0,BREAK,UP,52386,1,20,0
2026-07-23 01:30:00,R1,Session,52366,UNK,2,-2,4,0,BREAK,UP,52400,3,34,3
2026-07-23 01:30:00,PWC,PriorWeek,52375,UNK,2,-5.33,-1,1,BREAK,UP,52400,5,25,13
2026-07-23 02:25:00,R1,Session,52366,UNK,3,7,-10,1,REJECT,DOWN,52353,1,4,20
2026-07-23 03:20:00,PWL,PriorWeek,52174,UNK,1,-26,-185,0,BREAK,UP,52209,1,45,0
2026-07-23 03:20:00,ONH,Overnight,52196,UNK,1,-26,-185,1,REJECT,UP,52209,1,23,6
2026-07-23 07:35:00,ONH,Overnight,52196,UNK,2,-11.67,-171,0,BREAK,DOWN,52179,2,19,32
2026-07-23 07:40:00,PWL,PriorWeek,52174,UNK,2,-19.33,-196,0,BREAK,DOWN,52119,1,8,72
2026-07-23 07:45:00,Y-Mid,Session,52118,UNK,1,-22,-256,0,REJECT,DOWN,52112,1,21,22
2026-07-23 08:25:00,ONM,Overnight,52021,UNK,1,-26,-330,0,BREAK,DOWN,51987,1,21,39
2026-07-23 08:25:00,Pivot,Session,52043,UNK,1,-26,-330,0,BREAK,DOWN,51987,1,0,61
2026-07-23 09:10:00,ONL,Overnight,51846,UNK,1,-14.67,-516,0,BREAK,DOWN,51830,1,21,26
2026-07-23 09:35:00,Put Wall 0DTE,Gamma,51750,UNK,1,-16.67,-605,0,BREAK,UP,52035,1,299,14
2026-07-23 09:40:00,ONM,Overnight,52021,UNK,2,-15,-340,0,BREAK,UP,52041,1,53,42
2026-07-23 09:40:00,Pivot,Session,52043,UNK,2,-15,-340,1,REJECT,DOWN,52041,1,31,64
2026-07-23 10:15:00,ONL,Overnight,51846,UNK,2,-1.67,-528,0,BREAK,UP,51908,1,116,3
2026-07-23 11:15:00,ONL,Overnight,51846,UNK,3,-14.67,-520,0,BREAK,DOWN,51825,1,13,39
2026-07-23 11:40:00,Put Wall 0DTE,Gamma,51750,UNK,2,-14.33,-567,0,BREAK,UP,51900,1,154,0
2026-07-23 13:45:00,ONL,Overnight,51846,UNK,4,-19,-533,1,REJECT,DOWN,51833,1,1,29
2026-07-23 14:45:00,ONL,Overnight,51846,UNK,5,10.33,-558,1,BREAK,DOWN,51831,1,0,42
2026-07-23 15:45:00,ONL,Overnight,51846,UNK,6,-1,-526,0,BREAK,DOWN,51829,1,7,19
2026-07-23 19:50:00,ONL,Overnight,51846,UNK,7,1.33,-499,0,BREAK,UP,51882,1,49,0
2026-07-24 03:15:00,ONM,Overnight,52021,UNK,1,27.33,-339,0,BREAK,UP,52041,1,23,0
2026-07-24 03:20:00,Pivot,Session,52043,UNK,1,35,-334,1,BREAK,UP,52072,1,35,10
2026-07-24 03:40:00,Y-Mid,Session,52118,UNK,1,21.33,-283,1,BREAK,DOWN,52080,1,0,44
2026-07-24 04:55:00,Y-Mid,Session,52118,UNK,2,15.33,-260,1,BREAK,DOWN,52093,4,18,28
2026-07-24 06:05:00,PWL,PriorWeek,52174,UNK,1,12,-209,1,REJECT,UP,52181,5,22,15
2026-07-24 06:10:00,ONH,Overnight,52196,UNK,1,3.33,-194,1,BREAK,DOWN,52165,1,0,36
2026-07-24 06:55:00,PWL,PriorWeek,52174,UNK,2,0,-211,1,BREAK,DOWN,52154,3,5,20
2026-07-24 07:10:00,Y-Mid,Session,52118,UNK,3,-5,-250,0,BREAK,UP,52134,1,16,8
2026-07-24 08:10:00,Y-Mid,Session,52118,UNK,4,17,-273,1,REJECT,DOWN,52110,1,0,36
2026-07-24 09:00:00,Pivot,Session,52043,UNK,2,-8.67,-329,0,BREAK,DOWN,52021,1,3,31
2026-07-24 09:05:00,ONM,Overnight,52021,UNK,2,-21.33,-354,1,REJECT,UP,52028,1,24,0
2026-07-24 10:00:00,Pivot,Session,52043,UNK,3,44.67,-389,1,BREAK,DOWN,51984,1,0,97
2026-07-24 10:05:00,ONM,Overnight,52021,UNK,3,4.33,-391,1,BREAK,DOWN,51973,1,9,64
2026-07-24 11:05:00,ONM,Overnight,52021,UNK,4,9.67,-313,0,BREAK,UP,52049,1,52,0
2026-07-24 11:05:00,Pivot,Session,52043,UNK,4,9.67,-313,0,REJECT,UP,52049,1,30,8
2026-07-24 11:20:00,PWL,PriorWeek,52174,UNK,3,22,-191,0,REJECT,DOWN,52164,1,81,22
2026-07-24 11:20:00,ONH,Overnight,52196,UNK,2,22,-191,1,BREAK,DOWN,52164,1,59,44
2026-07-24 11:20:00,Y-Mid,Session,52118,UNK,5,22,-191,0,BREAK,UP,52164,1,137,0
2026-07-24 12:50:00,ONH,Overnight,52196,UNK,3,-20.33,-174,0,BREAK,DOWN,52174,1,13,36
2026-07-24 12:55:00,PWL,PriorWeek,52174,UNK,4,-30.33,-201,1,BREAK,DOWN,52154,1,5,33
2026-07-24 13:15:00,Y-Mid,Session,52118,UNK,6,-2.33,-259,1,BREAK,UP,52156,1,46,15
2026-07-24 13:50:00,ONH,Overnight,52196,UNK,4,9.33,-198,1,BREAK,DOWN,52176,1,0,35
2026-07-24 14:05:00,PWL,PriorWeek,52174,UNK,5,-10,-199,0,REJECT,DOWN,52168,3,15,20
2026-07-24 14:30:00,Y-Mid,Session,52118,UNK,7,-7.33,-235,0,BREAK,DOWN,52091,1,23,29
2026-07-24 14:40:00,Pivot,Session,52043,UNK,5,-25,-343,1,REJECT,UP,52057,1,25,31
2026-07-24 14:45:00,ONM,Overnight,52021,UNK,5,-38,-318,0,BREAK,UP,52044,1,37,1
2026-07-24 15:45:00,Y-Mid,Session,52118,UNK,8,-3.67,-274,1,REJECT,DOWN,52110,1,0,29
2026-07-19 18:50:00,R1,Session,52366,UNK,1,7,-12,1,REJECT,DOWN,52355,1,0,21
2026-07-19 20:10:00,R1,Session,52366,UNK,2,1,-20,1,BREAK,UP,52389,1,36,9
2026-07-19 20:15:00,PWC,PriorWeek,52375,UNK,1,11,14,0,REJECT,UP,52383,1,24,0
2026-07-19 21:10:00,R1,Session,52366,UNK,3,7.33,5,0,BREAK,UP,52392,1,28,0
2026-07-19 21:25:00,PWC,PriorWeek,52375,UNK,2,6.67,17,0,REJECT,UP,52385,3,23,17
2026-07-20 00:00:00,R1,Session,52366,UNK,4,5.33,-16,1,BREAK,DOWN,52343,2,0,30
2026-07-20 00:45:00,R1,Session,52366,UNK,1,13.33,-10,1,BREAK,UP,52389,2,25,4
2026-07-20 00:50:00,PWC,PriorWeek,52375,UNK,1,13.67,1,0,BREAK,UP,52396,2,21,0
2026-07-20 03:30:00,R1,Session,52366,UNK,2,-2.67,-21,1,BREAK,UP,52381,1,25,8
2026-07-20 03:35:00,PWC,PriorWeek,52375,UNK,2,12,6,0,BREAK,UP,52435,1,65,0
2026-07-20 10:00:00,PWC,PriorWeek,52375,UNK,3,-30,-33,1,BREAK,DOWN,52319,1,0,56
2026-07-20 10:00:00,R1,Session,52366,UNK,3,-30,-33,1,BREAK,DOWN,52319,1,0,47
2026-07-20 10:40:00,ONH,Overnight,52196,UNK,1,-2.33,-173,0,BREAK,UP,52228,1,42,20
2026-07-20 10:45:00,PWL,PriorWeek,52174,UNK,1,-17.33,-147,0,BREAK,UP,52198,1,75,0
2026-07-20 12:50:00,PWL,PriorWeek,52174,UNK,2,-9,-139,0,BREAK,UP,52278,1,112,0
2026-07-20 12:50:00,ONH,Overnight,52196,UNK,2,-9,-139,0,BREAK,UP,52278,1,90,0
2026-07-20 13:35:00,Y-Mid,Session,52118,UNK,1,-12,-235,0,BREAK,UP,52167,1,52,0
2026-07-20 14:05:00,PWL,PriorWeek,52174,UNK,3,-7.33,-197,0,BREAK,UP,52206,2,50,19
2026-07-20 14:15:00,ONH,Overnight,52196,UNK,3,16.67,-169,0,BREAK,UP,52217,2,31,12
2026-07-20 14:40:00,Y-Mid,Session,52118,UNK,2,-11,-257,1,BREAK,DOWN,52103,1,32,18
2026-07-20 14:50:00,Pivot,Session,52043,UNK,1,-22.33,-336,1,REJECT,UP,52047,1,21,17
2026-07-20 15:20:00,ONM,Overnight,52021,UNK,1,1.67,-363,1,REJECT,UP,52030,1,28,22
2026-07-20 15:55:00,Y-Mid,Session,52118,UNK,3,7.33,-261,1,BREAK,DOWN,52079,1,0,58
2026-07-20 16:05:00,Pivot,Session,52043,UNK,2,-4,-296,0,BREAK,UP,52089,1,65,0
2026-07-20 18:10:00,Y-Mid,Session,52118,UNK,4,12.33,-298,1,BREAK,DOWN,52070,1,0,59
2026-07-20 18:10:00,Pivot,Session,52043,UNK,3,12.33,-298,0,BREAK,UP,52070,1,33,0
2026-07-20 19:50:00,Y-Mid,Session,52118,UNK,5,8.33,-262,1,BREAK,DOWN,52101,3,2,21
2026-07-20 20:15:00,Pivot,Session,52043,UNK,4,-12.33,-324,0,REJECT,UP,52055,1,36,0
2026-07-20 21:05:00,Y-Mid,Session,52118,UNK,6,1,-269,1,BREAK,DOWN,52097,1,0,32
2026-07-20 22:10:00,Y-Mid,Session,52118,UNK,7,1,-265,1,BREAK,DOWN,52102,1,6,18
2026-07-20 23:55:00,PWL,PriorWeek,52174,UNK,4,4.33,-204,1,HOLD,NONE,52181,6,8,11
2026-07-21 00:05:00,ONH,Overnight,52196,UNK,1,5,-175,0,BREAK,UP,52212,1,21,0
2026-07-21 03:35:00,ONH,Overnight,52196,UNK,2,-15.33,-163,0,BREAK,UP,52234,1,38,6
2026-07-21 08:10:00,ONH,Overnight,52196,UNK,3,-4.67,-183,1,REJECT,UP,52204,3,24,15
2026-07-21 08:25:00,PWL,PriorWeek,52174,UNK,1,3.67,-200,0,BREAK,UP,52195,1,25,8
2026-07-21 08:50:00,Y-Mid,Session,52118,UNK,1,-7.33,-225,0,BREAK,UP,52198,1,84,0
2026-07-21 09:10:00,ONH,Overnight,52196,UNK,4,6.33,-165,0,REJECT,UP,52199,3,20,16
2026-07-21 09:50:00,PWL,PriorWeek,52174,UNK,2,-20.33,-268,1,REJECT,UP,52187,1,29,67
2026-07-21 09:50:00,Y-Mid,Session,52118,UNK,2,-20.33,-268,1,BREAK,UP,52187,1,85,11
2026-07-21 10:00:00,ONH,Overnight,52196,UNK,5,-31.67,-180,1,BREAK,UP,52218,1,41,32
2026-07-21 10:15:00,R1,Session,52366,UNK,1,45.67,-42,1,REJECT,UP,52379,1,23,49
2026-07-21 10:20:00,PWC,PriorWeek,52375,UNK,1,45.67,-42,1,REJECT,DOWN,52367,2,14,58
2026-07-21 11:20:00,R1,Session,52366,UNK,2,12.67,-19,1,BREAK,UP,52402,1,39,16
2026-07-21 11:25:00,PWC,PriorWeek,52375,UNK,2,11.67,27,0,REJECT,UP,52384,1,66,0
2026-07-21 21:30:00,PWC,PriorWeek,52375,UNK,3,-7,2,0,BREAK,UP,52390,1,22,0
2026-07-22 02:30:00,PWC,PriorWeek,52375,UNK,1,-10.33,-13,1,BREAK,DOWN,52350,1,0,28
2026-07-22 02:30:00,R1,Session,52366,UNK,1,-10.33,-13,1,BREAK,DOWN,52350,1,0,19
2026-07-22 03:35:00,PWC,PriorWeek,52375,UNK,2,15.33,-20,1,BREAK,DOWN,52321,1,0,54
2026-07-22 03:35:00,R1,Session,52366,UNK,2,15.33,-20,1,BREAK,DOWN,52321,1,0,45
2026-07-22 04:35:00,PWC,PriorWeek,52375,UNK,3,5,36,0,BREAK,UP,52428,1,59,0
2026-07-22 06:00:00,PWC,PriorWeek,52375,UNK,4,5,-1,1,BREAK,UP,52401,1,29,0
2026-07-22 06:00:00,R1,Session,52366,UNK,3,5,-1,0,BREAK,UP,52401,1,38,0
2026-07-22 07:15:00,PWC,PriorWeek,52375,UNK,5,-7,29,0,REJECT,UP,52377,1,46,7
2026-07-22 07:15:00,R1,Session,52366,UNK,4,-7,29,0,REJECT,UP,52377,1,55,0
2026-07-22 08:40:00,PWC,PriorWeek,52375,UNK,6,-0.33,10,0,BREAK,UP,52390,1,22,0
2026-07-22 08:40:00,R1,Session,52366,UNK,5,-0.33,10,0,BREAK,UP,52390,1,31,0
2026-07-22 09:40:00,PWC,PriorWeek,52375,UNK,7,27.33,145,0,BREAK,UP,52519,1,186,0
2026-07-22 10:05:00,PMC,PriorMonth,52670,UNK,1,27.33,269,1,BREAK,UP,52688,1,27,44
2026-07-22 10:05:00,PWM,PriorWeek,52644,UNK,1,27.33,269,1,BREAK,UP,52688,1,53,18
2026-07-22 12:15:00,PWM,PriorWeek,52644,UNK,2,6.33,258,1,BREAK,DOWN,52610,1,0,35
2026-07-22 18:40:00,PWC,PriorWeek,52375,UNK,8,-8.67,2,0,BREAK,DOWN,52357,1,6,21
2026-07-22 18:55:00,R1,Session,52366,UNK,6,-9.67,-18,1,BREAK,UP,52390,3,24,12
2026-07-22 19:50:00,PWC,PriorWeek,52375,UNK,9,-4,6,0,BREAK,UP,52399,3,30,0
2026-07-22 23:35:00,PWC,PriorWeek,52375,UNK,10,-10.67,17,0,REJECT,UP,52389,1,29,0
2026-07-23 00:10:00,PWC,PriorWeek,52375,UNK,1,-7,-1,1,REJECT,DOWN,52373,1,5,25
2026-07-23 00:15:00,R1,Session,52366,UNK,1,-10.67,-2,0,BREAK,UP,52386,1,20,0
2026-07-23 01:30:00,R1,Session,52366,UNK,2,-2,4,0,BREAK,UP,52400,3,34,3
2026-07-23 01:30:00,PWC,PriorWeek,52375,UNK,2,-5.33,-1,1,BREAK,UP,52400,5,25,13
2026-07-23 02:25:00,R1,Session,52366,UNK,3,7,-10,1,REJECT,DOWN,52353,1,4,20
2026-07-23 03:20:00,PWL,PriorWeek,52174,UNK,1,-26,-185,0,BREAK,UP,52209,1,45,0
2026-07-23 03:20:00,ONH,Overnight,52196,UNK,1,-26,-185,1,REJECT,UP,52209,1,23,6
2026-07-23 07:35:00,ONH,Overnight,52196,UNK,2,-11.67,-171,0,BREAK,DOWN,52179,2,19,32
2026-07-23 07:40:00,PWL,PriorWeek,52174,UNK,2,-19.33,-196,0,BREAK,DOWN,52119,1,8,72
2026-07-23 07:45:00,Y-Mid,Session,52118,UNK,1,-22,-256,0,REJECT,DOWN,52112,1,21,22
2026-07-23 08:25:00,ONM,Overnight,52021,UNK,1,-26,-330,0,BREAK,DOWN,51987,1,21,39
2026-07-23 08:25:00,Pivot,Session,52043,UNK,1,-26,-330,0,BREAK,DOWN,51987,1,0,61
2026-07-23 09:10:00,ONL,Overnight,51846,UNK,1,-14.67,-516,0,BREAK,DOWN,51830,1,21,26
2026-07-23 09:35:00,Put Wall 0DTE,Gamma,51750,UNK,1,-16.67,-605,0,BREAK,UP,52035,1,299,14
2026-07-23 09:40:00,ONM,Overnight,52021,UNK,2,-15,-340,0,BREAK,UP,52041,1,53,42
2026-07-23 09:40:00,Pivot,Session,52043,UNK,2,-15,-340,1,REJECT,DOWN,52041,1,31,64
2026-07-23 10:15:00,ONL,Overnight,51846,UNK,2,-1.67,-528,0,BREAK,UP,51908,1,116,3
2026-07-23 11:15:00,ONL,Overnight,51846,UNK,3,-14.67,-520,0,BREAK,DOWN,51825,1,13,39
2026-07-23 11:40:00,Put Wall 0DTE,Gamma,51750,UNK,2,-14.33,-567,0,BREAK,UP,51900,1,154,0
2026-07-23 13:45:00,ONL,Overnight,51846,UNK,4,-19,-533,1,REJECT,DOWN,51833,1,1,29
2026-07-23 14:45:00,ONL,Overnight,51846,UNK,5,10.33,-558,1,BREAK,DOWN,51831,1,0,42
2026-07-23 15:45:00,ONL,Overnight,51846,UNK,6,-1,-526,0,BREAK,DOWN,51829,1,7,19
2026-07-23 19:50:00,ONL,Overnight,51846,UNK,7,1.33,-499,0,BREAK,UP,51882,1,49,0
2026-07-24 03:15:00,ONM,Overnight,52021,UNK,1,27.33,-339,0,BREAK,UP,52041,1,23,0
2026-07-24 03:20:00,Pivot,Session,52043,UNK,1,35,-334,1,BREAK,UP,52072,1,35,10
2026-07-24 03:40:00,Y-Mid,Session,52118,UNK,1,21.33,-283,1,BREAK,DOWN,52080,1,0,44
2026-07-24 04:55:00,Y-Mid,Session,52118,UNK,2,15.33,-260,1,BREAK,DOWN,52093,4,18,28
2026-07-24 06:05:00,PWL,PriorWeek,52174,UNK,1,12,-209,1,REJECT,UP,52181,5,22,15
2026-07-24 06:10:00,ONH,Overnight,52196,UNK,1,3.33,-194,1,BREAK,DOWN,52165,1,0,36
2026-07-24 06:55:00,PWL,PriorWeek,52174,UNK,2,0,-211,1,BREAK,DOWN,52154,3,5,20
2026-07-24 07:10:00,Y-Mid,Session,52118,UNK,3,-5,-250,0,BREAK,UP,52134,1,16,8
2026-07-24 08:10:00,Y-Mid,Session,52118,UNK,4,17,-273,1,REJECT,DOWN,52110,1,0,36
2026-07-24 09:00:00,Pivot,Session,52043,UNK,2,-8.67,-329,0,BREAK,DOWN,52021,1,3,31
2026-07-24 09:05:00,ONM,Overnight,52021,UNK,2,-21.33,-354,1,REJECT,UP,52028,1,24,0
2026-07-24 10:00:00,Pivot,Session,52043,UNK,3,44.67,-389,1,BREAK,DOWN,51984,1,0,97
2026-07-24 10:05:00,ONM,Overnight,52021,UNK,3,4.33,-391,1,BREAK,DOWN,51973,1,9,64
2026-07-24 11:05:00,ONM,Overnight,52021,UNK,4,9.67,-313,0,BREAK,UP,52066,1,52,0
2026-07-24 11:05:00,Pivot,Session,52043,UNK,4,9.67,-313,0,BREAK,UP,52066,1,30,0
2026-07-24 12:50:00,ONH,Overnight,52196,UNK,2,-20.33,-174,0,BREAK,DOWN,52174,1,13,36
2026-07-24 12:55:00,PWL,PriorWeek,52174,UNK,3,-30.33,-201,1,BREAK,DOWN,52154,1,5,33
2026-07-24 13:15:00,Y-Mid,Session,52118,UNK,5,-2.33,-259,1,BREAK,UP,52156,1,46,15
2026-07-24 13:50:00,ONH,Overnight,52196,UNK,3,9.33,-198,1,BREAK,DOWN,52176,1,0,35
2026-07-24 14:05:00,PWL,PriorWeek,52174,UNK,4,-10,-199,0,REJECT,DOWN,52168,3,15,20
2026-07-24 14:30:00,Y-Mid,Session,52118,UNK,6,-7.33,-235,0,BREAK,DOWN,52091,1,23,29
2026-07-24 14:40:00,Pivot,Session,52043,UNK,5,-25,-343,1,REJECT,UP,52057,1,25,31
2026-07-24 14:45:00,ONM,Overnight,52021,UNK,5,-38,-318,0,BREAK,UP,52044,1,37,1
2026-07-24 15:45:00,Y-Mid,Session,52118,UNK,7,-3.67,-274,1,REJECT,DOWN,52110,1,0,29
2026-07-19 18:50:00,R1,Session,52366,UNK,1,7,-12,1,REJECT,DOWN,52355,1,0,21
2026-07-19 20:10:00,R1,Session,52366,UNK,2,1,-20,1,BREAK,UP,52389,1,36,9
2026-07-19 20:15:00,PWC,PriorWeek,52375,UNK,1,11,14,0,REJECT,UP,52383,1,24,0
2026-07-19 21:10:00,R1,Session,52366,UNK,3,7.33,5,0,BREAK,UP,52392,1,28,0
2026-07-19 21:25:00,PWC,PriorWeek,52375,UNK,2,6.67,17,0,REJECT,UP,52385,3,23,17
2026-07-20 00:00:00,R1,Session,52366,UNK,4,5.33,-16,1,BREAK,DOWN,52343,2,0,30
2026-07-20 00:45:00,R1,Session,52366,UNK,1,13.33,-10,1,BREAK,UP,52389,2,25,4
2026-07-20 00:50:00,PWC,PriorWeek,52375,UNK,1,13.67,1,0,BREAK,UP,52396,2,21,0
2026-07-20 03:30:00,R1,Session,52366,UNK,2,-2.67,-21,1,BREAK,UP,52381,1,25,8
2026-07-20 03:35:00,PWC,PriorWeek,52375,UNK,2,12,6,0,BREAK,UP,52435,1,65,0
2026-07-20 10:00:00,PWC,PriorWeek,52375,UNK,3,-30,-33,1,BREAK,DOWN,52319,1,0,56
2026-07-20 10:00:00,R1,Session,52366,UNK,3,-30,-33,1,BREAK,DOWN,52319,1,0,47
2026-07-20 10:40:00,ONH,Overnight,52196,UNK,1,-2.33,-173,0,BREAK,UP,52228,1,42,20
2026-07-20 10:45:00,PWL,PriorWeek,52174,UNK,1,-17.33,-147,0,BREAK,UP,52198,1,75,0
2026-07-20 12:50:00,PWL,PriorWeek,52174,UNK,2,-9,-139,0,BREAK,UP,52278,1,112,0
2026-07-20 12:50:00,ONH,Overnight,52196,UNK,2,-9,-139,0,BREAK,UP,52278,1,90,0
2026-07-20 13:35:00,Y-Mid,Session,52118,UNK,1,-12,-235,0,BREAK,UP,52167,1,52,0
2026-07-20 14:05:00,PWL,PriorWeek,52174,UNK,3,-7.33,-197,0,BREAK,UP,52206,2,50,19
2026-07-20 14:15:00,ONH,Overnight,52196,UNK,3,16.67,-169,0,BREAK,UP,52217,2,31,12
2026-07-20 14:40:00,Y-Mid,Session,52118,UNK,2,-11,-257,1,BREAK,DOWN,52103,1,32,18
2026-07-20 14:50:00,Pivot,Session,52043,UNK,1,-22.33,-336,1,REJECT,UP,52047,1,21,17
2026-07-20 15:20:00,ONM,Overnight,52021,UNK,1,1.67,-363,1,REJECT,UP,52030,1,28,22
2026-07-20 15:55:00,Y-Mid,Session,52118,UNK,3,7.33,-261,1,BREAK,DOWN,52079,1,0,58
2026-07-20 16:05:00,Pivot,Session,52043,UNK,2,-4,-296,0,BREAK,UP,52089,1,65,0
2026-07-20 18:10:00,Y-Mid,Session,52118,UNK,4,12.33,-298,1,BREAK,DOWN,52070,1,0,59
2026-07-20 18:10:00,Pivot,Session,52043,UNK,3,12.33,-298,0,BREAK,UP,52070,1,33,0
2026-07-20 19:50:00,Y-Mid,Session,52118,UNK,5,8.33,-262,1,BREAK,DOWN,52101,3,2,21
2026-07-20 20:15:00,Pivot,Session,52043,UNK,4,-12.33,-324,0,REJECT,UP,52055,1,36,0
2026-07-20 21:05:00,Y-Mid,Session,52118,UNK,6,1,-269,1,BREAK,DOWN,52097,1,0,32
2026-07-20 22:10:00,Y-Mid,Session,52118,UNK,7,1,-265,1,BREAK,DOWN,52102,1,6,18
2026-07-20 23:55:00,PWL,PriorWeek,52174,UNK,4,4.33,-204,1,HOLD,NONE,52181,6,8,11
2026-07-21 00:05:00,ONH,Overnight,52196,UNK,1,5,-175,0,BREAK,UP,52212,1,21,0
2026-07-21 03:35:00,ONH,Overnight,52196,UNK,2,-15.33,-163,0,BREAK,UP,52234,1,38,6
2026-07-21 08:10:00,ONH,Overnight,52196,UNK,3,-4.67,-183,1,REJECT,UP,52204,3,24,15
2026-07-21 08:25:00,PWL,PriorWeek,52174,UNK,1,3.67,-200,0,BREAK,UP,52195,1,25,8
2026-07-21 08:50:00,Y-Mid,Session,52118,UNK,1,-7.33,-225,0,BREAK,UP,52198,1,84,0
2026-07-21 09:10:00,ONH,Overnight,52196,UNK,4,6.33,-165,0,REJECT,UP,52199,3,20,16
2026-07-21 09:50:00,PWL,PriorWeek,52174,UNK,2,-20.33,-268,1,REJECT,UP,52187,1,29,67
2026-07-21 09:50:00,Y-Mid,Session,52118,UNK,2,-20.33,-268,1,BREAK,UP,52187,1,85,11
2026-07-21 10:00:00,ONH,Overnight,52196,UNK,5,-31.67,-180,1,BREAK,UP,52218,1,41,32
2026-07-21 10:15:00,R1,Session,52366,UNK,1,45.67,-42,1,REJECT,UP,52379,1,23,49
2026-07-21 10:20:00,PWC,PriorWeek,52375,UNK,1,45.67,-42,1,REJECT,DOWN,52367,2,14,58
2026-07-21 11:20:00,R1,Session,52366,UNK,2,12.67,-19,1,BREAK,UP,52402,1,39,16
2026-07-21 11:25:00,PWC,PriorWeek,52375,UNK,2,11.67,27,0,REJECT,UP,52384,1,66,0
2026-07-21 21:30:00,PWC,PriorWeek,52375,UNK,3,-7,2,0,BREAK,UP,52390,1,22,0
2026-07-22 02:30:00,PWC,PriorWeek,52375,UNK,1,-10.33,-13,1,BREAK,DOWN,52350,1,0,28
2026-07-22 02:30:00,R1,Session,52366,UNK,1,-10.33,-13,1,BREAK,DOWN,52350,1,0,19
2026-07-22 03:35:00,PWC,PriorWeek,52375,UNK,2,15.33,-20,1,BREAK,DOWN,52321,1,0,54
2026-07-22 03:35:00,R1,Session,52366,UNK,2,15.33,-20,1,BREAK,DOWN,52321,1,0,45
2026-07-22 04:35:00,PWC,PriorWeek,52375,UNK,3,5,36,0,BREAK,UP,52428,1,59,0
2026-07-22 06:00:00,PWC,PriorWeek,52375,UNK,4,5,-1,1,BREAK,UP,52401,1,29,0
2026-07-22 06:00:00,R1,Session,52366,UNK,3,5,-1,0,BREAK,UP,52401,1,38,0
2026-07-22 07:15:00,PWC,PriorWeek,52375,UNK,5,-7,29,0,REJECT,UP,52377,1,46,7
2026-07-22 07:15:00,R1,Session,52366,UNK,4,-7,29,0,REJECT,UP,52377,1,55,0
2026-07-22 08:40:00,PWC,PriorWeek,52375,UNK,6,-0.33,10,0,BREAK,UP,52390,1,22,0
2026-07-22 08:40:00,R1,Session,52366,UNK,5,-0.33,10,0,BREAK,UP,52390,1,31,0
2026-07-22 09:40:00,PWC,PriorWeek,52375,UNK,7,27.33,145,0,BREAK,UP,52519,1,186,0
2026-07-22 10:05:00,PMC,PriorMonth,52670,UNK,1,27.33,269,1,BREAK,UP,52688,1,27,44
2026-07-22 10:05:00,PWM,PriorWeek,52644,UNK,1,27.33,269,1,BREAK,UP,52688,1,53,18
2026-07-22 12:15:00,PWM,PriorWeek,52644,UNK,2,6.33,258,1,BREAK,DOWN,52610,1,0,35
2026-07-22 18:40:00,PWC,PriorWeek,52375,UNK,8,-8.67,2,0,BREAK,DOWN,52357,1,6,21
2026-07-22 18:55:00,R1,Session,52366,UNK,6,-9.67,-18,1,BREAK,UP,52390,3,24,12
2026-07-22 19:50:00,PWC,PriorWeek,52375,UNK,9,-4,6,0,BREAK,UP,52399,3,30,0
2026-07-22 23:35:00,PWC,PriorWeek,52375,UNK,10,-10.67,17,0,REJECT,UP,52389,1,29,0
2026-07-23 00:10:00,PWC,PriorWeek,52375,UNK,1,-7,-1,1,REJECT,DOWN,52373,1,5,25
2026-07-23 00:15:00,R1,Session,52366,UNK,1,-10.67,-2,0,BREAK,UP,52386,1,20,0
2026-07-23 01:30:00,R1,Session,52366,UNK,2,-2,4,0,BREAK,UP,52400,3,34,3
2026-07-23 01:30:00,PWC,PriorWeek,52375,UNK,2,-5.33,-1,1,BREAK,UP,52400,5,25,13
2026-07-23 02:25:00,R1,Session,52366,UNK,3,7,-10,1,REJECT,DOWN,52353,1,4,20
2026-07-23 03:20:00,PWL,PriorWeek,52174,UNK,1,-26,-185,0,BREAK,UP,52209,1,45,0
2026-07-23 03:20:00,ONH,Overnight,52196,UNK,1,-26,-185,1,REJECT,UP,52209,1,23,6
2026-07-23 07:35:00,ONH,Overnight,52196,UNK,2,-11.67,-171,0,BREAK,DOWN,52179,2,19,32
2026-07-23 07:40:00,PWL,PriorWeek,52174,UNK,2,-19.33,-196,0,BREAK,DOWN,52119,1,8,72
2026-07-23 07:45:00,Y-Mid,Session,52118,UNK,1,-22,-256,0,REJECT,DOWN,52112,1,21,22
2026-07-23 08:25:00,ONM,Overnight,52021,UNK,1,-26,-330,0,BREAK,DOWN,51987,1,21,39
2026-07-23 08:25:00,Pivot,Session,52043,UNK,1,-26,-330,0,BREAK,DOWN,51987,1,0,61
2026-07-23 09:10:00,ONL,Overnight,51846,UNK,1,-14.67,-516,0,BREAK,DOWN,51830,1,21,26
2026-07-23 09:35:00,Put Wall 0DTE,Gamma,51750,UNK,1,-16.67,-605,0,BREAK,UP,52035,1,299,14
2026-07-23 09:40:00,ONM,Overnight,52021,UNK,2,-15,-340,0,BREAK,UP,52041,1,53,42
2026-07-23 09:40:00,Pivot,Session,52043,UNK,2,-15,-340,1,REJECT,DOWN,52041,1,31,64
2026-07-23 10:15:00,ONL,Overnight,51846,UNK,2,-1.67,-528,0,BREAK,UP,51908,1,116,3
2026-07-23 11:15:00,ONL,Overnight,51846,UNK,3,-14.67,-520,0,BREAK,DOWN,51825,1,13,39
2026-07-23 11:40:00,Put Wall 0DTE,Gamma,51750,UNK,2,-14.33,-567,0,BREAK,UP,51900,1,154,0
2026-07-23 13:45:00,ONL,Overnight,51846,UNK,4,-19,-533,1,REJECT,DOWN,51833,1,1,29
2026-07-23 14:45:00,ONL,Overnight,51846,UNK,5,10.33,-558,1,BREAK,DOWN,51831,1,0,42
2026-07-23 15:45:00,ONL,Overnight,51846,UNK,6,-1,-526,0,BREAK,DOWN,51829,1,7,19
2026-07-23 19:50:00,ONL,Overnight,51846,UNK,7,1.33,-499,0,BREAK,UP,51882,1,49,0
2026-07-24 03:15:00,ONM,Overnight,52021,UNK,1,27.33,-339,0,BREAK,UP,52041,1,23,0
2026-07-24 03:20:00,Pivot,Session,52043,UNK,1,35,-334,1,BREAK,UP,52072,1,35,10
2026-07-24 03:40:00,Y-Mid,Session,52118,UNK,1,21.33,-283,1,BREAK,DOWN,52080,1,0,44
2026-07-24 04:55:00,Y-Mid,Session,52118,UNK,2,15.33,-260,1,BREAK,DOWN,52093,4,18,28
2026-07-24 06:05:00,PWL,PriorWeek,52174,UNK,1,12,-209,1,REJECT,UP,52181,5,22,15
2026-07-24 06:10:00,ONH,Overnight,52196,UNK,1,3.33,-194,1,BREAK,DOWN,52165,1,0,36
2026-07-24 06:55:00,PWL,PriorWeek,52174,UNK,2,0,-211,1,BREAK,DOWN,52154,3,5,20
2026-07-24 07:10:00,Y-Mid,Session,52118,UNK,3,-5,-250,0,BREAK,UP,52134,1,16,8
2026-07-24 08:10:00,Y-Mid,Session,52118,UNK,4,17,-273,1,REJECT,DOWN,52110,1,0,36
2026-07-24 09:00:00,Pivot,Session,52043,UNK,2,-8.67,-329,0,BREAK,DOWN,52021,1,3,31
2026-07-24 09:05:00,ONM,Overnight,52021,UNK,2,-21.33,-354,1,REJECT,UP,52028,1,24,0
2026-07-24 10:00:00,Pivot,Session,52043,UNK,3,44.67,-389,1,BREAK,DOWN,51984,1,0,97
2026-07-24 10:05:00,ONM,Overnight,52021,UNK,3,4.33,-391,1,BREAK,DOWN,51973,1,9,64
2026-07-24 11:05:00,ONM,Overnight,52021,UNK,4,9.67,-313,0,BREAK,UP,52049,1,52,0
2026-07-24 11:05:00,Pivot,Session,52043,UNK,4,9.67,-313,0,REJECT,UP,52049,1,30,8
2026-07-24 11:20:00,PWL,PriorWeek,52174,UNK,3,22,-191,0,REJECT,DOWN,52164,1,81,22
2026-07-24 11:20:00,ONH,Overnight,52196,UNK,2,22,-191,1,BREAK,DOWN,52164,1,59,44
2026-07-24 11:20:00,Y-Mid,Session,52118,UNK,5,22,-191,0,BREAK,UP,52164,1,137,0
2026-07-24 12:50:00,ONH,Overnight,52196,UNK,3,-20.33,-174,0,BREAK,DOWN,52174,1,13,36
2026-07-24 12:55:00,PWL,PriorWeek,52174,UNK,4,-30.33,-201,1,BREAK,DOWN,52154,1,5,33
2026-07-24 13:15:00,Y-Mid,Session,52118,UNK,6,-2.33,-259,1,BREAK,UP,52156,1,46,15
2026-07-24 13:50:00,ONH,Overnight,52196,UNK,4,9.33,-198,1,BREAK,DOWN,52176,1,0,35
2026-07-24 14:05:00,PWL,PriorWeek,52174,UNK,5,-10,-199,0,REJECT,DOWN,52168,3,15,20
2026-07-24 14:30:00,Y-Mid,Session,52118,UNK,7,-7.33,-235,0,BREAK,DOWN,52091,1,23,29
2026-07-24 14:40:00,Pivot,Session,52043,UNK,5,-25,-343,1,REJECT,UP,52057,1,25,31
2026-07-24 14:45:00,ONM,Overnight,52021,UNK,5,-38,-318,0,BREAK,UP,52044,1,37,1
2026-07-24 15:45:00,Y-Mid,Session,52118,UNK,8,-3.67,-274,1,REJECT,DOWN,52110,1,0,29
2026-07-19 18:50:00,R1,Session,52366,UNK,1,7,-12,1,REJECT,DOWN,52355,1,0,21
2026-07-19 20:10:00,R1,Session,52366,UNK,2,1,-20,1,BREAK,UP,52389,1,36,9
2026-07-19 20:15:00,PWC,PriorWeek,52375,UNK,1,11,14,0,REJECT,UP,52383,1,24,0
2026-07-19 21:10:00,R1,Session,52366,UNK,3,7.33,5,0,BREAK,UP,52392,1,28,0
2026-07-19 21:25:00,PWC,PriorWeek,52375,UNK,2,6.67,17,0,REJECT,UP,52385,3,23,17
2026-07-20 00:00:00,R1,Session,52366,UNK,4,5.33,-16,1,BREAK,DOWN,52343,2,0,30
2026-07-20 00:45:00,R1,Session,52366,UNK,1,13.33,-10,1,BREAK,UP,52389,2,25,4
2026-07-20 00:50:00,PWC,PriorWeek,52375,UNK,1,13.67,1,0,BREAK,UP,52396,2,21,0
2026-07-20 03:30:00,R1,Session,52366,UNK,2,-2.67,-21,1,BREAK,UP,52381,1,25,8
2026-07-20 03:35:00,PWC,PriorWeek,52375,UNK,2,12,6,0,BREAK,UP,52435,1,65,0
2026-07-20 10:00:00,PWC,PriorWeek,52375,UNK,3,-30,-33,1,BREAK,DOWN,52319,1,0,56
2026-07-20 10:00:00,R1,Session,52366,UNK,3,-30,-33,1,BREAK,DOWN,52319,1,0,47
2026-07-20 10:40:00,ONH,Overnight,52196,UNK,1,-2.33,-173,0,BREAK,UP,52228,1,42,20
2026-07-20 10:45:00,PWL,PriorWeek,52174,UNK,1,-17.33,-147,0,BREAK,UP,52198,1,75,0
2026-07-20 12:50:00,PWL,PriorWeek,52174,UNK,2,-9,-139,0,BREAK,UP,52278,1,112,0
2026-07-20 12:50:00,ONH,Overnight,52196,UNK,2,-9,-139,0,BREAK,UP,52278,1,90,0
2026-07-20 13:35:00,Y-Mid,Session,52118,UNK,1,-12,-235,0,BREAK,UP,52167,1,52,0
2026-07-20 14:05:00,PWL,PriorWeek,52174,UNK,3,-7.33,-197,0,BREAK,UP,52206,2,50,19
2026-07-20 14:15:00,ONH,Overnight,52196,UNK,3,16.67,-169,0,BREAK,UP,52217,2,31,12
2026-07-20 14:40:00,Y-Mid,Session,52118,UNK,2,-11,-257,1,BREAK,DOWN,52103,1,32,18
2026-07-20 14:50:00,Pivot,Session,52043,UNK,1,-22.33,-336,1,REJECT,UP,52047,1,21,17
2026-07-20 15:20:00,ONM,Overnight,52021,UNK,1,1.67,-363,1,REJECT,UP,52030,1,28,22
2026-07-20 15:55:00,Y-Mid,Session,52118,UNK,3,7.33,-261,1,BREAK,DOWN,52079,1,0,58
2026-07-20 16:05:00,Pivot,Session,52043,UNK,2,-4,-296,0,BREAK,UP,52089,1,65,0
2026-07-20 18:10:00,Y-Mid,Session,52118,UNK,4,12.33,-298,1,BREAK,DOWN,52070,1,0,59
2026-07-20 18:10:00,Pivot,Session,52043,UNK,3,12.33,-298,0,BREAK,UP,52070,1,33,0
2026-07-20 19:50:00,Y-Mid,Session,52118,UNK,5,8.33,-262,1,BREAK,DOWN,52101,3,2,21
2026-07-20 20:15:00,Pivot,Session,52043,UNK,4,-12.33,-324,0,REJECT,UP,52055,1,36,0
2026-07-20 21:05:00,Y-Mid,Session,52118,UNK,6,1,-269,1,BREAK,DOWN,52097,1,0,32
2026-07-20 22:10:00,Y-Mid,Session,52118,UNK,7,1,-265,1,BREAK,DOWN,52102,1,6,18
2026-07-20 23:55:00,PWL,PriorWeek,52174,UNK,4,4.33,-204,1,HOLD,NONE,52181,6,8,11
2026-07-21 00:05:00,ONH,Overnight,52196,UNK,1,5,-175,0,BREAK,UP,52212,1,21,0
2026-07-21 03:35:00,ONH,Overnight,52196,UNK,2,-15.33,-163,0,BREAK,UP,52234,1,38,6
2026-07-21 08:10:00,ONH,Overnight,52196,UNK,3,-4.67,-183,1,REJECT,UP,52204,3,24,15
2026-07-21 08:25:00,PWL,PriorWeek,52174,UNK,1,3.67,-200,0,BREAK,UP,52195,1,25,8
2026-07-21 08:50:00,Y-Mid,Session,52118,UNK,1,-7.33,-225,0,BREAK,UP,52198,1,84,0
2026-07-21 09:10:00,ONH,Overnight,52196,UNK,4,6.33,-165,0,REJECT,UP,52199,3,20,16
2026-07-21 09:50:00,PWL,PriorWeek,52174,UNK,2,-20.33,-268,1,REJECT,UP,52187,1,29,67
2026-07-21 09:50:00,Y-Mid,Session,52118,UNK,2,-20.33,-268,1,BREAK,UP,52187,1,85,11
2026-07-21 10:00:00,ONH,Overnight,52196,UNK,5,-31.67,-180,1,BREAK,UP,52218,1,41,32
2026-07-21 10:15:00,R1,Session,52366,UNK,1,45.67,-42,1,REJECT,UP,52379,1,23,49
2026-07-21 10:20:00,PWC,PriorWeek,52375,UNK,1,45.67,-42,1,REJECT,DOWN,52367,2,14,58
2026-07-21 11:20:00,R1,Session,52366,UNK,2,12.67,-19,1,BREAK,UP,52402,1,39,16
2026-07-21 11:25:00,PWC,PriorWeek,52375,UNK,2,11.67,27,0,REJECT,UP,52384,1,66,0
2026-07-21 21:30:00,PWC,PriorWeek,52375,UNK,3,-7,2,0,BREAK,UP,52390,1,22,0
2026-07-22 02:30:00,PWC,PriorWeek,52375,UNK,1,-10.33,-13,1,BREAK,DOWN,52350,1,0,28
2026-07-22 02:30:00,R1,Session,52366,UNK,1,-10.33,-13,1,BREAK,DOWN,52350,1,0,19
2026-07-22 03:35:00,PWC,PriorWeek,52375,UNK,2,15.33,-20,1,BREAK,DOWN,52321,1,0,54
2026-07-22 03:35:00,R1,Session,52366,UNK,2,15.33,-20,1,BREAK,DOWN,52321,1,0,45
2026-07-22 04:35:00,PWC,PriorWeek,52375,UNK,3,5,36,0,BREAK,UP,52428,1,59,0
2026-07-22 06:00:00,PWC,PriorWeek,52375,UNK,4,5,-1,1,BREAK,UP,52401,1,29,0
2026-07-22 06:00:00,R1,Session,52366,UNK,3,5,-1,0,BREAK,UP,52401,1,38,0
2026-07-22 07:15:00,PWC,PriorWeek,52375,UNK,5,-7,29,0,REJECT,UP,52377,1,46,7
2026-07-22 07:15:00,R1,Session,52366,UNK,4,-7,29,0,REJECT,UP,52377,1,55,0
2026-07-22 08:40:00,PWC,PriorWeek,52375,UNK,6,-0.33,10,0,BREAK,UP,52390,1,22,0
2026-07-22 08:40:00,R1,Session,52366,UNK,5,-0.33,10,0,BREAK,UP,52390,1,31,0
2026-07-22 09:40:00,PWC,PriorWeek,52375,UNK,7,27.33,145,0,BREAK,UP,52519,1,186,0
2026-07-22 10:05:00,PMC,PriorMonth,52670,UNK,1,27.33,269,1,BREAK,UP,52688,1,27,44
2026-07-22 10:05:00,PWM,PriorWeek,52644,UNK,1,27.33,269,1,BREAK,UP,52688,1,53,18
2026-07-22 12:15:00,PWM,PriorWeek,52644,UNK,2,6.33,258,1,BREAK,DOWN,52610,1,0,35
2026-07-22 18:40:00,PWC,PriorWeek,52375,UNK,8,-8.67,2,0,BREAK,DOWN,52357,1,6,21
2026-07-22 18:55:00,R1,Session,52366,UNK,6,-9.67,-18,1,BREAK,UP,52390,3,24,12
2026-07-22 19:50:00,PWC,PriorWeek,52375,UNK,9,-4,6,0,BREAK,UP,52399,3,30,0
2026-07-22 23:35:00,PWC,PriorWeek,52375,UNK,10,-10.67,17,0,REJECT,UP,52389,1,29,0
2026-07-23 00:10:00,PWC,PriorWeek,52375,UNK,1,-7,-1,1,REJECT,DOWN,52373,1,5,25
2026-07-23 00:15:00,R1,Session,52366,UNK,1,-10.67,-2,0,BREAK,UP,52386,1,20,0
2026-07-23 01:30:00,R1,Session,52366,UNK,2,-2,4,0,BREAK,UP,52400,3,34,3
2026-07-23 01:30:00,PWC,PriorWeek,52375,UNK,2,-5.33,-1,1,BREAK,UP,52400,5,25,13
2026-07-23 02:25:00,R1,Session,52366,UNK,3,7,-10,1,REJECT,DOWN,52353,1,4,20
2026-07-23 03:20:00,PWL,PriorWeek,52174,UNK,1,-26,-185,0,BREAK,UP,52209,1,45,0
2026-07-23 03:20:00,ONH,Overnight,52196,UNK,1,-26,-185,1,REJECT,UP,52209,1,23,6
2026-07-23 07:35:00,ONH,Overnight,52196,UNK,2,-11.67,-171,0,BREAK,DOWN,52179,2,19,32
2026-07-23 07:40:00,PWL,PriorWeek,52174,UNK,2,-19.33,-196,0,BREAK,DOWN,52119,1,8,72
2026-07-23 07:45:00,Y-Mid,Session,52118,UNK,1,-22,-256,0,REJECT,DOWN,52112,1,21,22
2026-07-23 08:25:00,ONM,Overnight,52021,UNK,1,-26,-330,0,BREAK,DOWN,51987,1,21,39
2026-07-23 08:25:00,Pivot,Session,52043,UNK,1,-26,-330,0,BREAK,DOWN,51987,1,0,61
2026-07-23 09:10:00,ONL,Overnight,51846,UNK,1,-14.67,-516,0,BREAK,DOWN,51830,1,21,26
2026-07-23 09:35:00,Put Wall 0DTE,Gamma,51750,UNK,1,-16.67,-605,0,BREAK,UP,52035,1,299,14
2026-07-23 09:40:00,ONM,Overnight,52021,UNK,2,-15,-340,0,BREAK,UP,52041,1,53,42
2026-07-23 09:40:00,Pivot,Session,52043,UNK,2,-15,-340,1,REJECT,DOWN,52041,1,31,64
2026-07-23 10:15:00,ONL,Overnight,51846,UNK,2,-1.67,-528,0,BREAK,UP,51908,1,116,3
2026-07-23 11:15:00,ONL,Overnight,51846,UNK,3,-14.67,-520,0,BREAK,DOWN,51825,1,13,39
2026-07-23 11:40:00,Put Wall 0DTE,Gamma,51750,UNK,2,-14.33,-567,0,BREAK,UP,51900,1,154,0
2026-07-23 13:45:00,ONL,Overnight,51846,UNK,4,-19,-533,1,REJECT,DOWN,51833,1,1,29
2026-07-23 14:45:00,ONL,Overnight,51846,UNK,5,10.33,-558,1,BREAK,DOWN,51831,1,0,42
2026-07-23 15:45:00,ONL,Overnight,51846,UNK,6,-1,-526,0,BREAK,DOWN,51829,1,7,19
2026-07-23 19:50:00,ONL,Overnight,51846,UNK,7,1.33,-499,0,BREAK,UP,51882,1,49,0
2026-07-24 03:15:00,ONM,Overnight,52021,UNK,1,27.33,-339,0,BREAK,UP,52041,1,23,0
2026-07-24 03:20:00,Pivot,Session,52043,UNK,1,35,-334,1,BREAK,UP,52072,1,35,10
2026-07-24 03:40:00,Y-Mid,Session,52118,UNK,1,21.33,-283,1,BREAK,DOWN,52080,1,0,44
2026-07-24 04:55:00,Y-Mid,Session,52118,UNK,2,15.33,-260,1,BREAK,DOWN,52093,4,18,28
2026-07-24 06:05:00,PWL,PriorWeek,52174,UNK,1,12,-209,1,REJECT,UP,52181,5,22,15
2026-07-24 06:10:00,ONH,Overnight,52196,UNK,1,3.33,-194,1,BREAK,DOWN,52165,1,0,36
2026-07-24 06:55:00,PWL,PriorWeek,52174,UNK,2,0,-211,1,BREAK,DOWN,52154,3,5,20
2026-07-24 07:10:00,Y-Mid,Session,52118,UNK,3,-5,-250,0,BREAK,UP,52134,1,16,8
2026-07-24 08:10:00,Y-Mid,Session,52118,UNK,4,17,-273,1,REJECT,DOWN,52110,1,0,36
2026-07-24 09:00:00,Pivot,Session,52043,UNK,2,-8.67,-329,0,BREAK,DOWN,52021,1,3,31
2026-07-24 09:05:00,ONM,Overnight,52021,UNK,2,-21.33,-354,1,REJECT,UP,52028,1,24,0
2026-07-24 10:00:00,Pivot,Session,52043,UNK,3,44.67,-389,1,BREAK,DOWN,51984,1,0,97
2026-07-24 10:05:00,ONM,Overnight,52021,UNK,3,4.33,-391,1,BREAK,DOWN,51973,1,9,64
2026-07-24 11:05:00,ONM,Overnight,52021,UNK,4,9.67,-313,0,BREAK,UP,52049,1,52,0
2026-07-24 11:05:00,Pivot,Session,52043,UNK,4,9.67,-313,0,REJECT,UP,52049,1,30,8
2026-07-24 11:20:00,PWL,PriorWeek,52174,UNK,3,22,-191,0,REJECT,DOWN,52164,1,81,22
2026-07-24 11:20:00,ONH,Overnight,52196,UNK,2,22,-191,1,BREAK,DOWN,52164,1,59,44
2026-07-24 11:20:00,Y-Mid,Session,52118,UNK,5,22,-191,0,BREAK,UP,52164,1,137,0
2026-07-24 12:50:00,ONH,Overnight,52196,UNK,3,-20.33,-174,0,BREAK,DOWN,52174,1,13,36
2026-07-24 12:55:00,PWL,PriorWeek,52174,UNK,4,-30.33,-201,1,BREAK,DOWN,52154,1,5,33
2026-07-24 13:15:00,Y-Mid,Session,52118,UNK,6,-2.33,-259,1,BREAK,UP,52156,1,46,15
2026-07-24 13:50:00,ONH,Overnight,52196,UNK,4,9.33,-198,1,BREAK,DOWN,52176,1,0,35
2026-07-24 14:05:00,PWL,PriorWeek,52174,UNK,5,-10,-199,0,REJECT,DOWN,52168,3,15,20
2026-07-24 14:30:00,Y-Mid,Session,52118,UNK,7,-7.33,-235,0,BREAK,DOWN,52091,1,23,29
2026-07-24 14:40:00,Pivot,Session,52043,UNK,5,-25,-343,1,REJECT,UP,52057,1,25,31
2026-07-24 14:45:00,ONM,Overnight,52021,UNK,5,-38,-318,0,BREAK,UP,52044,1,37,1
2026-07-24 15:45:00,Y-Mid,Session,52118,UNK,8,-3.67,-274,1,REJECT,DOWN,52110,1,0,29
2026-07-19 18:50:00,R1,Session,52366,UNK,1,7,-12,1,REJECT,DOWN,52355,1,0,21
2026-07-19 20:10:00,R1,Session,52366,UNK,2,1,-20,1,BREAK,UP,52389,1,36,9
2026-07-19 20:15:00,PWC,PriorWeek,52375,UNK,1,11,14,0,REJECT,UP,52383,1,24,0
2026-07-19 21:10:00,R1,Session,52366,UNK,3,7.33,5,0,BREAK,UP,52392,1,28,0
2026-07-19 21:25:00,PWC,PriorWeek,52375,UNK,2,6.67,17,0,REJECT,UP,52385,3,23,17
2026-07-20 00:00:00,R1,Session,52366,UNK,4,5.33,-16,1,BREAK,DOWN,52343,2,0,30
2026-07-20 00:45:00,R1,Session,52366,UNK,1,13.33,-10,1,BREAK,UP,52389,2,25,4
2026-07-20 00:50:00,PWC,PriorWeek,52375,UNK,1,13.67,1,0,BREAK,UP,52396,2,21,0
2026-07-20 03:30:00,R1,Session,52366,UNK,2,-2.67,-21,1,BREAK,UP,52381,1,25,8
2026-07-20 03:35:00,PWC,PriorWeek,52375,UNK,2,12,6,0,BREAK,UP,52435,1,65,0
2026-07-20 10:00:00,PWC,PriorWeek,52375,UNK,3,-30,-33,1,BREAK,DOWN,52319,1,0,56
2026-07-20 10:00:00,R1,Session,52366,UNK,3,-30,-33,1,BREAK,DOWN,52319,1,0,47
2026-07-20 10:40:00,ONH,Overnight,52196,UNK,1,-2.33,-173,0,BREAK,UP,52228,1,42,20
2026-07-20 10:45:00,PWL,PriorWeek,52174,UNK,1,-17.33,-147,0,BREAK,UP,52198,1,75,0
2026-07-20 12:50:00,PWL,PriorWeek,52174,UNK,2,-9,-139,0,BREAK,UP,52278,1,112,0
2026-07-20 12:50:00,ONH,Overnight,52196,UNK,2,-9,-139,0,BREAK,UP,52278,1,90,0
2026-07-20 13:35:00,Y-Mid,Session,52118,UNK,1,-12,-235,0,BREAK,UP,52167,1,52,0
2026-07-20 14:05:00,PWL,PriorWeek,52174,UNK,3,-7.33,-197,0,BREAK,UP,52206,2,50,19
2026-07-20 14:15:00,ONH,Overnight,52196,UNK,3,16.67,-169,0,BREAK,UP,52217,2,31,12
2026-07-20 14:40:00,Y-Mid,Session,52118,UNK,2,-11,-257,1,BREAK,DOWN,52103,1,32,18
2026-07-20 14:50:00,Pivot,Session,52043,UNK,1,-22.33,-336,1,REJECT,UP,52047,1,21,17
2026-07-20 15:20:00,ONM,Overnight,52021,UNK,1,1.67,-363,1,REJECT,UP,52030,1,28,22
2026-07-20 15:55:00,Y-Mid,Session,52118,UNK,3,7.33,-261,1,BREAK,DOWN,52079,1,0,58
2026-07-20 16:05:00,Pivot,Session,52043,UNK,2,-4,-296,0,BREAK,UP,52089,1,65,0
2026-07-20 18:10:00,Y-Mid,Session,52118,UNK,4,12.33,-298,1,BREAK,DOWN,52070,1,0,59
2026-07-20 18:10:00,Pivot,Session,52043,UNK,3,12.33,-298,0,BREAK,UP,52070,1,33,0
2026-07-20 19:50:00,Y-Mid,Session,52118,UNK,5,8.33,-262,1,BREAK,DOWN,52101,3,2,21
2026-07-20 20:15:00,Pivot,Session,52043,UNK,4,-12.33,-324,0,REJECT,UP,52055,1,36,0
2026-07-20 21:05:00,Y-Mid,Session,52118,UNK,6,1,-269,1,BREAK,DOWN,52097,1,0,32
2026-07-20 22:10:00,Y-Mid,Session,52118,UNK,7,1,-265,1,BREAK,DOWN,52102,1,6,18
2026-07-20 23:55:00,PWL,PriorWeek,52174,UNK,4,4.33,-204,1,HOLD,NONE,52181,6,8,11
2026-07-21 00:05:00,ONH,Overnight,52196,UNK,1,5,-175,0,BREAK,UP,52212,1,21,0
2026-07-21 03:35:00,ONH,Overnight,52196,UNK,2,-15.33,-163,0,BREAK,UP,52234,1,38,6
2026-07-21 08:10:00,ONH,Overnight,52196,UNK,3,-4.67,-183,1,REJECT,UP,52204,3,24,15
2026-07-21 08:25:00,PWL,PriorWeek,52174,UNK,1,3.67,-200,0,BREAK,UP,52195,1,25,8
2026-07-21 08:50:00,Y-Mid,Session,52118,UNK,1,-7.33,-225,0,BREAK,UP,52198,1,84,0
2026-07-21 09:10:00,ONH,Overnight,52196,UNK,4,6.33,-165,0,REJECT,UP,52199,3,20,16
2026-07-21 09:50:00,PWL,PriorWeek,52174,UNK,2,-20.33,-268,1,REJECT,UP,52187,1,29,67
2026-07-21 09:50:00,Y-Mid,Session,52118,UNK,2,-20.33,-268,1,BREAK,UP,52187,1,85,11
2026-07-21 10:00:00,ONH,Overnight,52196,UNK,5,-31.67,-180,1,BREAK,UP,52218,1,41,32
2026-07-21 10:15:00,R1,Session,52366,UNK,1,45.67,-42,1,REJECT,UP,52379,1,23,49
2026-07-21 10:20:00,PWC,PriorWeek,52375,UNK,1,45.67,-42,1,REJECT,DOWN,52367,2,14,58
2026-07-21 11:20:00,R1,Session,52366,UNK,2,12.67,-19,1,BREAK,UP,52402,1,39,16
2026-07-21 11:25:00,PWC,PriorWeek,52375,UNK,2,11.67,27,0,REJECT,UP,52384,1,66,0
2026-07-21 21:30:00,PWC,PriorWeek,52375,UNK,3,-7,2,0,BREAK,UP,52390,1,22,0
2026-07-22 02:30:00,PWC,PriorWeek,52375,UNK,1,-10.33,-13,1,BREAK,DOWN,52350,1,0,28
2026-07-22 02:30:00,R1,Session,52366,UNK,1,-10.33,-13,1,BREAK,DOWN,52350,1,0,19
2026-07-22 03:35:00,PWC,PriorWeek,52375,UNK,2,15.33,-20,1,BREAK,DOWN,52321,1,0,54
2026-07-22 03:35:00,R1,Session,52366,UNK,2,15.33,-20,1,BREAK,DOWN,52321,1,0,45
2026-07-22 04:35:00,PWC,PriorWeek,52375,UNK,3,5,36,0,BREAK,UP,52428,1,59,0
2026-07-22 06:00:00,PWC,PriorWeek,52375,UNK,4,5,-1,1,BREAK,UP,52401,1,29,0
2026-07-22 06:00:00,R1,Session,52366,UNK,3,5,-1,0,BREAK,UP,52401,1,38,0
2026-07-22 07:15:00,PWC,PriorWeek,52375,UNK,5,-7,29,0,REJECT,UP,52377,1,46,7
2026-07-22 07:15:00,R1,Session,52366,UNK,4,-7,29,0,REJECT,UP,52377,1,55,0
2026-07-22 08:40:00,PWC,PriorWeek,52375,UNK,6,-0.33,10,0,BREAK,UP,52390,1,22,0
2026-07-22 08:40:00,R1,Session,52366,UNK,5,-0.33,10,0,BREAK,UP,52390,1,31,0
2026-07-22 09:40:00,PWC,PriorWeek,52375,UNK,7,27.33,145,0,BREAK,UP,52519,1,186,0
2026-07-22 10:05:00,PMC,PriorMonth,52670,UNK,1,27.33,269,1,BREAK,UP,52688,1,27,44
2026-07-22 10:05:00,PWM,PriorWeek,52644,UNK,1,27.33,269,1,BREAK,UP,52688,1,53,18
2026-07-22 12:15:00,PWM,PriorWeek,52644,UNK,2,6.33,258,1,BREAK,DOWN,52610,1,0,35
2026-07-22 18:40:00,PWC,PriorWeek,52375,UNK,8,-8.67,2,0,BREAK,DOWN,52357,1,6,21
2026-07-22 18:55:00,R1,Session,52366,UNK,6,-9.67,-18,1,BREAK,UP,52390,3,24,12
2026-07-22 19:50:00,PWC,PriorWeek,52375,UNK,9,-4,6,0,BREAK,UP,52399,3,30,0
2026-07-22 23:35:00,PWC,PriorWeek,52375,UNK,10,-10.67,17,0,REJECT,UP,52389,1,29,0
2026-07-23 00:10:00,PWC,PriorWeek,52375,UNK,1,-7,-1,1,REJECT,DOWN,52373,1,5,25
2026-07-23 00:15:00,R1,Session,52366,UNK,1,-10.67,-2,0,BREAK,UP,52386,1,20,0
2026-07-23 01:30:00,R1,Session,52366,UNK,2,-2,4,0,BREAK,UP,52400,3,34,3
2026-07-23 01:30:00,PWC,PriorWeek,52375,UNK,2,-5.33,-1,1,BREAK,UP,52400,5,25,13
2026-07-23 02:25:00,R1,Session,52366,UNK,3,7,-10,1,REJECT,DOWN,52353,1,4,20
2026-07-23 03:20:00,PWL,PriorWeek,52174,UNK,1,-26,-185,0,BREAK,UP,52209,1,45,0
2026-07-23 03:20:00,ONH,Overnight,52196,UNK,1,-26,-185,1,REJECT,UP,52209,1,23,6
2026-07-23 07:35:00,ONH,Overnight,52196,UNK,2,-11.67,-171,0,BREAK,DOWN,52179,2,19,32
2026-07-23 07:40:00,PWL,PriorWeek,52174,UNK,2,-19.33,-196,0,BREAK,DOWN,52119,1,8,72
2026-07-23 07:45:00,Y-Mid,Session,52118,UNK,1,-22,-256,0,REJECT,DOWN,52112,1,21,22
2026-07-23 08:25:00,ONM,Overnight,52021,UNK,1,-26,-330,0,BREAK,DOWN,51987,1,21,39
2026-07-23 08:25:00,Pivot,Session,52043,UNK,1,-26,-330,0,BREAK,DOWN,51987,1,0,61
2026-07-23 09:10:00,ONL,Overnight,51846,UNK,1,-14.67,-516,0,BREAK,DOWN,51830,1,21,26
2026-07-23 09:35:00,Put Wall 0DTE,Gamma,51750,UNK,1,-16.67,-605,0,BREAK,UP,52035,1,299,14
2026-07-23 09:40:00,ONM,Overnight,52021,UNK,2,-15,-340,0,BREAK,UP,52041,1,53,42
2026-07-23 09:40:00,Pivot,Session,52043,UNK,2,-15,-340,1,REJECT,DOWN,52041,1,31,64
2026-07-23 10:15:00,ONL,Overnight,51846,UNK,2,-1.67,-528,0,BREAK,UP,51908,1,116,3
2026-07-23 11:15:00,ONL,Overnight,51846,UNK,3,-14.67,-520,0,BREAK,DOWN,51825,1,13,39
2026-07-23 11:40:00,Put Wall 0DTE,Gamma,51750,UNK,2,-14.33,-567,0,BREAK,UP,51900,1,154,0
2026-07-23 13:45:00,ONL,Overnight,51846,UNK,4,-19,-533,1,REJECT,DOWN,51833,1,1,29
2026-07-23 14:45:00,ONL,Overnight,51846,UNK,5,10.33,-558,1,BREAK,DOWN,51831,1,0,42
2026-07-23 15:45:00,ONL,Overnight,51846,UNK,6,-1,-526,0,BREAK,DOWN,51829,1,7,19
2026-07-23 19:50:00,ONL,Overnight,51846,UNK,7,1.33,-499,0,BREAK,UP,51882,1,49,0
2026-07-24 03:15:00,ONM,Overnight,52021,UNK,1,27.33,-339,0,BREAK,UP,52041,1,23,0
2026-07-24 03:20:00,Pivot,Session,52043,UNK,1,35,-334,1,BREAK,UP,52072,1,35,10
2026-07-24 03:40:00,Y-Mid,Session,52118,UNK,1,21.33,-283,1,BREAK,DOWN,52080,1,0,44
2026-07-24 04:55:00,Y-Mid,Session,52118,UNK,2,15.33,-260,1,BREAK,DOWN,52093,4,18,28
2026-07-24 06:05:00,PWL,PriorWeek,52174,UNK,1,12,-209,1,REJECT,UP,52181,5,22,15
2026-07-24 06:10:00,ONH,Overnight,52196,UNK,1,3.33,-194,1,BREAK,DOWN,52165,1,0,36
2026-07-24 06:55:00,PWL,PriorWeek,52174,UNK,2,0,-211,1,BREAK,DOWN,52154,3,5,20
2026-07-24 07:10:00,Y-Mid,Session,52118,UNK,3,-5,-250,0,BREAK,UP,52134,1,16,8
2026-07-24 08:10:00,Y-Mid,Session,52118,UNK,4,17,-273,1,REJECT,DOWN,52110,1,0,36
2026-07-24 09:00:00,Pivot,Session,52043,UNK,2,-8.67,-329,0,BREAK,DOWN,52021,1,3,31
2026-07-24 09:05:00,ONM,Overnight,52021,UNK,2,-21.33,-354,1,REJECT,UP,52028,1,24,0
2026-07-24 10:00:00,Pivot,Session,52043,UNK,3,44.67,-389,1,BREAK,DOWN,51984,1,0,97
2026-07-24 10:05:00,ONM,Overnight,52021,UNK,3,4.33,-391,1,BREAK,DOWN,51973,1,9,64
2026-07-24 11:05:00,ONM,Overnight,52021,UNK,4,9.67,-313,0,BREAK,UP,52049,1,52,0
2026-07-24 11:05:00,Pivot,Session,52043,UNK,4,9.67,-313,0,REJECT,UP,52049,1,30,8
2026-07-24 11:20:00,PWL,PriorWeek,52174,UNK,3,22,-191,0,REJECT,DOWN,52164,1,81,22
2026-07-24 11:20:00,ONH,Overnight,52196,UNK,2,22,-191,1,BREAK,DOWN,52164,1,59,44
2026-07-24 11:20:00,Y-Mid,Session,52118,UNK,5,22,-191,0,BREAK,UP,52164,1,137,0
2026-07-24 12:50:00,ONH,Overnight,52196,UNK,3,-20.33,-174,0,BREAK,DOWN,52174,1,13,36
2026-07-24 12:55:00,PWL,PriorWeek,52174,UNK,4,-30.33,-201,1,BREAK,DOWN,52154,1,5,33
2026-07-24 13:15:00,Y-Mid,Session,52118,UNK,6,-2.33,-259,1,BREAK,UP,52156,1,46,15
2026-07-24 13:50:00,ONH,Overnight,52196,UNK,4,9.33,-198,1,BREAK,DOWN,52176,1,0,35
2026-07-24 14:05:00,PWL,PriorWeek,52174,UNK,5,-10,-199,0,REJECT,DOWN,52168,3,15,20
2026-07-24 14:30:00,Y-Mid,Session,52118,UNK,7,-7.33,-235,0,BREAK,DOWN,52091,1,23,29
2026-07-24 14:40:00,Pivot,Session,52043,UNK,5,-25,-343,1,REJECT,UP,52057,1,25,31
2026-07-24 14:45:00,ONM,Overnight,52021,UNK,5,-38,-318,0,BREAK,UP,52044,1,37,1
2026-07-24 15:45:00,Y-Mid,Session,52118,UNK,8,-3.67,-274,1,REJECT,DOWN,52110,1,0,29
2026-07-19 18:50:00,R1,Session,52366,UNK,1,7,-12,1,REJECT,DOWN,52355,1,0,21
2026-07-19 20:10:00,R1,Session,52366,UNK,2,1,-20,1,BREAK,UP,52389,1,36,9
2026-07-19 20:15:00,PWC,PriorWeek,52375,UNK,1,11,14,0,REJECT,UP,52383,1,24,0
2026-07-19 21:10:00,R1,Session,52366,UNK,3,7.33,5,0,BREAK,UP,52392,1,28,0
2026-07-19 21:25:00,PWC,PriorWeek,52375,UNK,2,6.67,17,0,REJECT,UP,52385,3,23,17
2026-07-20 00:00:00,R1,Session,52366,UNK,4,5.33,-16,1,BREAK,DOWN,52343,2,0,30
2026-07-20 00:45:00,R1,Session,52366,UNK,1,13.33,-10,1,BREAK,UP,52389,2,25,4
2026-07-20 00:50:00,PWC,PriorWeek,52375,UNK,1,13.67,1,0,BREAK,UP,52396,2,21,0
2026-07-20 03:30:00,R1,Session,52366,UNK,2,-2.67,-21,1,BREAK,UP,52381,1,25,8
2026-07-20 03:35:00,PWC,PriorWeek,52375,UNK,2,12,6,0,BREAK,UP,52435,1,65,0
2026-07-20 10:00:00,PWC,PriorWeek,52375,UNK,3,-30,-33,1,BREAK,DOWN,52319,1,0,56
2026-07-20 10:00:00,R1,Session,52366,UNK,3,-30,-33,1,BREAK,DOWN,52319,1,0,47
2026-07-20 10:40:00,ONH,Overnight,52196,UNK,1,-2.33,-173,0,BREAK,UP,52228,1,42,20
2026-07-20 10:45:00,PWL,PriorWeek,52174,UNK,1,-17.33,-147,0,BREAK,UP,52198,1,75,0
2026-07-20 12:50:00,PWL,PriorWeek,52174,UNK,2,-9,-139,0,BREAK,UP,52278,1,112,0
2026-07-20 12:50:00,ONH,Overnight,52196,UNK,2,-9,-139,0,BREAK,UP,52278,1,90,0
2026-07-20 13:35:00,Y-Mid,Session,52118,UNK,1,-12,-235,0,BREAK,UP,52167,1,52,0
2026-07-20 14:05:00,PWL,PriorWeek,52174,UNK,3,-7.33,-197,0,BREAK,UP,52206,2,50,19
2026-07-20 14:15:00,ONH,Overnight,52196,UNK,3,16.67,-169,0,BREAK,UP,52217,2,31,12
2026-07-20 14:40:00,Y-Mid,Session,52118,UNK,2,-11,-257,1,BREAK,DOWN,52103,1,32,18
2026-07-20 14:50:00,Pivot,Session,52043,UNK,1,-22.33,-336,1,REJECT,UP,52047,1,21,17
2026-07-20 15:20:00,ONM,Overnight,52021,UNK,1,1.67,-363,1,REJECT,UP,52030,1,28,22
2026-07-20 15:55:00,Y-Mid,Session,52118,UNK,3,7.33,-261,1,BREAK,DOWN,52079,1,0,58
2026-07-20 16:05:00,Pivot,Session,52043,UNK,2,-4,-296,0,BREAK,UP,52089,1,65,0
2026-07-20 18:10:00,Y-Mid,Session,52118,UNK,4,12.33,-298,1,BREAK,DOWN,52070,1,0,59
2026-07-20 18:10:00,Pivot,Session,52043,UNK,3,12.33,-298,0,BREAK,UP,52070,1,33,0
2026-07-20 19:50:00,Y-Mid,Session,52118,UNK,5,8.33,-262,1,BREAK,DOWN,52101,3,2,21
2026-07-20 20:15:00,Pivot,Session,52043,UNK,4,-12.33,-324,0,REJECT,UP,52055,1,36,0
2026-07-20 21:05:00,Y-Mid,Session,52118,UNK,6,1,-269,1,BREAK,DOWN,52097,1,0,32
2026-07-20 22:10:00,Y-Mid,Session,52118,UNK,7,1,-265,1,BREAK,DOWN,52102,1,6,18
2026-07-20 23:55:00,PWL,PriorWeek,52174,UNK,4,4.33,-204,1,HOLD,NONE,52181,6,8,11
2026-07-21 00:05:00,ONH,Overnight,52196,UNK,1,5,-175,0,BREAK,UP,52212,1,21,0
2026-07-21 03:35:00,ONH,Overnight,52196,UNK,2,-15.33,-163,0,BREAK,UP,52234,1,38,6
2026-07-21 08:10:00,ONH,Overnight,52196,UNK,3,-4.67,-183,1,REJECT,UP,52204,3,24,15
2026-07-21 08:25:00,PWL,PriorWeek,52174,UNK,1,3.67,-200,0,BREAK,UP,52195,1,25,8
2026-07-21 08:50:00,Y-Mid,Session,52118,UNK,1,-7.33,-225,0,BREAK,UP,52198,1,84,0
2026-07-21 09:10:00,ONH,Overnight,52196,UNK,4,6.33,-165,0,REJECT,UP,52199,3,20,16
2026-07-21 09:50:00,PWL,PriorWeek,52174,UNK,2,-20.33,-268,1,REJECT,UP,52187,1,29,67
2026-07-21 09:50:00,Y-Mid,Session,52118,UNK,2,-20.33,-268,1,BREAK,UP,52187,1,85,11
2026-07-21 10:00:00,ONH,Overnight,52196,UNK,5,-31.67,-180,1,BREAK,UP,52218,1,41,32
2026-07-21 10:15:00,R1,Session,52366,UNK,1,45.67,-42,1,REJECT,UP,52379,1,23,49
2026-07-21 10:20:00,PWC,PriorWeek,52375,UNK,1,45.67,-42,1,REJECT,DOWN,52367,2,14,58
2026-07-21 11:20:00,R1,Session,52366,UNK,2,12.67,-19,1,BREAK,UP,52402,1,39,16
2026-07-21 11:25:00,PWC,PriorWeek,52375,UNK,2,11.67,27,0,REJECT,UP,52384,1,66,0
2026-07-21 21:30:00,PWC,PriorWeek,52375,UNK,3,-7,2,0,BREAK,UP,52390,1,22,0
2026-07-22 02:30:00,PWC,PriorWeek,52375,UNK,1,-10.33,-13,1,BREAK,DOWN,52350,1,0,28
2026-07-22 02:30:00,R1,Session,52366,UNK,1,-10.33,-13,1,BREAK,DOWN,52350,1,0,19
2026-07-22 03:35:00,PWC,PriorWeek,52375,UNK,2,15.33,-20,1,BREAK,DOWN,52321,1,0,54
2026-07-22 03:35:00,R1,Session,52366,UNK,2,15.33,-20,1,BREAK,DOWN,52321,1,0,45
2026-07-22 04:35:00,PWC,PriorWeek,52375,UNK,3,5,36,0,BREAK,UP,52428,1,59,0
2026-07-22 06:00:00,PWC,PriorWeek,52375,UNK,4,5,-1,1,BREAK,UP,52401,1,29,0
2026-07-22 06:00:00,R1,Session,52366,UNK,3,5,-1,0,BREAK,UP,52401,1,38,0
2026-07-22 07:15:00,PWC,PriorWeek,52375,UNK,5,-7,29,0,REJECT,UP,52377,1,46,7
2026-07-22 07:15:00,R1,Session,52366,UNK,4,-7,29,0,REJECT,UP,52377,1,55,0
2026-07-22 08:40:00,PWC,PriorWeek,52375,UNK,6,-0.33,10,0,BREAK,UP,52390,1,22,0
2026-07-22 08:40:00,R1,Session,52366,UNK,5,-0.33,10,0,BREAK,UP,52390,1,31,0
2026-07-22 09:40:00,PWC,PriorWeek,52375,UNK,7,27.33,145,0,BREAK,UP,52519,1,186,0
2026-07-22 10:05:00,PMC,PriorMonth,52670,UNK,1,27.33,269,1,BREAK,UP,52688,1,27,44
2026-07-22 10:05:00,PWM,PriorWeek,52644,UNK,1,27.33,269,1,BREAK,UP,52688,1,53,18
2026-07-22 12:15:00,PWM,PriorWeek,52644,UNK,2,6.33,258,1,BREAK,DOWN,52610,1,0,35
2026-07-22 18:40:00,PWC,PriorWeek,52375,UNK,8,-8.67,2,0,BREAK,DOWN,52357,1,6,21
2026-07-22 18:55:00,R1,Session,52366,UNK,6,-9.67,-18,1,BREAK,UP,52390,3,24,12
2026-07-22 19:50:00,PWC,PriorWeek,52375,UNK,9,-4,6,0,BREAK,UP,52399,3,30,0
2026-07-22 23:35:00,PWC,PriorWeek,52375,UNK,10,-10.67,17,0,REJECT,UP,52389,1,29,0
2026-07-23 00:10:00,PWC,PriorWeek,52375,UNK,1,-7,-1,1,REJECT,DOWN,52373,1,5,25
2026-07-23 00:15:00,R1,Session,52366,UNK,1,-10.67,-2,0,BREAK,UP,52386,1,20,0
2026-07-23 01:30:00,R1,Session,52366,UNK,2,-2,4,0,BREAK,UP,52400,3,34,3
2026-07-23 01:30:00,PWC,PriorWeek,52375,UNK,2,-5.33,-1,1,BREAK,UP,52400,5,25,13
2026-07-23 02:25:00,R1,Session,52366,UNK,3,7,-10,1,REJECT,DOWN,52353,1,4,20
2026-07-23 03:20:00,PWL,PriorWeek,52174,UNK,1,-26,-185,0,BREAK,UP,52209,1,45,0
2026-07-23 03:20:00,ONH,Overnight,52196,UNK,1,-26,-185,1,REJECT,UP,52209,1,23,6
2026-07-23 07:35:00,ONH,Overnight,52196,UNK,2,-11.67,-171,0,BREAK,DOWN,52179,2,19,32
2026-07-23 07:40:00,PWL,PriorWeek,52174,UNK,2,-19.33,-196,0,BREAK,DOWN,52119,1,8,72
2026-07-23 07:45:00,Y-Mid,Session,52118,UNK,1,-22,-256,0,REJECT,DOWN,52112,1,21,22
2026-07-23 08:25:00,ONM,Overnight,52021,UNK,1,-26,-330,0,BREAK,DOWN,51987,1,21,39
2026-07-23 08:25:00,Pivot,Session,52043,UNK,1,-26,-330,0,BREAK,DOWN,51987,1,0,61
2026-07-23 09:10:00,ONL,Overnight,51846,UNK,1,-14.67,-516,0,BREAK,DOWN,51830,1,21,26
2026-07-23 09:35:00,Put Wall 0DTE,Gamma,51750,UNK,1,-16.67,-605,0,BREAK,UP,52035,1,299,14
2026-07-23 09:40:00,ONM,Overnight,52021,UNK,2,-15,-340,0,BREAK,UP,52041,1,53,42
2026-07-23 09:40:00,Pivot,Session,52043,UNK,2,-15,-340,1,REJECT,DOWN,52041,1,31,64
2026-07-23 10:15:00,ONL,Overnight,51846,UNK,2,-1.67,-528,0,BREAK,UP,51908,1,116,3
2026-07-23 11:15:00,ONL,Overnight,51846,UNK,3,-14.67,-520,0,BREAK,DOWN,51825,1,13,39
2026-07-23 11:40:00,Put Wall 0DTE,Gamma,51750,UNK,2,-14.33,-567,0,BREAK,UP,51900,1,154,0
2026-07-23 13:45:00,ONL,Overnight,51846,UNK,4,-19,-533,1,REJECT,DOWN,51833,1,1,29
2026-07-23 14:45:00,ONL,Overnight,51846,UNK,5,10.33,-558,1,BREAK,DOWN,51831,1,0,42
2026-07-23 15:45:00,ONL,Overnight,51846,UNK,6,-1,-526,0,BREAK,DOWN,51829,1,7,19
2026-07-23 19:50:00,ONL,Overnight,51846,UNK,7,1.33,-499,0,BREAK,UP,51882,1,49,0
2026-07-24 03:15:00,ONM,Overnight,52021,UNK,1,27.33,-339,0,BREAK,UP,52041,1,23,0
2026-07-24 03:20:00,Pivot,Session,52043,UNK,1,35,-334,1,BREAK,UP,52072,1,35,10
2026-07-24 03:40:00,Y-Mid,Session,52118,UNK,1,21.33,-283,1,BREAK,DOWN,52080,1,0,44
2026-07-24 04:55:00,Y-Mid,Session,52118,UNK,2,15.33,-260,1,BREAK,DOWN,52093,4,18,28
2026-07-24 06:05:00,PWL,PriorWeek,52174,UNK,1,12,-209,1,REJECT,UP,52181,5,22,15
2026-07-24 06:10:00,ONH,Overnight,52196,UNK,1,3.33,-194,1,BREAK,DOWN,52165,1,0,36
2026-07-24 06:55:00,PWL,PriorWeek,52174,UNK,2,0,-211,1,BREAK,DOWN,52154,3,5,20
2026-07-24 07:10:00,Y-Mid,Session,52118,UNK,3,-5,-250,0,BREAK,UP,52134,1,16,8
2026-07-24 08:10:00,Y-Mid,Session,52118,UNK,4,17,-273,1,REJECT,DOWN,52110,1,0,36
2026-07-24 09:00:00,Pivot,Session,52043,UNK,2,-8.67,-329,0,BREAK,DOWN,52021,1,3,31
2026-07-24 09:05:00,ONM,Overnight,52021,UNK,2,-21.33,-354,1,REJECT,UP,52028,1,24,0
2026-07-24 10:00:00,Pivot,Session,52043,UNK,3,44.67,-389,1,BREAK,DOWN,51984,1,0,97
2026-07-24 10:05:00,ONM,Overnight,52021,UNK,3,4.33,-391,1,BREAK,DOWN,51973,1,9,64
2026-07-24 11:05:00,ONM,Overnight,52021,UNK,4,9.67,-313,0,BREAK,UP,52049,1,52,0
2026-07-24 11:05:00,Pivot,Session,52043,UNK,4,9.67,-313,0,REJECT,UP,52049,1,30,8
2026-07-24 11:20:00,PWL,PriorWeek,52174,UNK,3,22,-191,0,REJECT,DOWN,52164,1,81,22
2026-07-24 11:20:00,ONH,Overnight,52196,UNK,2,22,-191,1,BREAK,DOWN,52164,1,59,44
2026-07-24 11:20:00,Y-Mid,Session,52118,UNK,5,22,-191,0,BREAK,UP,52164,1,137,0
2026-07-24 12:50:00,ONH,Overnight,52196,UNK,3,-20.33,-174,0,BREAK,DOWN,52174,1,13,36
2026-07-24 12:55:00,PWL,PriorWeek,52174,UNK,4,-30.33,-201,1,BREAK,DOWN,52154,1,5,33
2026-07-24 13:15:00,Y-Mid,Session,52118,UNK,6,-2.33,-259,1,BREAK,UP,52156,1,46,15
2026-07-24 13:50:00,ONH,Overnight,52196,UNK,4,9.33,-198,1,BREAK,DOWN,52176,1,0,35
2026-07-24 14:05:00,PWL,PriorWeek,52174,UNK,5,-10,-199,0,REJECT,DOWN,52168,3,15,20
2026-07-24 14:30:00,Y-Mid,Session,52118,UNK,7,-7.33,-235,0,BREAK,DOWN,52091,1,23,29
2026-07-24 14:40:00,Pivot,Session,52043,UNK,5,-25,-343,1,REJECT,UP,52057,1,25,31
2026-07-24 14:45:00,ONM,Overnight,52021,UNK,5,-38,-318,0,BREAK,UP,52044,1,37,1
2026-07-24 15:45:00,Y-Mid,Session,52118,UNK,8,-3.67,-274,1,REJECT,DOWN,52110,1,0,29
2026-07-20 19:50:00,Y-Mid,Session,52118,UNK,1,8.33,-262,1,BREAK,DOWN,52101,3,2,21
2026-07-20 20:15:00,Pivot,Session,52043,UNK,1,-12.33,-324,0,REJECT,UP,52055,1,36,0
2026-07-20 21:05:00,Y-Mid,Session,52118,UNK,2,1,-269,1,BREAK,DOWN,52097,1,0,32
2026-07-20 22:10:00,Y-Mid,Session,52118,UNK,3,1,-265,1,BREAK,DOWN,52102,1,6,18
2026-07-20 23:55:00,PWL,PriorWeek,52174,UNK,1,4.33,-204,1,HOLD,NONE,52181,6,8,11
2026-07-21 08:25:00,PWL,PriorWeek,52174,UNK,1,3.67,-200,0,BREAK,UP,52195,1,25,8
2026-07-21 08:50:00,Y-Mid,Session,52118,UNK,1,-7.33,-225,0,BREAK,UP,52198,1,84,0
2026-07-21 09:50:00,PWL,PriorWeek,52174,UNK,2,-20.33,-268,1,REJECT,UP,52187,1,29,67
2026-07-21 09:50:00,Y-Mid,Session,52118,UNK,2,-20.33,-268,1,BREAK,UP,52187,1,85,11
2026-07-21 10:15:00,R1,Session,52366,UNK,1,45.67,-42,1,REJECT,UP,52379,1,23,49
2026-07-21 10:20:00,PWC,PriorWeek,52375,UNK,1,45.67,-42,1,REJECT,DOWN,52367,2,14,58
2026-07-21 11:20:00,R1,Session,52366,UNK,2,12.67,-19,1,BREAK,UP,52402,1,39,16
2026-07-21 11:25:00,PWC,PriorWeek,52375,UNK,2,11.67,27,0,REJECT,UP,52384,1,66,0
2026-07-21 21:30:00,PWC,PriorWeek,52375,UNK,3,-7,2,0,BREAK,UP,52390,1,22,0
2026-07-22 02:30:00,PWC,PriorWeek,52375,UNK,1,-10.33,-13,1,BREAK,DOWN,52350,1,0,28
2026-07-22 02:30:00,R1,Session,52366,UNK,1,-10.33,-13,1,BREAK,DOWN,52350,1,0,19
2026-07-22 03:35:00,PWC,PriorWeek,52375,UNK,2,15.33,-20,1,BREAK,DOWN,52321,1,0,54
2026-07-22 03:35:00,R1,Session,52366,UNK,2,15.33,-20,1,BREAK,DOWN,52321,1,0,45
2026-07-22 04:35:00,PWC,PriorWeek,52375,UNK,3,5,36,0,BREAK,UP,52428,1,59,0
2026-07-22 06:00:00,PWC,PriorWeek,52375,UNK,4,5,-1,1,BREAK,UP,52401,1,29,0
2026-07-22 06:00:00,R1,Session,52366,UNK,3,5,-1,0,BREAK,UP,52401,1,38,0
2026-07-22 07:15:00,PWC,PriorWeek,52375,UNK,5,-7,29,0,REJECT,UP,52377,1,46,7
2026-07-22 07:15:00,R1,Session,52366,UNK,4,-7,29,0,REJECT,UP,52377,1,55,0
2026-07-22 08:40:00,PWC,PriorWeek,52375,UNK,6,-0.33,10,0,BREAK,UP,52390,1,22,0
2026-07-22 08:40:00,R1,Session,52366,UNK,5,-0.33,10,0,BREAK,UP,52390,1,31,0
2026-07-22 09:40:00,PWC,PriorWeek,52375,UNK,7,27.33,145,0,BREAK,UP,52519,1,186,0
2026-07-22 10:05:00,PMC,PriorMonth,52670,UNK,1,27.33,269,1,BREAK,UP,52688,1,27,44
2026-07-22 10:05:00,PWM,PriorWeek,52644,UNK,1,27.33,269,1,BREAK,UP,52688,1,53,18
2026-07-22 12:15:00,PWM,PriorWeek,52644,UNK,2,6.33,258,1,BREAK,DOWN,52610,1,0,35
2026-07-22 18:40:00,PWC,PriorWeek,52375,UNK,8,-8.67,2,0,BREAK,DOWN,52357,1,6,21
2026-07-22 18:55:00,R1,Session,52366,UNK,6,-9.67,-18,1,BREAK,UP,52390,3,24,12
2026-07-22 19:50:00,PWC,PriorWeek,52375,UNK,9,-4,6,0,BREAK,UP,52399,3,30,0
2026-07-22 23:35:00,PWC,PriorWeek,52375,UNK,10,-10.67,17,0,REJECT,UP,52389,1,29,0
2026-07-23 00:10:00,PWC,PriorWeek,52375,UNK,1,-7,-1,1,REJECT,DOWN,52373,1,5,25
2026-07-23 00:15:00,R1,Session,52366,UNK,1,-10.67,-2,0,BREAK,UP,52386,1,20,0
2026-07-23 01:30:00,R1,Session,52366,UNK,2,-2,4,0,BREAK,UP,52400,3,34,3
2026-07-23 01:30:00,PWC,PriorWeek,52375,UNK,2,-5.33,-1,1,BREAK,UP,52400,5,25,13
2026-07-23 02:25:00,R1,Session,52366,UNK,3,7,-10,1,REJECT,DOWN,52353,1,4,20
2026-07-23 03:20:00,PWL,PriorWeek,52174,UNK,1,-26,-185,0,BREAK,UP,52209,1,45,0
2026-07-23 07:40:00,PWL,PriorWeek,52174,UNK,2,-19.33,-196,0,BREAK,DOWN,52119,1,8,72
2026-07-23 07:45:00,Y-Mid,Session,52118,UNK,1,-22,-256,0,REJECT,DOWN,52112,1,21,22
2026-07-23 08:25:00,Pivot,Session,52043,UNK,1,-26,-330,0,BREAK,DOWN,51987,1,0,61
2026-07-23 09:40:00,Pivot,Session,52043,UNK,2,-15,-340,1,REJECT,DOWN,52041,1,31,64
2026-07-24 03:20:00,Pivot,Session,52043,UNK,1,35,-334,1,BREAK,UP,52072,1,35,10
2026-07-24 03:40:00,Y-Mid,Session,52118,UNK,1,21.33,-283,1,BREAK,DOWN,52080,1,0,44
2026-07-24 04:55:00,Y-Mid,Session,52118,UNK,2,15.33,-260,1,BREAK,DOWN,52093,4,18,28
2026-07-24 06:05:00,PWL,PriorWeek,52174,UNK,1,12,-209,1,REJECT,UP,52181,5,22,15
2026-07-24 06:55:00,PWL,PriorWeek,52174,UNK,2,0,-211,1,BREAK,DOWN,52154,3,5,20
2026-07-24 07:10:00,Y-Mid,Session,52118,UNK,3,-5,-250,0,BREAK,UP,52134,1,16,8
2026-07-24 08:10:00,Y-Mid,Session,52118,UNK,4,17,-273,1,REJECT,DOWN,52110,1,0,36
2026-07-24 09:00:00,Pivot,Session,52043,UNK,2,-8.67,-329,0,BREAK,DOWN,52021,1,3,31
2026-07-24 10:00:00,Pivot,Session,52043,UNK,3,44.67,-389,1,BREAK,DOWN,51984,1,0,97
2026-07-24 11:05:00,Pivot,Session,52043,UNK,4,9.67,-313,0,REJECT,UP,52049,1,30,8
2026-07-24 11:20:00,PWL,PriorWeek,52174,UNK,3,22,-191,0,REJECT,DOWN,52164,1,81,22
2026-07-24 11:20:00,Y-Mid,Session,52118,UNK,5,22,-191,0,BREAK,UP,52164,1,137,0
2026-07-24 12:55:00,PWL,PriorWeek,52174,UNK,4,-30.33,-201,1,BREAK,DOWN,52154,1,5,33
2026-07-24 13:15:00,Y-Mid,Session,52118,UNK,6,-2.33,-259,1,BREAK,UP,52156,1,46,15
2026-07-24 14:05:00,PWL,PriorWeek,52174,UNK,5,-10,-199,0,REJECT,DOWN,52168,3,15,20
2026-07-24 14:30:00,Y-Mid,Session,52118,UNK,7,-7.33,-235,0,BREAK,DOWN,52091,1,23,29
2026-07-24 14:40:00,Pivot,Session,52043,UNK,5,-25,-343,1,REJECT,UP,52057,1,25,31
2026-07-24 15:45:00,Y-Mid,Session,52118,UNK,8,-3.67,-274,1,REJECT,DOWN,52110,1,0,29
2026-07-26 18:10:00,PWC,PriorWeek,52375,UNK,1,3.67,21,0,REJECT,UP,52388,1,53,0
2026-07-26 18:10:00,R1,Session,52366,UNK,1,3.67,21,0,BREAK,UP,52388,1,62,0
2026-07-26 19:20:00,PWC,PriorWeek,52375,UNK,2,7,5,0,BREAK,UP,52392,1,22,0
2026-07-26 19:20:00,R1,Session,52366,UNK,2,0,-6,0,BREAK,UP,52392,2,31,0
2026-07-26 21:20:00,PWC,PriorWeek,52375,UNK,3,-9.33,2,0,HOLD,NONE,52361,6,19,17
2026-07-26 21:25:00,R1,Session,52366,UNK,3,-5.67,-14,1,REJECT,DOWN,52355,4,12,29
2026-07-27 05:50:00,PWM,PriorWeek,52644,UNK,1,5.67,255,1,BREAK,UP,52668,4,34,18
2026-07-27 06:10:00,PMC,PriorMonth,52670,UNK,1,8.67,293,1,BREAK,DOWN,52655,4,8,15
2026-07-27 06:55:00,PMC,PriorMonth,52670,UNK,2,5,313,0,BREAK,UP,52700,1,35,0
2026-07-27 08:25:00,PMC,PriorMonth,52670,UNK,3,5.33,277,1,BREAK,UP,52699,2,34,17
2026-07-27 08:55:00,PWH,PriorWeek,52721,UNK,1,4.33,608,0,REJECT,UP,52731,1,23,10
2026-07-27 08:55:00,ONH,Overnight,52735,UNK,1,4.33,608,1,REJECT,DOWN,52731,1,9,24
2026-07-27 09:15:00,PWH,PriorWeek,52721,POS,1,5,618,0,BREAK,UP,52752,1,53,0
2026-07-27 09:15:00,ONH,Overnight,52742,POS,1,5,618,1,REJECT,UP,52752,1,32,4
2026-07-27 09:40:00,PMC,PriorMonth,52670,POS,1,-6.67,604,0,BREAK,UP,52731,1,120,0
2026-07-27 10:10:00,ONM,Overnight,52538,POS,1,-32,485,0,BREAK,UP,52574,1,96,0
2026-07-27 10:10:00,R2,Session,52563,POS,1,-32,485,0,REJECT,UP,52574,1,71,14
2026-07-27 10:45:00,ONL,Overnight,52334,POS,1,-56,261,0,REJECT,DOWN,52325,1,55,38
2026-07-27 10:45:00,R1,Session,52343,POS,1,-56,261,0,BREAK,DOWN,52325,1,46,47
2026-08-02 18:05:00,ONM,Overnight,52558,POS,1,-25.67,400,1,BREAK,UP,52823,1,320,0
2026-08-03 08:35:16,ONH,Overnight,53210,POS,1,4,581,0,BREAK,UP,53228,3,18,23
2026-08-03 08:40:00,ONH,Overnight,53210,POS,1,10,592,0,BREAK,UP,53253,1,43,0
2026-08-03 08:40:00,ONH,Overnight,53210,POS,1,10,592,0,BREAK,UP,53253,1,43,0
2026-08-09 18:25:00,Gamma Flip,Gamma,54001,POS,1,-34.67,1379,0,BREAK,UP,54033,1,32,0
2026-08-09 18:25:00,Gamma Flip,Gamma,54001,POS,1,-34.67,1379,0,BREAK,UP,54033,1,32,0
2026-08-09 19:30:00,Y-Mid,Session,54040,NEG,1,-0.67,1400,1,HOLD,NONE,54040,6,10,10
2026-08-09 19:30:00,Y-Mid,Session,54040,NEG,1,-0.67,1400,1,HOLD,NONE,54040,6,10,10
2026-08-09 20:40:00,Y-Mid,Session,54040,NEG,2,-0.33,1420,0,HOLD,NONE,54038,6,16,16
2026-08-09 20:40:00,Y-Mid,Session,54040,NEG,2,-0.33,1420,0,HOLD,NONE,54038,6,16,16
2026-08-09 21:03:12,Y-Mid,Session,54040,NEG,1,-4,1366,1,BREAK,UP,54063,1,23,40
2026-08-09 21:11:39,Y-Mid,Session,54040,NEG,1,23.33,1440,0,BREAK,UP,54079,1,39,0
2026-08-09 21:40:00,Pivot,Session,54078,NEG,1,5.33,1437,1,HOLD,NONE,54068,6,7,15
2026-08-09 21:40:00,Pivot,Session,54078,NEG,1,5.33,1437,1,HOLD,NONE,54068,6,7,15
2026-08-10 08:09:04,Pivot,Session,54078,NEG,1,-4,1480,0,BREAK,UP,54119,1,41,0
2026-08-10 08:40:00,ONM,Overnight,54085,POS,1,-3.67,-81,1,BREAK,DOWN,54060,1,0,25
2026-08-10 08:40:00,Pivot,Session,54078,POS,1,-3.67,-81,1,BREAK,DOWN,54060,1,2,18
2026-08-10 08:42:28,ONM,Overnight,54085,POS,1,23.33,-91,1,BREAK,DOWN,54057,1,5,28
2026-08-10 08:50:03,Put Wall 0DTE,Gamma,54048,POS,1,-23.33,-103,0,BREAK,DOWN,54033,4,30,15
2026-08-10 08:50:03,Flip 0DTE,Gamma,54048,POS,1,-23.33,-103,0,BREAK,DOWN,54033,4,30,15
2026-08-10 08:50:03,Gamma Flip,Gamma,54048,POS,1,-23.33,-103,0,BREAK,DOWN,54033,4,30,15
2026-08-10 08:50:14,Y-Mid,Session,54040,POS,1,-4,-111,0,BREAK,DOWN,54025,4,30,15
2026-08-10 08:55:00,Put Wall 0DTE,Gamma,54048,POS,1,-11.33,-103,0,REJECT,DOWN,54035,2,2,31
2026-08-10 08:55:00,Flip 0DTE,Gamma,54048,POS,1,-11.33,-103,0,REJECT,DOWN,54035,2,2,31
2026-08-10 08:55:00,Gamma Flip,Gamma,54048,POS,1,-11.33,-103,0,REJECT,DOWN,54035,2,2,31
2026-08-10 08:55:00,Y-Mid,Session,54040,POS,1,-11.33,-103,0,REJECT,DOWN,54035,2,10,23
2026-08-10 09:19:54,Pivot,Session,54078,POS,2,-4,-135,1,BREAK,DOWN,54013,1,0,65
2026-08-10 09:27:14,ONL,Overnight,54000,POS,1,-4,-151,0,BREAK,DOWN,53985,4,30,15
2026-08-10 09:30:00,ONL,Overnight,54000,POS,1,-22.33,-142,0,BREAK,UP,54033,1,39,17
2026-08-10 09:30:00,Y-Mid,Session,54040,POS,2,-4,-105,0,BREAK,UP,54055,2,15,22
2026-08-10 09:30:01,Put Wall 0DTE,Gamma,54048,POS,2,-4,-105,1,BREAK,UP,54063,4,15,30
2026-08-10 09:30:01,Flip 0DTE,Gamma,54048,POS,2,-4,-105,1,BREAK,UP,54063,4,15,30
2026-08-10 09:30:01,Gamma Flip,Gamma,54048,POS,2,-4,-105,1,BREAK,UP,54063,4,15,30
2026-08-10 09:30:02,Pivot,Session,54078,POS,3,4,-77,1,BREAK,UP,54095,5,17,32
2026-08-10 09:30:03,ONM,Overnight,54085,POS,2,4,-69,1,BREAK,UP,54103,5,18,31
2026-08-10 09:33:03,ONM,Overnight,54085,POS,3,4,-87,1,BREAK,DOWN,54061,1,9,24
2026-08-10 09:33:03,Pivot,Session,54078,POS,4,4,-87,1,BREAK,DOWN,54061,1,16,17
2026-08-10 09:35:49,Put Wall 0DTE,Gamma,54048,POS,3,-4,-103,0,BREAK,DOWN,54033,4,39,15
2026-08-10 09:35:49,Flip 0DTE,Gamma,54048,POS,3,-4,-103,0,BREAK,DOWN,54033,4,39,15
2026-08-10 09:35:49,Gamma Flip,Gamma,54048,POS,3,-4,-103,0,BREAK,DOWN,54033,4,39,15
2026-08-10 09:36:41,Y-Mid,Session,54040,POS,3,-4,-111,0,BREAK,DOWN,54025,4,30,15
2026-08-10 09:40:00,ONM,Overnight,54085,POS,2,-5.67,-93,1,BREAK,DOWN,54049,1,3,63
2026-08-10 09:40:00,Pivot,Session,54078,POS,2,-5.67,-93,1,BREAK,DOWN,54049,1,10,56
2026-08-10 09:41:18,Put Wall 0DTE,Gamma,54048,POS,1,18,-61,0,BREAK,UP,54095,1,47,0
2026-08-10 09:41:18,Flip 0DTE,Gamma,54048,POS,1,18,-61,0,BREAK,UP,54095,1,47,0
2026-08-10 09:41:18,Gamma Flip,Gamma,54048,POS,1,18,-61,0,BREAK,UP,54095,1,47,0
2026-08-10 09:41:18,Y-Mid,Session,54040,POS,1,18,-61,0,BREAK,UP,54095,1,55,0
2026-08-10 09:41:18,Pivot,Session,54078,POS,1,18,-61,0,BREAK,UP,54095,1,17,16
2026-08-10 09:41:42,ONM,Overnight,54085,POS,1,18,-61,0,BREAK,UP,54103,3,18,23
2026-08-10 09:48:07,Put Wall 0DTE,Gamma,54048,POS,2,-4,-127,1,BREAK,DOWN,54021,1,6,27
2026-08-10 09:48:07,Flip 0DTE,Gamma,54048,POS,2,-4,-127,1,BREAK,DOWN,54021,1,6,27
2026-08-10 09:48:07,Gamma Flip,Gamma,54048,POS,2,-4,-127,1,BREAK,DOWN,54021,1,6,27
2026-08-10 09:48:07,Y-Mid,Session,54040,POS,2,-4,-127,1,BREAK,DOWN,54021,1,14,19
2026-08-10 09:50:00,Put Wall 0DTE,Gamma,54048,POS,2,13,-116,1,BREAK,DOWN,54017,1,12,45
2026-08-10 09:50:00,Flip 0DTE,Gamma,54048,POS,2,13,-116,1,BREAK,DOWN,54017,1,12,45
2026-08-10 09:50:00,Gamma Flip,Gamma,54048,POS,2,13,-116,1,BREAK,DOWN,54017,1,12,45
2026-08-10 09:50:00,Y-Mid,Session,54040,POS,2,13,-116,1,BREAK,DOWN,54017,1,20,37
2026-08-10 09:51:24,ONL,Overnight,54000,POS,1,-4,-151,0,BREAK,DOWN,53985,4,30,15
2026-08-10 09:53:24,Y-Mid,Session,54040,POS,3,20.67,-113,1,BREAK,UP,54055,4,15,30
2026-08-10 09:53:34,Put Wall 0DTE,Gamma,54048,POS,3,4,-105,1,BREAK,UP,54063,4,15,30
2026-08-10 09:53:34,Flip 0DTE,Gamma,54048,POS,3,4,-105,1,BREAK,UP,54063,4,15,30
2026-08-10 09:53:34,Gamma Flip,Gamma,54048,POS,3,4,-105,1,BREAK,UP,54063,4,15,30
2026-08-10 10:05:00,ONM,Overnight,54085,POS,1,3.33,-102,1,BREAK,DOWN,54037,1,0,51
2026-08-10 10:05:00,Pivot,Session,54078,POS,1,3.33,-102,1,BREAK,DOWN,54037,1,2,44
2026-08-10 10:05:04,ONM,Overnight,54085,POS,2,4,-69,1,BREAK,DOWN,54029,3,7,56
2026-08-10 10:05:04,Pivot,Session,54078,POS,2,4,-77,1,BREAK,DOWN,54029,5,14,49
2026-08-10 10:05:06,Put Wall 0DTE,Gamma,54048,POS,4,4,-123,1,BREAK,DOWN,54025,1,10,23
2026-08-10 10:05:06,Flip 0DTE,Gamma,54048,POS,4,4,-123,1,BREAK,DOWN,54025,1,10,23
2026-08-10 10:05:06,Gamma Flip,Gamma,54048,POS,4,4,-123,1,BREAK,DOWN,54025,1,10,23
2026-08-10 10:05:06,Y-Mid,Session,54040,POS,4,4,-123,1,BREAK,DOWN,54025,1,18,15
2026-08-10 10:15:00,ONL,Overnight,54000,POS,1,6.67,-139,0,BREAK,UP,54028,1,43,10
2026-08-10 10:18:42,ONL,Overnight,54000,POS,1,-4,-155,1,BREAK,UP,54055,2,55,10
2026-08-10 10:19:00,Y-Mid,Session,54040,POS,1,-4,-97,0,BREAK,UP,54059,1,19,14
2026-08-10 10:19:04,Put Wall 0DTE,Gamma,54048,POS,1,-4,-97,0,BREAK,UP,54063,2,15,22
2026-08-10 10:19:04,Flip 0DTE,Gamma,54048,POS,1,-4,-97,0,BREAK,UP,54063,2,15,22
2026-08-10 10:19:04,Gamma Flip,Gamma,54048,POS,1,-4,-97,0,BREAK,UP,54063,2,15,22
2026-08-10 10:20:00,Y-Mid,Session,54040,POS,1,-15.33,-124,1,BREAK,UP,54082,1,46,18
2026-08-10 10:25:00,Put Wall 0DTE,Gamma,54048,POS,1,-7.33,-70,0,BREAK,UP,54066,1,37,0
2026-08-10 10:25:00,Flip 0DTE,Gamma,54048,POS,1,-7.33,-70,0,BREAK,UP,54066,1,37,0
2026-08-10 10:25:00,Gamma Flip,Gamma,54048,POS,1,-7.33,-70,0,BREAK,UP,54066,1,37,0
2026-08-10 10:25:00,ONM,Overnight,54085,POS,1,-7.33,-70,1,BREAK,DOWN,54066,1,0,31
2026-08-10 10:25:00,Pivot,Session,54078,POS,1,-7.33,-70,0,REJECT,DOWN,54066,1,7,24
2026-08-10 10:26:55,Pivot,Session,54078,POS,1,4,-77,1,BREAK,UP,54095,5,17,32
2026-08-10 10:29:32,ONM,Overnight,54085,POS,1,4,-69,1,BREAK,UP,54103,5,18,31
2026-08-10 10:55:00,Call Wall 0DTE,Gamma,54148,POS,1,3.33,-5,1,BREAK,DOWN,54119,1,6,46
2026-08-10 10:55:00,Call Wall,Gamma,54148,POS,1,3.33,-5,1,BREAK,DOWN,54119,1,6,46
2026-08-10 10:55:00,PWC,PriorWeek,54152,POS,1,3.33,-5,1,BREAK,DOWN,54119,1,2,50
2026-08-10 11:00:15,PWC,PriorWeek,54152,POS,1,4,-1,1,BREAK,DOWN,54093,2,5,59
2026-08-10 11:00:15,Call Wall 0DTE,Gamma,54148,POS,1,4,-5,1,BREAK,DOWN,54093,3,9,55
2026-08-10 11:00:15,Call Wall,Gamma,54148,POS,1,4,-5,1,BREAK,DOWN,54093,3,9,55
2026-08-10 11:15:22,Pivot,Session,54078,POS,2,-23.33,-71,0,BREAK,UP,54139,2,61,3
2026-08-10 11:15:22,ONM,Overnight,54085,POS,2,-20.67,-67,1,BREAK,UP,54139,3,54,10
2026-08-10 11:22:04,Call Wall 0DTE,Gamma,54148,POS,2,4,3,0,BREAK,UP,54163,2,15,22
2026-08-10 11:22:04,Call Wall,Gamma,54148,POS,2,4,3,0,BREAK,UP,54163,2,15,22
2026-08-10 13:55:00,ONL,Overnight,54000,POS,1,-6,-138,0,REJECT,UP,54008,1,21,3
2026-08-10 14:19:03,ONL,Overnight,54000,POS,1,-4,-175,1,BREAK,DOWN,53973,1,6,27
2026-08-10 15:10:00,ONL,Overnight,54000,POS,2,6.33,-160,1,BREAK,UP,54015,4,18,19
2026-08-10 15:55:00,ONL,Overnight,54000,POS,3,8.67,-138,0,REJECT,UP,54003,1,20,6
2026-08-10 15:59:44,Y-Mid,Session,54040,POS,1,4,-113,1,BREAK,UP,54055,4,15,30
2026-08-10 15:59:50,Put Wall 0DTE,Gamma,54048,POS,1,4,-105,1,BREAK,UP,54063,4,15,30
2026-08-10 15:59:50,Flip 0DTE,Gamma,54048,POS,1,4,-105,1,BREAK,UP,54063,4,15,30
2026-08-10 15:59:50,Gamma Flip,Gamma,54048,POS,1,4,-105,1,BREAK,UP,54063,4,15,30
2026-08-10 16:05:00,Pivot,Session,54078,POS,1,0.33,-88,1,BREAK,DOWN,54034,1,0,44
2026-08-10 16:20:00,Put Wall 0DTE,Gamma,54048,POS,1,0.33,-88,0,BREAK,DOWN,54027,4,20,30
2026-08-10 16:20:00,Flip 0DTE,Gamma,54048,POS,1,0.33,-88,0,BREAK,DOWN,54027,4,20,30
2026-08-10 16:20:00,Gamma Flip,Gamma,54048,POS,1,0.33,-88,0,BREAK,DOWN,54027,4,20,30
2026-08-10 16:20:00,Y-Mid,Session,54040,POS,1,0.33,-88,0,REJECT,DOWN,54027,4,28,22
2026-08-10 16:59:58,Pivot,Session,54078,POS,1,4,-77,1,BREAK,DOWN,54061,1,0,60
2026-08-10 18:01:01,Y-Mid,Session,54040,POS,2,-6,-95,0,BREAK,UP,54061,1,21,12
2026-08-10 18:01:13,Put Wall 0DTE,Gamma,54048,POS,2,0,-87,0,BREAK,UP,54069,1,21,12
2026-08-10 18:01:13,Flip 0DTE,Gamma,54048,POS,2,0,-87,0,BREAK,UP,54069,1,21,12
2026-08-10 18:01:13,Gamma Flip,Gamma,54048,POS,2,0,-87,0,BREAK,UP,54069,1,21,12
2026-08-10 18:15:00,Put Wall 0DTE,Gamma,54048,POS,2,3.67,-111,1,REJECT,DOWN,54038,2,1,32
2026-08-10 18:15:00,Flip 0DTE,Gamma,54048,POS,2,3.67,-111,1,REJECT,DOWN,54038,2,1,32
2026-08-10 18:15:00,Gamma Flip,Gamma,54048,POS,2,3.67,-111,1,REJECT,DOWN,54038,2,1,32
2026-08-10 18:15:00,Y-Mid,Session,54040,POS,2,3.67,-111,0,REJECT,DOWN,54038,2,9,24
2026-08-11 08:14:56,ONM,Overnight,54085,POS,1,4,-19,0,BREAK,UP,54137,1,52,0
2026-08-11 08:14:56,Pivot,Session,54078,POS,1,4,-19,0,BREAK,UP,54137,1,59,0
2026-08-11 08:23:31,Call Wall 0DTE,Gamma,54148,POS,1,4,-7,1,BREAK,DOWN,54083,1,1,65
2026-08-11 08:23:31,Call Wall,Gamma,54148,POS,1,4,-7,1,BREAK,DOWN,54083,1,1,65
2026-08-11 08:23:39,PWC,PriorWeek,54152,POS,1,4,-69,1,BREAK,DOWN,54079,1,0,73
2026-08-11 09:26:11,Call Wall 0DTE,Gamma,54148,POS,2,4,9,0,BREAK,UP,54165,1,17,31
2026-08-11 09:26:11,Call Wall,Gamma,54148,POS,2,4,9,0,BREAK,UP,54165,1,17,31
2026-08-11 09:26:12,PWC,PriorWeek,54152,POS,2,4,13,0,BREAK,UP,54169,1,17,16
2026-08-11 09:30:33,ONH,Overnight,54170,POS,1,4,17,1,BREAK,UP,54185,4,15,52
2026-08-11 09:31:30,ONH,Overnight,54170,POS,2,4,-1,1,BREAK,DOWN,54147,1,10,23
2026-08-11 09:32:00,PWC,PriorWeek,54152,POS,3,4,-1,1,BREAK,DOWN,54135,4,28,17
2026-08-11 09:32:00,Call Wall 0DTE,Gamma,54148,POS,3,4,-1,0,BREAK,DOWN,54131,5,32,17
2026-08-11 09:32:00,Call Wall,Gamma,54148,POS,3,4,-1,0,BREAK,DOWN,54131,5,32,17
2026-08-11 09:34:31,Call Wall 0DTE,Gamma,54148,POS,4,-4,17,0,BREAK,UP,54173,1,25,8
2026-08-11 09:34:31,Call Wall,Gamma,54148,POS,4,-4,17,0,BREAK,UP,54173,1,25,8
2026-08-11 09:34:31,PWC,PriorWeek,54152,POS,4,-4,17,0,BREAK,UP,54173,1,21,12
2026-08-11 09:35:39,ONH,Overnight,54170,POS,3,-4,17,1,BREAK,UP,54185,4,15,30
2026-08-11 09:47:18,R1,Session,54276,POS,1,4,121,1,BREAK,UP,54293,5,17,32
2026-08-11 10:02:32,R1,Session,54276,POS,2,4,119,1,BREAK,DOWN,54259,3,30,17
2026-08-11 10:07:37,ONH,Overnight,54170,POS,4,-4,19,0,BREAK,DOWN,54155,4,30,15
2026-08-11 10:16:35,PWC,PriorWeek,54152,POS,5,-4,3,0,BREAK,DOWN,54135,5,41,17
2026-08-11 10:16:35,Call Wall 0DTE,Gamma,54148,POS,5,-4,-1,0,BREAK,DOWN,54131,5,45,17
2026-08-11 10:16:35,Call Wall,Gamma,54148,POS,5,-4,-1,0,BREAK,DOWN,54131,5,45,17
2026-08-11 10:34:00,ONH,Overnight,54170,POS,5,-4,-29,1,BREAK,DOWN,54119,1,0,51
2026-08-11 10:42:31,ONM,Overnight,54085,POS,2,-4,-65,0,BREAK,DOWN,54067,5,31,18
2026-08-11 10:43:56,Pivot,Session,54078,POS,2,-4,-73,0,BREAK,DOWN,54063,4,30,15
2026-08-11 11:11:32,Put Wall 0DTE,Gamma,54048,POS,1,-4,-101,0,BREAK,DOWN,54031,5,32,17
2026-08-11 11:11:32,Flip 0DTE,Gamma,54048,POS,1,-4,-101,0,BREAK,DOWN,54031,5,32,17
2026-08-11 11:11:32,Gamma Flip,Gamma,54048,POS,1,-4,-101,0,BREAK,DOWN,54031,5,32,17
2026-08-11 11:18:56,Y-Mid,Session,54040,POS,1,-4,-109,0,BREAK,DOWN,54023,5,32,17
2026-08-11 13:00:40,ONL,Overnight,54000,POS,1,-4,-149,0,BREAK,DOWN,53983,5,32,17
2026-08-11 14:09:54,ONL,Overnight,54000,POS,2,-4,-197,1,BREAK,DOWN,53951,1,0,49
2026-08-11 14:29:51,S1,Session,53953,POS,1,-4,-197,0,BREAK,DOWN,53935,5,31,18
2026-08-11 15:00:33,S1,Session,53953,POS,2,-4,-245,1,BREAK,DOWN,53903,1,0,50
2026-08-12 07:43:51,S1,Session,53953,POS,1,4,-177,0,BREAK,UP,53979,1,26,7
2026-08-12 08:26:43,ONH,Overnight,53995,POS,1,4,-145,0,BREAK,UP,54011,1,16,17
2026-08-12 08:26:43,ONL,Overnight,54000,POS,1,4,-153,1,BREAK,UP,54015,4,15,30
2026-08-12 08:29:22,Pivot,Session,54024,POS,1,4,-129,1,BREAK,UP,54039,4,15,30
2026-08-12 08:29:41,Flip 0DTE,Gamma,54034,POS,1,4,-121,1,BREAK,UP,54051,5,17,32
2026-08-12 08:30:01,Call Wall 0DTE,Gamma,54058,POS,1,4,-97,1,BREAK,UP,54075,5,17,32
2026-08-12 08:30:01,Call Wall,Gamma,54058,POS,1,4,-97,1,BREAK,UP,54075,5,17,32
2026-08-12 08:30:01,Y-Mid,Session,54096,POS,1,4,-57,1,BREAK,UP,54111,4,15,30
2026-08-12 08:30:01,PWC,PriorWeek,54152,POS,1,4,-67,1,BREAK,DOWN,54081,1,0,71
2026-08-12 08:30:01,Y-Mid,Session,54096,POS,2,4,-67,1,BREAK,DOWN,54081,1,18,15
2026-08-12 08:30:01,Call Wall 0DTE,Gamma,54058,POS,2,-4,-91,0,BREAK,UP,54107,5,49,14
2026-08-12 08:30:01,Call Wall,Gamma,54058,POS,2,-4,-91,0,BREAK,UP,54107,5,49,14
2026-08-12 08:30:01,Y-Mid,Session,54096,POS,3,18,-41,0,BREAK,UP,54115,1,19,14
2026-08-12 08:30:02,Call Wall 0DTE,Gamma,54058,POS,3,-18,-91,0,BREAK,DOWN,54041,5,32,17
2026-08-12 08:30:02,Call Wall,Gamma,54058,POS,3,-18,-91,0,BREAK,DOWN,54041,5,32,17
2026-08-12 08:30:04,Flip 0DTE,Gamma,54034,POS,2,-4,-115,0,BREAK,DOWN,54017,5,32,17
2026-08-12 08:30:04,Pivot,Session,54024,POS,2,-4,-127,0,BREAK,DOWN,54009,4,30,15
2026-08-12 08:30:04,ONH,Overnight,53995,POS,2,-4,-155,0,BREAK,DOWN,53977,5,31,18
2026-08-12 08:30:04,Pivot,Session,54024,POS,3,-4,-187,1,BREAK,DOWN,53961,1,0,63
2026-08-12 08:30:05,Gamma Flip,Gamma,53958,POS,1,-4,-191,0,BREAK,UP,54007,5,49,15
2026-08-12 08:30:05,ONH,Overnight,53995,POS,3,-4,-145,0,BREAK,UP,54011,1,16,17
2026-08-12 08:30:05,Pivot,Session,54024,POS,4,4,-121,0,BREAK,UP,54039,2,15,54
2026-08-12 08:30:07,Flip 0DTE,Gamma,54034,POS,3,4,-121,1,BREAK,DOWN,53981,4,12,64
2026-08-12 08:30:07,ONH,Overnight,53995,POS,4,-20.67,-179,1,BREAK,DOWN,53969,1,7,26
2026-08-12 08:30:09,Gamma Flip,Gamma,53958,POS,2,-4,-191,0,BREAK,DOWN,53941,5,32,17
2026-08-12 08:30:10,ONM,Overnight,53924,POS,1,-4,-227,0,BREAK,UP,53983,2,59,4
2026-08-12 08:30:10,Gamma Flip,Gamma,53958,POS,3,18,-165,0,BREAK,UP,53991,1,33,0
2026-08-12 08:30:10,ONH,Overnight,53995,POS,5,23.33,-157,1,BREAK,UP,54011,4,16,29
2026-08-12 08:33:52,ONH,Overnight,53995,POS,6,4,-125,0,BREAK,UP,54031,1,36,0
2026-08-12 08:34:26,Pivot,Session,54024,POS,5,4,-129,1,BREAK,UP,54039,4,15,30
2026-08-12 08:41:01,Flip 0DTE,Gamma,54034,POS,4,4,-121,1,BREAK,UP,54051,5,17,46
2026-08-12 09:28:49,Call Wall 0DTE,Gamma,54058,POS,4,4,-97,1,BREAK,UP,54075,5,17,56
2026-08-12 09:28:49,Call Wall,Gamma,54058,POS,4,4,-97,1,BREAK,UP,54075,5,17,56
2026-08-12 09:30:16,Flip 0DTE,Gamma,54034,POS,5,4,-131,1,BREAK,DOWN,54017,1,16,17
2026-08-12 09:30:20,Pivot,Session,54024,POS,6,4,-131,1,BREAK,DOWN,54009,3,26,15
2026-08-12 09:30:43,ONH,Overnight,53995,POS,7,-4,-155,0,BREAK,DOWN,53977,5,31,18
2026-08-12 09:30:58,Gamma Flip,Gamma,53958,POS,4,-4,-191,0,BREAK,DOWN,53941,5,32,17
2026-08-12 09:31:38,ONM,Overnight,53924,POS,2,-4,-227,0,BREAK,DOWN,53909,4,30,15
2026-08-12 09:34:27,Gamma Flip,Gamma,53958,POS,5,-4,-193,0,BREAK,UP,53975,4,17,28
2026-08-12 09:35:43,ONH,Overnight,53995,POS,8,4,-157,1,BREAK,UP,54011,4,16,36
2026-08-12 09:39:24,Gamma Flip,Gamma,53958,POS,6,4,-133,0,BREAK,UP,54023,1,65,0
2026-08-12 09:44:26,Pivot,Session,54024,POS,7,4,-129,1,BREAK,DOWN,53965,2,4,59
2026-08-12 09:46:37,Gamma Flip,Gamma,53958,POS,7,-4,-223,1,BREAK,DOWN,53925,1,0,33
2026-08-12 09:47:02,ONM,Overnight,53924,POS,3,-4,-227,0,BREAK,DOWN,53909,4,30,15
2026-08-12 09:50:25,Gamma Flip,Gamma,53958,POS,8,4,-165,0,BREAK,UP,53991,1,33,0
2026-08-12 09:56:25,Gamma Flip,Gamma,53958,POS,1,-18,-227,1,BREAK,DOWN,53921,1,0,37
2026-08-12 09:58:57,ONM,Overnight,53924,POS,1,-18,-227,0,BREAK,DOWN,53909,4,30,15
2026-08-12 10:07:03,ONM,Overnight,53924,POS,2,-4,-283,1,BREAK,DOWN,53865,1,0,59
2026-08-12 10:17:17,ONL,Overnight,53854,POS,1,-4,-295,0,BREAK,UP,53907,4,53,12
2026-08-12 10:18:48,ONM,Overnight,53924,POS,3,4,-225,0,BREAK,UP,53939,3,15,26
2026-08-12 10:31:09,Gamma Flip,Gamma,53958,POS,2,4,-197,1,BREAK,DOWN,53909,5,14,49
2026-08-12 10:31:09,ONM,Overnight,53924,POS,4,4,-243,1,BREAK,DOWN,53905,1,14,19
2026-08-12 10:31:10,ONL,Overnight,53854,POS,2,-4,-295,0,BREAK,DOWN,53837,5,32,17
2026-08-12 10:31:15,PWM,PriorWeek,53830,POS,1,-4,-319,0,BREAK,UP,53895,1,65,0
2026-08-12 10:42:57,ONM,Overnight,53924,POS,5,4,-229,1,BREAK,UP,53939,4,15,40
2026-08-12 11:43:58,ONL,Overnight,53854,POS,3,-4,-295,0,BREAK,UP,53903,5,49,14
2026-08-12 12:02:37,ONM,Overnight,53924,POS,6,4,-229,1,BREAK,UP,53939,4,15,30
2026-08-12 15:50:34,Gamma Flip,Gamma,53958,POS,3,4,-197,1,BREAK,DOWN,53893,1,1,65
2026-08-12 16:05:02,ONL,Overnight,53854,POS,4,-4,-295,0,BREAK,UP,53915,2,61,2
2026-08-12 16:05:19,ONM,Overnight,53924,POS,7,20.67,-229,1,BREAK,UP,53939,4,15,30
2026-08-12 16:59:55,ONL,Overnight,53854,POS,5,-4,-295,0,REJECT,UP,53864,1,32,0
2026-08-12 18:00:00,ONM,Overnight,53924,POS,8,13.33,-255,1,BREAK,DOWN,53893,1,2,31
2026-08-12 18:02:37,ONL,Overnight,53854,POS,6,-4,-295,0,BREAK,DOWN,53837,5,32,17
2026-08-12 21:15:00,PWM,PriorWeek,53830,POS,1,2.33,-315,0,BREAK,DOWN,53808,2,4,25
2026-08-12 22:25:00,PWM,PriorWeek,53830,POS,1,-1.67,-320,0,HOLD,NONE,53837,6,10,5
2026-08-13 09:00:00,Flip 0DTE,Gamma,54034,POS,1,9.67,-115,0,BREAK,UP,54056,2,23,0
2026-08-13 09:05:00,ONH,Overnight,54057,POS,1,2,-96,1,REJECT,DOWN,54043,1,12,22
2026-08-13 09:10:00,R1,Session,54071,POS,1,7.67,-109,1,BREAK,DOWN,54027,1,0,46
2026-08-13 09:35:00,Put Wall 0DTE,Gamma,54003,POS,1,-1,-124,0,BREAK,DOWN,53971,1,79,36
2026-08-13 09:35:00,Put Wall,Gamma,54003,POS,1,-1,-124,0,BREAK,DOWN,53971,1,79,36
2026-08-13 09:35:00,Gamma Flip,Gamma,54004,POS,1,-1,-124,0,BREAK,DOWN,53971,1,78,37
2026-08-16 18:00:00,ONL,Overnight,53803,POS,1,-4,-374,1,REJECT,DOWN,53798,2,0,38
2026-08-16 18:00:00,ONL,Overnight,53803,POS,1,5.67,-350,1,BREAK,UP,53818,4,15,30
2026-08-16 20:10:00,PWM,PriorWeek,53830,POS,1,0.67,-327,1,BREAK,DOWN,53805,4,0,28
2026-08-16 20:25:00,ONL,Overnight,53803,POS,1,-1.67,-347,0,BREAK,DOWN,53788,3,13,20
2026-08-16 21:05:22,PWM,PriorWeek,53830,POS,1,4,-376,1,BREAK,DOWN,53772,1,0,58
2026-08-16 21:05:22,ONL,Overnight,53803,POS,1,4,-376,1,BREAK,DOWN,53772,1,2,31
2026-08-16 21:52:06,S1,Session,53751,POS,1,-4,-400,0,BREAK,DOWN,53736,4,30,15
2026-08-18 08:31:09,Flip 0DTE,Gamma,53501,POS,1,-4,-336,1,BREAK,DOWN,53467,1,0,34
2026-08-18 08:31:09,ONM,Overnight,53488,POS,1,-4,-336,1,BREAK,DOWN,53467,1,12,21
2026-08-18 09:22:31,Flip 0DTE,Gamma,53501,POS,1,18,-356,1,BREAK,DOWN,53447,1,0,54
2026-08-18 09:22:31,ONM,Overnight,53488,POS,1,18,-356,1,BREAK,DOWN,53447,1,0,41
2026-08-18 09:30:17,Put Wall 0DTE,Gamma,53396,POS,1,-4,-408,0,BREAK,DOWN,53379,5,32,17
2026-08-18 09:30:17,Put Wall,Gamma,53396,POS,1,-4,-408,0,BREAK,DOWN,53379,5,32,17
2026-08-18 09:30:17,S1,Session,53392,POS,1,-4,-412,0,BREAK,DOWN,53375,5,32,17
2026-08-18 09:30:17,ONL,Overnight,53382,POS,1,-4,-424,0,BREAK,DOWN,53367,4,30,15
2026-08-18 09:31:10,ONL,Overnight,53382,POS,2,18,-426,1,BREAK,UP,53397,4,15,30
2026-08-18 09:31:17,S1,Session,53392,POS,2,23.33,-418,1,BREAK,UP,53409,5,17,32
2026-08-18 09:31:18,Put Wall 0DTE,Gamma,53396,POS,2,4,-414,1,BREAK,UP,53413,5,17,32
2026-08-18 09:31:18,Put Wall,Gamma,53396,POS,2,4,-414,1,BREAK,UP,53413,5,17,32
2026-08-18 09:33:25,ONL,Overnight,53382,POS,3,4,-444,1,BREAK,DOWN,53359,1,10,23
2026-08-18 09:36:32,Put Wall 0DTE,Gamma,53396,POS,3,-4,-398,0,BREAK,UP,53413,1,17,16
2026-08-18 09:36:32,Put Wall,Gamma,53396,POS,3,-4,-398,0,BREAK,UP,53413,1,17,16
2026-08-18 09:36:32,S1,Session,53392,POS,3,-4,-398,0,BREAK,UP,53413,1,21,12
2026-08-18 09:39:46,ONL,Overnight,53382,POS,4,-4,-418,0,BREAK,UP,53397,2,15,22
2026-08-18 09:42:02,S1,Session,53392,POS,4,23.33,-406,0,BREAK,UP,53409,2,17,45
2026-08-18 09:42:21,Put Wall 0DTE,Gamma,53396,POS,4,23.33,-406,0,BREAK,UP,53413,3,17,49
2026-08-18 09:42:21,Put Wall,Gamma,53396,POS,4,23.33,-406,0,BREAK,UP,53413,3,17,49
2026-08-18 09:48:25,ONM,Overnight,53488,POS,2,4,-322,1,BREAK,UP,53505,5,17,32
2026-08-18 09:48:28,Flip 0DTE,Gamma,53501,POS,2,4,-306,1,BREAK,UP,53517,4,16,29
2026-08-18 10:09:24,ONM,Overnight,53488,POS,3,-4,-310,0,BREAK,UP,53505,2,17,41
2026-08-18 10:11:58,Flip 0DTE,Gamma,53501,POS,3,18,-306,1,BREAK,DOWN,53443,2,5,58
2026-08-18 10:41:12,ONM,Overnight,53488,POS,4,-20.67,-298,0,BREAK,UP,53513,1,25,8
2026-08-18 10:41:20,Flip 0DTE,Gamma,53501,POS,4,-20.67,-298,0,BREAK,UP,53517,2,16,21
2026-08-18 10:53:24,Flip 0DTE,Gamma,53501,POS,5,-20.67,-340,1,BREAK,DOWN,53463,1,0,38
2026-08-18 10:53:24,ONM,Overnight,53488,POS,5,-20.67,-340,1,BREAK,DOWN,53463,1,8,25
2026-08-18 11:22:08,Put Wall 0DTE,Gamma,53396,POS,5,-4,-408,0,BREAK,DOWN,53379,5,32,17
2026-08-18 11:22:08,Put Wall,Gamma,53396,POS,5,-4,-408,0,BREAK,DOWN,53379,5,32,17
2026-08-18 11:22:10,S1,Session,53392,POS,5,-4,-412,0,BREAK,DOWN,53375,5,32,17
2026-08-18 11:25:11,ONL,Overnight,53382,POS,5,-4,-424,0,BREAK,DOWN,53367,4,30,15
2026-08-18 12:21:20,Put Wall 0DTE,Gamma,53396,POS,6,4,-362,0,BREAK,UP,53449,1,53,0
2026-08-18 12:21:20,Put Wall,Gamma,53396,POS,6,4,-362,0,BREAK,UP,53449,1,53,0
2026-08-18 12:21:20,S1,Session,53392,POS,6,4,-362,0,BREAK,UP,53449,1,57,0
2026-08-18 14:22:05,Put Wall 0DTE,Gamma,53396,POS,1,-4,-354,0,BREAK,UP,53457,1,61,0
2026-08-18 14:22:05,Put Wall,Gamma,53396,POS,1,-4,-354,0,BREAK,UP,53457,1,61,0
2026-08-18 14:22:05,S1,Session,53392,POS,1,-4,-354,0,BREAK,UP,53457,1,65,0
2026-08-20 08:33:47,ONL,Overnight,53118,POS,1,-4,-704,1,BREAK,DOWN,53099,1,14,19
2026-08-20 08:35:35,S2,Session,53106,POS,1,-4,-704,1,BREAK,DOWN,53091,3,26,15
2026-08-20 08:36:27,Flip 0DTE,Gamma,53097,POS,1,-4,-708,0,BREAK,DOWN,53079,5,31,18
2026-08-20 08:36:27,Gamma Flip,Gamma,53097,POS,1,-4,-708,0,BREAK,DOWN,53079,5,31,18
2026-08-20 09:03:33,ONL,Overnight,53118,POS,2,23.33,-662,0,BREAK,UP,53149,1,31,2
2026-08-20 09:15:06,S2,Session,53106,POS,2,4,-720,1,BREAK,DOWN,53083,1,10,23
2026-08-20 09:15:21,Flip 0DTE,Gamma,53097,POS,2,4,-720,1,BREAK,DOWN,53079,2,19,18
2026-08-20 09:15:21,Gamma Flip,Gamma,53097,POS,2,4,-720,1,BREAK,DOWN,53079,2,19,18
2026-08-20 09:29:44,Flip 0DTE,Gamma,53097,POS,3,18,-694,0,BREAK,UP,53117,1,20,13
2026-08-20 09:29:44,Gamma Flip,Gamma,53097,POS,3,18,-694,0,BREAK,UP,53117,1,20,13
2026-08-20 09:29:48,S2,Session,53106,POS,3,18,-694,0,BREAK,UP,53121,2,15,22
2026-08-20 09:29:56,ONL,Overnight,53118,POS,3,20.67,-690,1,BREAK,UP,53133,4,15,30
2026-08-20 09:31:00,ONL,Overnight,53118,POS,4,4,-708,1,BREAK,DOWN,53095,1,10,23
2026-08-20 09:31:06,S2,Session,53106,POS,4,4,-708,1,BREAK,DOWN,53091,2,22,15
2026-08-20 09:31:07,Flip 0DTE,Gamma,53097,POS,4,4,-708,0,BREAK,DOWN,53079,5,31,18
2026-08-20 09:31:07,Gamma Flip,Gamma,53097,POS,4,4,-708,0,BREAK,DOWN,53079,5,31,18
2026-08-20 09:32:31,Flip 0DTE,Gamma,53097,POS,5,-4,-694,0,BREAK,UP,53117,1,20,13
2026-08-20 09:32:31,Gamma Flip,Gamma,53097,POS,5,-4,-694,0,BREAK,UP,53117,1,20,13
2026-08-20 09:32:31,S2,Session,53106,POS,5,-4,-694,0,BREAK,UP,53121,2,15,22
2026-08-20 09:32:57,ONL,Overnight,53118,POS,5,18,-690,1,BREAK,UP,53133,4,15,30
2026-08-20 09:35:16,Call Wall 0DTE,Gamma,53197,POS,1,4,-610,1,BREAK,UP,53213,4,16,29
2026-08-20 09:35:16,Call Wall,Gamma,53197,POS,1,4,-610,1,BREAK,UP,53213,4,16,29
2026-08-20 09:44:05,Call Wall 0DTE,Gamma,53197,POS,2,-4,-598,0,BREAK,UP,53213,1,16,17
2026-08-20 09:44:05,Call Wall,Gamma,53197,POS,2,-4,-598,0,BREAK,UP,53213,1,16,17
2026-08-20 09:57:57,Call Wall 0DTE,Gamma,53197,POS,3,-20.67,-608,0,BREAK,DOWN,53179,5,31,18
2026-08-20 09:57:57,Call Wall,Gamma,53197,POS,3,-20.67,-608,0,BREAK,DOWN,53179,5,31,18
2026-08-20 10:13:58,ONL,Overnight,53118,POS,1,-4,-696,1,BREAK,DOWN,53103,2,22,15
2026-08-20 10:14:47,S2,Session,53106,POS,1,-4,-700,0,BREAK,DOWN,53091,4,30,15
2026-08-20 10:19:52,Flip 0DTE,Gamma,53097,POS,1,-4,-708,0,BREAK,DOWN,53079,5,31,18
2026-08-20 10:19:52,Gamma Flip,Gamma,53097,POS,1,-4,-708,0,BREAK,DOWN,53079,5,31,18
2026-08-20 10:23:28,ONL,Overnight,53118,POS,2,20.67,-662,0,BREAK,UP,53149,1,31,2
2026-08-20 10:53:20,Call Wall 0DTE,Gamma,53197,POS,1,4,-610,1,BREAK,UP,53213,4,16,48
2026-08-20 10:53:20,Call Wall,Gamma,53197,POS,1,4,-610,1,BREAK,UP,53213,4,16,48
2026-08-20 11:10:50,Call Wall 0DTE,Gamma,53197,POS,2,-4,-608,0,BREAK,DOWN,53179,5,31,18
2026-08-20 11:10:50,Call Wall,Gamma,53197,POS,2,-4,-608,0,BREAK,DOWN,53179,5,31,18
2026-08-20 11:22:15,Call Wall 0DTE,Gamma,53197,POS,3,20.67,-640,1,BREAK,DOWN,53163,1,0,34
2026-08-20 11:22:15,Call Wall,Gamma,53197,POS,3,20.67,-640,1,BREAK,DOWN,53163,1,0,34
2026-08-20 15:45:46,S3,Session,52875,POS,1,-4,-882,0,BREAK,DOWN,52859,2,51,16
2026-06-01 07:00:00,PML,PriorMonth,51630,POS,1,4,-2177,1,BREAK,DOWN,51614,4,29,16
2026-06-04 11:17:04,PML,PriorMonth,51630,POS,1,4,-2177,1,BREAK,UP,51646,4,16,29
2026-06-04 11:44:09,PML,PriorMonth,51630,POS,2,4,-2195,1,BREAK,DOWN,51608,1,11,22
2026-06-04 13:11:52,PML,PriorMonth,51630,POS,3,-4,-2175,0,BREAK,DOWN,51612,5,31,18
2026-06-04 14:09:07,PML,PriorMonth,51630,POS,4,-4,-2235,1,BREAK,DOWN,51568,1,0,62
2026-06-04 14:33:50,PML,PriorMonth,51630,POS,5,4,-2145,0,BREAK,UP,51666,1,36,0
2026-08-03 03:17:58,S3,Session,52875,POS,1,4,-929,0,BREAK,DOWN,52858,5,53,17
2026-08-03 04:35:50,Put Wall 0DTE,Gamma,52948,POS,1,4,-859,1,BREAK,UP,52964,4,16,29
2026-08-03 05:36:14,Put Wall 0DTE,Gamma,52948,POS,2,4,-807,0,BREAK,UP,53004,1,56,0
2026-08-03 07:11:36,Flip 0DTE,Gamma,53097,POS,1,4,-711,1,BREAK,UP,53112,4,15,30
2026-08-03 07:11:36,Gamma Flip,Gamma,53097,POS,1,4,-711,1,BREAK,UP,53112,4,15,30
2026-08-03 07:17:01,S2,Session,53106,POS,1,4,-703,1,BREAK,UP,53124,5,18,31
2026-08-03 07:17:55,ONL,Overnight,53118,POS,1,4,-691,1,BREAK,UP,53136,5,18,31
2026-08-03 08:21:00,Call Wall 0DTE,Gamma,53197,POS,1,4,-611,1,BREAK,UP,53212,4,15,52
2026-08-03 08:21:00,Call Wall,Gamma,53197,POS,1,4,-611,1,BREAK,UP,53212,4,15,52
2026-08-03 09:25:25,S1,Session,53318,POS,1,4,-491,1,BREAK,DOWN,53270,5,17,48
2026-08-03 09:29:51,Call Wall 0DTE,Gamma,53197,POS,2,-4,-609,0,BREAK,DOWN,53182,4,30,15
2026-08-03 09:29:51,Call Wall,Gamma,53197,POS,2,-4,-609,0,BREAK,DOWN,53182,4,30,15
2026-08-03 09:30:18,Call Wall 0DTE,Gamma,53197,POS,3,20.67,-611,1,BREAK,UP,53212,4,15,30
2026-08-03 09:30:18,Call Wall,Gamma,53197,POS,3,20.67,-611,1,BREAK,UP,53212,4,15,30
2026-08-03 09:40:22,S1,Session,53318,POS,2,23.33,-491,1,BREAK,DOWN,53254,1,0,64
2026-08-03 09:45:16,Call Wall 0DTE,Gamma,53197,POS,4,-4,-609,0,BREAK,DOWN,53182,4,33,15
2026-08-03 09:45:16,Call Wall,Gamma,53197,POS,4,-4,-609,0,BREAK,DOWN,53182,4,33,15
2026-08-03 10:02:19,S1,Session,53318,POS,3,4,-491,1,BREAK,UP,53336,5,18,31
2026-08-03 10:03:18,ONM,Overnight,53354,POS,1,4,-455,1,BREAK,UP,53372,5,18,31
2026-08-03 10:13:29,S1,Session,53318,POS,4,4,-493,1,BREAK,DOWN,53302,3,39,16
2026-08-03 11:03:21,Call Wall 0DTE,Gamma,53197,POS,5,-4,-609,0,BREAK,DOWN,53182,4,53,15
2026-08-03 11:03:21,Call Wall,Gamma,53197,POS,5,-4,-609,0,BREAK,DOWN,53182,4,53,15
2026-08-03 11:26:00,Call Wall 0DTE,Gamma,53197,POS,6,-4,-665,1,BREAK,DOWN,53138,1,0,59
2026-08-03 11:26:00,Call Wall,Gamma,53197,POS,6,-4,-665,1,BREAK,DOWN,53138,1,0,59
2026-08-03 12:52:09,ONL,Overnight,53118,POS,2,-4,-689,1,BREAK,DOWN,53102,4,29,16
2026-08-03 12:54:24,S2,Session,53106,POS,2,-4,-701,1,BREAK,DOWN,53090,4,29,16
2026-08-03 13:07:13,Flip 0DTE,Gamma,53097,POS,2,-4,-709,0,BREAK,DOWN,53082,4,30,15
2026-08-03 13:07:13,Gamma Flip,Gamma,53097,POS,2,-4,-709,0,BREAK,DOWN,53082,4,30,15
2026-08-03 13:32:58,ONL,Overnight,53118,POS,3,20.67,-655,0,BREAK,UP,53156,1,38,0
2026-08-03 13:40:31,Call Wall 0DTE,Gamma,53197,POS,7,4,-611,1,BREAK,UP,53212,4,15,30
2026-08-03 13:40:31,Call Wall,Gamma,53197,POS,7,4,-611,1,BREAK,UP,53212,4,15,30
2026-08-03 15:25:03,S1,Session,53318,POS,5,4,-491,1,BREAK,UP,53336,5,18,38
2026-08-03 15:57:09,ONM,Overnight,53354,POS,2,4,-455,1,BREAK,UP,53372,5,18,31
2026-08-04 04:52:00,ONM,Overnight,53354,POS,1,-4,-450,0,BREAK,DOWN,53337,5,32,17
2026-08-04 06:21:21,ONM,Overnight,53354,POS,2,-18,-458,1,BREAK,DOWN,53337,3,24,17
2026-08-04 06:30:00,S1,Session,53318,POS,1,-4,-486,0,BREAK,DOWN,53301,5,32,17
2026-08-04 06:30:00,S1,Session,53318,POS,2,-4,-476,0,BREAK,UP,53335,1,17,16
2026-08-04 06:30:00,ONM,Overnight,53354,POS,3,4,-456,1,BREAK,UP,53371,5,17,32
2026-08-04 06:30:10,Pivot,Session,53549,POS,1,4,-260,1,BREAK,UP,53567,5,18,31
2026-08-04 06:30:10,Y-Mid,Session,53558,POS,1,4,-252,1,BREAK,UP,53575,5,17,32
2026-08-04 06:30:21,ONH,Overnight,53589,POS,1,4,-220,1,BREAK,UP,53607,5,18,57
2026-08-04 06:30:36,Y-Mid,Session,53558,POS,2,4,-196,0,BREAK,UP,53615,1,57,0
2026-08-04 06:30:36,Pivot,Session,53549,POS,2,4,-196,0,BREAK,UP,53615,1,66,0
2026-08-04 06:33:44,PMH,PriorMonth,53656,POS,1,4,-152,1,BREAK,UP,53671,4,15,30
2026-08-04 06:35:30,PMH,PriorMonth,53656,POS,2,-20.67,-186,1,BREAK,DOWN,53617,1,0,39
2026-08-04 06:35:50,ONH,Overnight,53589,POS,2,-4,-218,1,BREAK,DOWN,53573,4,29,16
2026-08-04 06:38:27,Pivot,Session,53549,POS,3,-4,-258,1,BREAK,UP,53607,2,58,7
2026-08-04 06:38:27,Y-Mid,Session,53558,POS,3,-4,-246,0,BREAK,UP,53607,5,58,16
2026-08-04 06:38:27,ONH,Overnight,53589,POS,3,-4,-200,0,BREAK,UP,53611,1,22,11
2026-08-04 06:40:00,Y-Mid,Session,53558,POS,4,-4,-270,1,BREAK,DOWN,53533,1,8,25
2026-08-04 06:40:34,Pivot,Session,53549,POS,4,-4,-282,1,BREAK,DOWN,53521,1,5,28
2026-08-04 06:44:32,Pivot,Session,53549,POS,5,23.33,-240,0,BREAK,UP,53571,1,22,11
2026-08-04 06:44:40,Y-Mid,Session,53558,POS,5,-4,-252,1,BREAK,UP,53575,5,17,32
2026-08-04 06:45:30,ONH,Overnight,53589,POS,4,4,-220,1,BREAK,UP,53607,5,18,31
2026-08-04 06:56:27,PMH,PriorMonth,53656,POS,3,4,-152,1,BREAK,UP,53671,4,15,51
2026-08-04 07:00:51,PMH,PriorMonth,53656,POS,4,-20.67,-186,1,BREAK,DOWN,53617,1,11,39
2026-08-04 07:03:32,PMH,PriorMonth,53656,POS,5,4,-128,0,BREAK,UP,53683,1,27,6
2026-08-04 07:20:26,PWL,PriorWeek,53715,POS,1,4,-92,1,BREAK,UP,53731,4,16,44
2026-08-04 07:32:19,R1,Session,53761,POS,1,4,-48,1,BREAK,UP,53779,5,18,31
2026-08-04 07:42:51,PWC,PriorWeek,53807,POS,1,4,0,1,BREAK,UP,53823,4,16,33
2026-08-04 08:15:38,R2,Session,53992,POS,1,4,118,1,BREAK,DOWN,53921,1,0,71
2026-08-04 08:40:13,R2,Session,53992,POS,2,4,200,0,BREAK,UP,54011,1,19,14
2026-08-04 08:58:20,PWM,PriorWeek,54026,POS,1,4,216,1,BREAK,DOWN,53965,2,4,61
2026-08-04 09:13:21,R2,Session,53992,POS,3,4,184,1,BREAK,UP,54007,4,15,30
2026-08-04 09:20:44,PWM,PriorWeek,54026,POS,2,4,216,1,BREAK,UP,54043,5,17,34
2026-08-04 09:29:56,PWM,PriorWeek,54026,POS,3,4,214,1,BREAK,DOWN,54009,3,24,17
2026-08-04 09:30:01,R2,Session,53992,POS,4,-4,186,0,BREAK,DOWN,53977,4,30,15
2026-08-04 09:30:13,PWM,PriorWeek,54026,POS,4,-4,224,0,BREAK,UP,54043,3,17,24
2026-08-04 09:33:08,PWM,PriorWeek,54026,POS,5,-4,222,0,BREAK,DOWN,54009,5,32,17
2026-08-04 09:34:10,R2,Session,53992,POS,5,-4,186,0,BREAK,UP,54043,4,51,12
2026-08-04 09:34:11,PWM,PriorWeek,54026,POS,6,-4,236,0,BREAK,UP,54047,1,21,12
2026-08-04 09:40:13,R2,Session,53992,POS,6,4,186,0,BREAK,DOWN,53977,4,30,15
2026-08-04 09:50:05,PWC,PriorWeek,53807,POS,2,-4,2,0,BREAK,UP,53867,2,60,3
2026-08-04 10:00:49,PWC,PriorWeek,53807,POS,3,-4,2,0,BREAK,UP,53871,1,64,1
2026-08-04 10:16:09,R2,Session,53992,POS,7,4,184,1,BREAK,UP,54007,4,15,30
2026-08-04 10:17:44,PWM,PriorWeek,54026,POS,7,4,216,1,BREAK,UP,54043,5,17,32
2026-08-04 10:21:50,PWM,PriorWeek,54026,POS,8,-18,190,1,BREAK,DOWN,53993,1,0,33
2026-08-04 10:22:01,R2,Session,53992,POS,8,-20.67,186,0,BREAK,DOWN,53977,4,30,15
2026-08-04 10:38:19,R2,Session,53992,POS,9,4,184,1,BREAK,UP,54007,4,15,30
2026-08-04 10:45:19,R2,Session,53992,POS,10,4,232,0,BREAK,UP,54043,1,51,0
2026-08-04 10:45:19,PWM,PriorWeek,54026,POS,9,4,216,1,BREAK,UP,54043,5,17,43
2026-08-04 11:48:26,R3,Session,54204,POS,1,4,396,1,BREAK,UP,54219,4,15,30
2026-08-04 11:54:15,R3,Session,54204,POS,2,4,386,1,BREAK,DOWN,54189,1,18,15
2026-08-04 13:15:01,PWH,PriorWeek,54336,POS,1,4,528,1,BREAK,UP,54351,4,15,38
2026-08-04 13:22:55,PWH,PriorWeek,54336,POS,2,-18,502,1,BREAK,DOWN,54305,1,2,31
2026-08-04 14:00:25,PWH,PriorWeek,54336,POS,3,-4,530,0,BREAK,DOWN,54321,4,30,15
2026-08-04 15:00:34,PWH,PriorWeek,54336,POS,4,-4,540,0,BREAK,UP,54351,1,15,18
2026-08-04 15:53:52,PWH,PriorWeek,54336,POS,5,-20.67,506,1,BREAK,DOWN,54309,1,6,27
2026-08-04 16:01:01,PWH,PriorWeek,54336,POS,6,4,528,1,BREAK,UP,54351,4,15,30
2026-08-04 16:01:12,PWH,PriorWeek,54336,POS,7,4,518,1,BREAK,DOWN,54321,1,18,15
2026-08-06 10:48:11,PWH,PriorWeek,54336,POS,1,-4,530,0,BREAK,DOWN,54321,4,30,15
2026-08-06 11:19:59,R3,Session,54204,POS,1,-4,398,0,BREAK,DOWN,54189,4,30,15
2026-08-06 13:30:06,PWM,PriorWeek,54026,POS,1,-4,222,0,BREAK,DOWN,54009,5,32,17
2026-08-06 15:33:44,PWM,PriorWeek,54026,POS,2,-23.33,222,0,BREAK,DOWN,54009,5,32,17
2026-08-06 15:42:50,R2,Session,53992,POS,1,-4,186,0,BREAK,DOWN,53977,4,30,15
2026-08-06 16:27:33,PWM,PriorWeek,54026,POS,3,-4,220,0,BREAK,DOWN,53977,4,15,49
2026-08-06 16:27:34,R2,Session,53992,POS,2,4,170,1,BREAK,DOWN,53973,1,14,19
2026-08-06 18:00:20,PWM,PriorWeek,54026,POS,4,26.33,221,0,BREAK,DOWN,54008,5,31,18
2026-08-06 20:15:32,R2,Session,53992,POS,3,-4,185,1,BREAK,DOWN,53976,4,38,16
2026-08-07 05:25:44,R2,Session,53992,POS,1,4,183,1,BREAK,UP,54010,5,18,56
2026-08-07 06:30:00,PWM,PriorWeek,54026,POS,1,4,219,1,BREAK,UP,54042,4,16,29
2026-08-07 09:01:23,R3,Session,54204,POS,1,4,329,1,BREAK,DOWN,54132,1,0,72
2026-08-07 09:30:08,PWM,PriorWeek,54026,POS,2,-4,221,0,BREAK,UP,54074,5,48,17
2026-08-07 09:32:38,R2,Session,53992,POS,2,-4,185,1,BREAK,DOWN,53976,4,29,16
2026-08-07 09:37:13,R2,Session,53992,POS,3,4,183,1,BREAK,UP,54010,5,18,31
2026-08-07 09:37:46,PWM,PriorWeek,54026,POS,3,4,219,1,BREAK,UP,54042,4,16,29
2026-08-07 10:16:30,PWM,PriorWeek,54026,POS,4,-4,221,0,BREAK,UP,54074,5,48,15
2026-08-07 12:26:47,PWM,PriorWeek,54026,POS,5,-4,221,0,BREAK,DOWN,54008,5,31,18
2026-08-07 15:00:00,PWM,PriorWeek,54026,POS,6,-4,221,0,BREAK,UP,54078,4,52,14
2026-08-10 09:22:38,PWM,PriorWeek,54026,POS,1,-4,221,0,BREAK,DOWN,54008,5,56,18
2026-08-10 09:30:00,R2,Session,53992,POS,1,-4,185,1,BREAK,UP,54046,3,54,9
2026-08-10 09:30:00,PWM,PriorWeek,54026,POS,2,-4,239,0,BREAK,UP,54050,1,24,9
2026-08-10 09:38:09,PWM,PriorWeek,54026,POS,3,-4,221,0,BREAK,UP,54086,2,60,4
2026-08-10 09:48:23,PWM,PriorWeek,54026,POS,4,-4,221,0,BREAK,DOWN,54008,5,31,18
2026-08-10 09:51:25,R2,Session,53992,POS,2,-4,185,1,BREAK,DOWN,53976,4,29,16
2026-08-10 09:53:10,PWM,PriorWeek,54026,POS,5,-4,223,0,BREAK,UP,54042,3,16,25
2026-08-10 10:07:10,PWM,PriorWeek,54026,POS,6,4,221,0,BREAK,DOWN,54008,5,31,18
2026-08-10 10:18:42,R2,Session,53992,POS,3,-4,185,1,BREAK,UP,54054,1,62,2
2026-08-10 10:19:04,PWM,PriorWeek,54026,POS,7,20.67,255,0,BREAK,UP,54066,1,40,0
2026-08-10 12:32:00,PWM,PriorWeek,54026,POS,8,-4,221,0,BREAK,DOWN,54008,5,39,18
2026-08-10 12:32:00,R2,Session,53992,POS,4,-4,185,1,BREAK,DOWN,53976,4,29,16
2026-08-10 12:32:45,R2,Session,53992,POS,5,20.67,219,0,BREAK,UP,54030,1,38,0
2026-08-10 12:35:21,PWM,PriorWeek,54026,POS,9,20.67,219,1,BREAK,UP,54042,4,16,29
2026-08-10 14:18:53,R2,Session,53992,POS,6,-23.33,177,1,BREAK,DOWN,53976,2,29,16
2026-08-10 15:59:26,PWM,PriorWeek,54026,POS,10,18,219,1,BREAK,UP,54042,4,16,29
2026-08-10 18:00:01,PWM,PriorWeek,54026,POS,11,4,254,0,BREAK,UP,54053,1,27,0
2026-08-11 00:00:47,PWM,PriorWeek,54026,POS,1,-4,254,0,BREAK,UP,54065,1,39,0
2026-08-11 02:32:17,PWM,PriorWeek,54026,POS,2,-4,188,1,BREAK,DOWN,53991,1,0,35
2026-08-11 02:33:20,R2,Session,53992,POS,1,-4,188,0,BREAK,DOWN,53975,5,32,17
2026-08-11 03:00:00,R2,Session,53992,POS,2,-4,206,0,BREAK,UP,54017,1,25,8
2026-08-11 03:01:56,PWM,PriorWeek,54026,POS,3,23.33,218,1,BREAK,UP,54041,4,15,30
2026-08-11 06:28:17,PWM,PriorWeek,54026,POS,4,4,242,0,BREAK,UP,54053,1,27,6
2026-08-11 09:31:30,R3,Session,54204,POS,1,4,394,1,BREAK,DOWN,54151,4,12,53
2026-08-11 09:36:10,R3,Session,54204,POS,2,4,394,1,BREAK,UP,54221,5,17,32
2026-08-11 09:43:10,R3,Session,54204,POS,3,4,388,1,BREAK,UP,54257,1,53,11
2026-08-11 10:00:01,PWH,PriorWeek,54336,POS,1,4,526,1,BREAK,DOWN,54271,1,0,65
2026-08-11 10:06:02,R3,Session,54204,POS,4,-4,400,0,BREAK,DOWN,54187,5,32,17
2026-08-11 11:37:59,PWM,PriorWeek,54026,POS,5,-4,220,0,BREAK,DOWN,54011,4,45,15
2026-08-11 13:12:06,R2,Session,53992,POS,3,-4,188,0,BREAK,DOWN,53975,5,32,17
2026-08-12 08:26:18,R2,Session,53992,POS,1,4,184,1,BREAK,UP,54007,4,15,43
2026-08-12 08:29:22,PWM,PriorWeek,54026,POS,1,4,216,1,BREAK,UP,54043,5,17,32
2026-08-12 08:30:04,PWM,PriorWeek,54026,POS,2,-4,222,0,BREAK,DOWN,54009,5,32,17
2026-08-12 08:30:04,R2,Session,53992,POS,2,-4,186,0,BREAK,DOWN,53977,4,30,15
2026-08-12 08:30:04,PWM,PriorWeek,54026,POS,3,-4,158,1,BREAK,DOWN,53961,1,0,65
2026-08-12 08:30:05,R2,Session,53992,POS,3,-4,200,0,BREAK,UP,54011,1,19,14
2026-08-12 08:30:05,PWM,PriorWeek,54026,POS,4,4,224,0,BREAK,UP,54043,3,17,56
2026-08-12 08:30:07,R2,Session,53992,POS,4,-20.67,166,1,BREAK,DOWN,53969,1,10,23
2026-08-12 08:30:10,R2,Session,53992,POS,5,20.67,184,1,BREAK,UP,54007,4,15,30
2026-08-12 08:32:54,R2,Session,53992,POS,6,4,216,0,BREAK,UP,54027,1,35,0
2026-08-12 08:34:30,PWM,PriorWeek,54026,POS,5,4,216,1,BREAK,UP,54043,5,17,32
2026-08-12 09:30:20,PWM,PriorWeek,54026,POS,6,4,214,1,BREAK,DOWN,54009,3,24,17
2026-08-12 09:30:43,R2,Session,53992,POS,7,-4,186,0,BREAK,DOWN,53977,4,30,15
2026-08-12 09:35:42,R2,Session,53992,POS,8,4,184,1,BREAK,UP,54007,4,15,33
2026-08-12 09:44:26,PWM,PriorWeek,54026,POS,7,4,216,1,BREAK,DOWN,53965,2,2,61
2026-08-12 09:44:47,R2,Session,53992,POS,9,-20.67,150,1,BREAK,DOWN,53953,1,0,39
2026-08-12 09:52:45,R2,Session,53992,POS,10,4,184,1,BREAK,DOWN,53929,1,0,63
2026-08-13 01:04:44,PWC,PriorWeek,53807,POS,1,-4,2,0,BREAK,UP,53867,2,60,4
2026-08-13 01:35:03,PWC,PriorWeek,53807,POS,1,-4,60,0,BREAK,UP,53871,1,64,0
2026-08-13 05:17:28,R2,Session,53992,POS,1,4,184,1,BREAK,UP,54007,4,15,30
2026-08-13 07:46:01,PWM,PriorWeek,54026,POS,1,4,216,1,BREAK,UP,54043,5,17,32
2026-08-13 08:30:00,R2,Session,53992,POS,2,4,174,1,BREAK,UP,54043,1,51,12
2026-08-13 08:48:45,PWM,PriorWeek,54026,POS,2,-4,236,0,BREAK,UP,54047,1,21,12
2026-08-13 09:31:08,R2,Session,53992,POS,3,-23.33,186,0,BREAK,UP,54043,4,51,12
2026-08-13 09:31:11,PWM,PriorWeek,54026,POS,3,-4,236,0,BREAK,UP,54047,1,21,12
2026-08-13 09:32:20,PWM,PriorWeek,54026,POS,4,-20.67,202,1,BREAK,DOWN,54005,1,12,21
2026-08-13 09:33:23,R2,Session,53992,POS,4,-4,186,0,BREAK,DOWN,53977,4,30,15
2026-08-13 09:39:44,R2,Session,53992,POS,5,-4,204,0,BREAK,UP,54015,1,23,10
2026-08-13 09:45:12,PWM,PriorWeek,54026,POS,5,23.33,216,1,BREAK,DOWN,53977,5,16,49
2026-08-13 09:50:00,R2,Session,53992,POS,6,4,182,1,BREAK,DOWN,53977,3,26,15
2026-08-13 09:56:40,R2,Session,53992,POS,7,-4,192,0,BREAK,UP,54007,2,15,22
2026-08-13 10:00:54,PWM,PriorWeek,54026,POS,6,4,216,1,BREAK,UP,54043,5,17,32
2026-08-13 10:17:13,PWM,PriorWeek,54026,POS,7,-4,222,0,BREAK,DOWN,54009,5,32,17
2026-08-13 10:44:48,PWM,PriorWeek,54026,POS,8,-4,222,0,BREAK,DOWN,54009,5,32,17
2026-08-13 10:47:27,R2,Session,53992,POS,8,-4,186,0,BREAK,DOWN,53977,4,30,15
2026-08-13 11:23:51,PWC,PriorWeek,53807,POS,2,-4,2,0,BREAK,DOWN,53789,5,31,18
2026-08-13 11:28:33,R1,Session,53761,POS,1,-4,-46,1,BREAK,DOWN,53745,4,29,16
2026-08-13 11:32:42,PWL,PriorWeek,53715,POS,1,-4,-90,0,BREAK,UP,53779,1,64,0
2026-08-13 11:33:18,R1,Session,53761,POS,2,-4,-28,0,BREAK,UP,53783,1,22,11
2026-08-13 12:33:27,PWC,PriorWeek,53807,POS,3,4,0,1,BREAK,UP,53823,4,16,53
2026-08-13 14:04:08,PWC,PriorWeek,53807,POS,4,4,56,0,BREAK,UP,53867,1,60,0
2026-08-14 02:08:07,R2,Session,53992,POS,9,18,184,1,BREAK,DOWN,53933,2,7,59
2026-08-14 02:08:46,R2,Session,53992,POS,1,23.33,126,1,BREAK,DOWN,53929,1,0,63
2026-08-14 07:39:10,PWC,PriorWeek,53807,POS,1,-4,2,0,BREAK,UP,53863,3,56,9
2026-08-14 08:21:43,PWC,PriorWeek,53807,POS,2,-4,-14,1,BREAK,UP,53855,1,48,16
2026-08-14 09:30:35,PWC,PriorWeek,53807,POS,3,-23.33,2,0,BREAK,DOWN,53789,5,31,18
2026-08-14 09:31:53,R1,Session,53761,POS,1,-4,-46,1,BREAK,UP,53823,1,62,4
2026-08-14 09:32:03,PWC,PriorWeek,53807,POS,4,-4,16,0,BREAK,UP,53827,1,20,13
2026-08-14 11:41:08,PWC,PriorWeek,53807,POS,5,-4,2,0,BREAK,DOWN,53789,5,53,18
2026-08-14 12:39:45,R1,Session,53761,POS,2,-4,-46,1,BREAK,UP,53819,2,58,5
2026-08-14 12:58:19,PWC,PriorWeek,53807,POS,6,-4,12,0,BREAK,DOWN,53757,1,14,50
2026-08-14 14:13:13,PWC,PriorWeek,53807,POS,7,4,36,0,BREAK,UP,53847,1,40,0
2026-08-14 15:55:27,PWC,PriorWeek,53807,POS,8,-23.33,2,0,BREAK,DOWN,53789,5,31,18
2026-08-17 02:02:56,R1,Session,53761,POS,1,-5.67,-47,1,BREAK,UP,53776,4,15,30
2026-08-17 04:24:26,PWL,PriorWeek,53715,POS,1,-20.67,-89,0,BREAK,DOWN,53698,5,32,17
2026-08-17 06:29:46,R1,Session,53761,POS,2,18,-47,1,BREAK,UP,53776,4,15,30
2026-08-17 06:35:11,PWC,PriorWeek,53807,POS,1,4,-3,1,BREAK,DOWN,53742,1,0,65
2026-08-17 06:35:11,R1,Session,53761,POS,3,4,-65,1,BREAK,DOWN,53738,1,10,23
2026-08-17 07:47:05,PWL,PriorWeek,53715,POS,2,-4,-89,0,BREAK,DOWN,53698,5,32,17
2026-08-17 08:26:35,PMH,PriorMonth,53656,POS,1,-4,-149,0,BREAK,DOWN,53638,5,31,18
2026-08-17 09:29:06,ONH,Overnight,53589,POS,1,-4,-217,0,BREAK,DOWN,53574,4,47,15
2026-08-17 09:30:08,PMH,PriorMonth,53656,POS,2,4,-151,1,BREAK,UP,53672,4,16,29
2026-08-17 09:39:06,ONH,Overnight,53589,POS,2,-4,-217,0,BREAK,UP,53640,4,51,14
2026-08-17 09:42:52,PMH,PriorMonth,53656,POS,3,4,-151,1,BREAK,UP,53672,4,16,56
2026-08-20 21:53:54,S3,Session,52875,POS,1,-4,-963,1,BREAK,DOWN,52840,1,0,35
